model,model_display,prompt_idx,temperature,n_trials,raw_ndcg@10_mean,raw_ndcg@10_std,strict_ndcg@10_mean,strict_ndcg@10_std,candidate_valid_rate@10_mean,raw_jaccard_distance@10,strict_jaccard_distance@10,raw_list_position_distance@10,strict_list_position_distance@10,raw_exact_list_agreement@10,strict_exact_list_agreement@10,raw_item_coverage@10,raw_unique_items@10,raw_avg_popularity@10,raw_catalog_match_rate@10,strict_item_coverage@10,strict_unique_items@10,strict_avg_popularity@10,strict_catalog_match_rate@10,raw_ndcg@10_cv,strict_ndcg@10_cv
Gemma-2-9B,Gemma-2-9B,83,0.0,20,0.31546487678572877,0.0,0.3562071871080221,5.695323946259567e-17,0.8000000000000002,0.0,0.0,0.0,0.0,1.0,1.0,0.0011554015020219526,8.0,11.25,0.8000000000000002,0.0008665511265164644,6.0,8.5,0.5999999999999999,0.0,1.5988795713244335e-16
Gemma-2-9B,Gemma-2-9B,83,0.5,20,0.13846407639007524,0.17501739300202676,0.18238476811915522,0.2360460620355502,0.715,0.5613636170331217,0.6507811340706078,0.7715789473684211,0.6578947368421052,0.0,0.0,0.003755054881571346,26.0,43.389900793650796,0.8400000000000001,0.0033217793183131137,23.0,13.868869047619047,0.5849999999999999,1.2639913367058113,1.2942202601115083
Gemma-2-9B,Gemma-2-9B,83,1.0,20,0.13697239509539033,0.17344107610945772,0.1853618592752875,0.24437634565164426,0.71,0.6936705178749337,0.7887848847059373,0.8710526315789474,0.728421052631579,0.0,0.0,0.005921432697862507,41.0,47.378531746031754,0.85,0.005199306759098787,36.0,17.941964285714285,0.595,1.2662483998229705,1.3183744844116623
Gemma-2-9B,Gemma-2-9B,83,2.0,20,0.06934264036172708,0.23547120273350766,0.06934264036172708,0.23547120273350766,0.2,0.974542515154174,0.82207545378598,0.916842105263158,0.3263157894736843,0.0,0.14736842105263157,0.003610629693818602,25.0,37.301275510204086,0.25,0.0030329289428076256,21.0,13.294805194805194,0.17500000000000002,3.3957634365401734,3.3957634365401734
Gemma-2-9B,Gemma-2-9B,86,0.0,20,0.0,0.0,0.0,0.0,1.0,0.06124401913875596,0.06124401913875596,0.03368421052631579,0.03368421052631579,0.6631578947368421,0.6631578947368421,0.0012998266897746968,9.0,21.53333333333334,0.8200000000000001,0.0012998266897746968,9.0,21.53333333333334,0.8200000000000001,,
Gemma-2-9B,Gemma-2-9B,86,0.5,20,0.0,0.0,0.0,0.0,0.97,0.707755434619334,0.6998792728870536,0.8073684210526317,0.8031578947368422,0.0,0.0,0.004766031195840554,33.0,18.415218253968256,0.8400000000000001,0.004188330444829578,29.0,18.087718253968255,0.82,,
Gemma-2-9B,Gemma-2-9B,86,1.0,20,0.0,0.0,0.0,0.0,0.805,0.8595409295997938,0.8384723272626565,0.9326315789473687,0.8642105263157895,0.0,0.0,0.0085210860774119,59.0,22.30910714285714,0.76,0.005632582322357019,39.0,20.295238095238094,0.655,,
Gemma-2-9B,Gemma-2-9B,86,2.0,20,0.0,0.0,0.0,0.0,0.09000000000000001,0.9964808783091332,0.7570175438596491,0.868421052631579,0.1505263157894737,0.0,0.23684210526315788,0.002166377816291161,15.0,9.768518518518519,0.085,0.001877527440785673,13.0,9.981481481481481,0.07500000000000001,,
Gemma-2-9B,Gemma-2-9B,92,0.0,20,0.0,0.0,0.0,0.0,0.8400000000000001,0.11228070175438598,0.06736842105263156,0.16842105263157894,0.16842105263157894,0.6631578947368421,0.6631578947368421,0.0015886770652801848,11.0,38.09777777777778,0.9199999999999999,0.0014442518775274408,10.0,39.42,0.8400000000000001,,
Gemma-2-9B,Gemma-2-9B,92,0.5,20,0.0,0.0,0.0,0.0,0.9099999999999999,0.612898019593066,0.5840169479643164,0.8094736842105263,0.7689473684210526,0.0,0.0,0.004188330444829578,29.0,26.94611111111111,0.96,0.003755054881571346,26.0,24.62593253968254,0.9,,
Gemma-2-9B,Gemma-2-9B,92,1.0,20,0.0,0.0,0.0,0.0,0.905,0.8047109507912833,0.792542847521461,0.8910526315789475,0.8668421052631581,0.0,0.0,0.007221259387637204,50.0,28.361111111111114,0.9049999999999999,0.006499133448873483,45.0,27.252777777777784,0.865,,
Gemma-2-9B,Gemma-2-9B,92,2.0,20,0.0,0.0,0.0,0.0,0.23999999999999994,0.9877587432799672,0.9592414748993697,0.9473684210526315,0.33157894736842114,0.0,0.005263157894736842,0.004477180820335066,31.0,11.486134453781514,0.23499999999999996,0.004188330444829578,29.0,10.883193277310925,0.22499999999999995,,
Gemma-2-9B,Gemma-2-9B,126,0.0,20,0.0,0.0,0.0,0.0,0.6999999999999998,0.06124401913875596,0.08421052631578947,0.06736842105263158,0.06736842105263158,0.6631578947368421,0.6631578947368421,0.0015886770652801848,11.0,32.760000000000005,1.0,0.0011554015020219526,8.0,16.514285714285712,0.6999999999999998,,
Gemma-2-9B,Gemma-2-9B,126,0.5,20,0.0,0.0,0.0,0.0,0.6799999999999999,0.5424849188750526,0.6454922854922855,0.6373684210526316,0.6026315789473684,0.0,0.0,0.003755054881571346,26.0,31.672361111111105,0.9049999999999999,0.0033217793183131137,23.0,16.433690476190474,0.635,,
Gemma-2-9B,Gemma-2-9B,126,1.0,20,0.0,0.0,0.0,0.0,0.71,0.7845743921902877,0.8424776079613541,0.8947368421052632,0.7673684210526316,0.0,0.0,0.006643558636626227,46.0,37.07799603174603,0.9049999999999999,0.005777007510109763,40.0,25.15748015873016,0.675,,
Gemma-2-9B,Gemma-2-9B,126,2.0,20,0.0,0.0,0.0,0.0,0.14,0.9849403267237715,0.8927568922305765,0.926842105263158,0.21315789473684213,0.0,0.08947368421052632,0.0034662045060658577,24.0,27.985863095238095,0.17,0.002455228191796649,17.0,18.87777777777778,0.12500000000000003,,
Gemma-2-9B,Gemma-2-9B,181,0.0,20,0.0,0.0,0.0,0.0,0.4000000000000001,0.0,0.0,0.0,0.0,1.0,1.0,0.0014442518775274408,10.0,32.10000000000001,1.0,0.0005777007510109763,4.0,1.5,0.4000000000000001,,
Gemma-2-9B,Gemma-2-9B,181,0.5,20,0.0,0.0,0.0,0.0,0.38000000000000006,0.18059659638607006,0.2796491228070175,0.4426315789473684,0.16999999999999998,0.3473684210526316,0.3526315789473684,0.002021952628538417,14.0,33.67861111111112,0.9650000000000001,0.0011554015020219526,8.0,2.7708333333333335,0.38000000000000006,,
Gemma-2-9B,Gemma-2-9B,181,1.0,20,0.0,0.0,0.0,0.0,0.36500000000000005,0.5909162573752357,0.8897214627477786,0.8752631578947369,0.4557894736842105,0.0,0.005263157894736842,0.005632582322357019,39.0,38.48194444444445,0.8800000000000001,0.00462160600808781,32.0,14.769973544973546,0.35,,
Gemma-2-9B,Gemma-2-9B,181,2.0,20,0.0,0.0,0.0,0.0,0.145,0.9789902155129464,0.8559440267335003,0.8994736842105263,0.22894736842105262,0.0,0.12105263157894737,0.0031773541305603697,22.0,30.821568627450983,0.25,0.002310803004043905,16.0,11.284615384615384,0.135,,
Gemma-2-9B,Gemma-2-9B,197,0.0,20,0.0,0.0,0.0,0.0,1.0,0.0,0.0,0.0,0.0,1.0,1.0,0.0012998266897746968,9.0,29.222222222222218,0.8999999999999998,0.0012998266897746968,9.0,29.222222222222218,0.8999999999999998,,
Gemma-2-9B,Gemma-2-9B,197,0.5,20,0.0,0.0,0.0,0.0,0.985,0.54257795008569,0.5338712049044867,0.8131578947368423,0.81,0.0,0.0,0.004043905257076834,28.0,28.20444444444444,0.9649999999999999,0.00389948006932409,27.0,28.35027777777778,0.9599999999999997,,
Gemma-2-9B,Gemma-2-9B,197,1.0,20,0.0,0.0,0.0,0.0,0.9099999999999999,0.710535348950291,0.6768828449672104,0.9415789473684212,0.8984210526315789,0.0,0.0,0.005632582322357019,39.0,29.750436507936506,0.8799999999999999,0.004910456383593298,34.0,28.902321428571433,0.845,,
Gemma-2-9B,Gemma-2-9B,197,2.0,20,0.0,0.0,0.0,0.0,0.17500000000000002,0.9875069616531243,0.8305367585630743,0.9521052631578946,0.2847368421052632,0.0,0.15263157894736842,0.0034662045060658577,24.0,34.09569597069597,0.18500000000000003,0.0031773541305603697,22.0,16.82986111111111,0.17500000000000002,,
Gemma-2-9B,Gemma-2-9B,367,0.0,20,0.0,0.0,0.0,0.0,0.8999999999999998,0.11228070175438598,0.12248803827751197,0.13473684210526315,0.13473684210526315,0.6631578947368421,0.6631578947368421,0.0011554015020219526,8.0,4.885714285714286,0.6199999999999999,0.0011554015020219526,8.0,4.885714285714286,0.6199999999999999,,
Gemma-2-9B,Gemma-2-9B,367,0.5,20,0.0,0.0,0.0,0.0,0.9299999999999999,0.40933645302066357,0.3882184774290037,0.6257894736842106,0.5831578947368422,0.0,0.0,0.0025996533795493936,18.0,5.144345238095237,0.6449999999999999,0.0025996533795493936,18.0,5.144345238095237,0.6449999999999999,,
Gemma-2-9B,Gemma-2-9B,367,1.0,20,0.0,0.0,0.0,0.0,0.9099999999999998,0.5262022188337978,0.4769068650647597,0.7236842105263158,0.6815789473684211,0.0,0.0,0.00462160600808781,32.0,5.381726190476191,0.6249999999999999,0.004043905257076834,28.0,5.11452380952381,0.6049999999999999,,
Gemma-2-9B,Gemma-2-9B,367,2.0,20,0.0,0.0,0.0,0.0,0.215,0.9635821693966962,0.8042543859649123,0.9331578947368423,0.28578947368421054,0.0,0.08421052631578947,0.002455228191796649,17.0,18.240000000000002,0.11000000000000001,0.002310803004043905,16.0,17.54,0.10500000000000001,,
Gemma-2-9B,Gemma-2-9B,400,0.0,20,0.0,0.0,0.0,0.0,0.8000000000000002,0.0,0.0,0.06736842105263158,0.0,0.6631578947368421,1.0,0.0014442518775274408,10.0,29.200000000000006,1.0,0.0011554015020219526,8.0,23.875,0.8000000000000002,,
Gemma-2-9B,Gemma-2-9B,400,0.5,20,0.019447904718402714,0.05994555965600423,0.022079005517889116,0.0681659236112899,0.805,0.41268205478731795,0.4228495919285393,0.7168421052631578,0.5994736842105263,0.0,0.0,0.0027440785673021376,19.0,32.11638888888889,0.9199999999999999,0.002455228191796649,17.0,27.852916666666676,0.75,3.0823659681590447,3.0873638559517405
Gemma-2-9B,Gemma-2-9B,400,1.0,20,0.01092037184090821,0.04883738755169056,0.011859885638464811,0.05303902098596162,0.6900000000000001,0.7674075058611478,0.7535183822025927,0.9347368421052633,0.7742105263157895,0.0,0.005263157894736842,0.005921432697862507,41.0,26.30170634920635,0.76,0.005199306759098787,36.0,24.318888888888893,0.65,4.4721359549995805,4.472135954999579
Gemma-2-9B,Gemma-2-9B,400,2.0,20,0.0,0.0,0.0,0.0,0.19,0.9671540984136714,0.8067230576441102,0.926842105263158,0.28315789473684216,0.0,0.12105263157894737,0.0025996533795493936,18.0,16.847777777777775,0.195,0.002021952628538417,14.0,17.887179487179488,0.165,,
Gemma-2-9B,Gemma-2-9B,421,0.0,20,0.0,0.0,0.0,0.0,0.8999999999999998,0.0,0.0,0.0,0.0,1.0,1.0,0.0012998266897746968,9.0,10.444444444444446,0.8999999999999998,0.0012998266897746968,9.0,10.444444444444446,0.8999999999999998,,
Gemma-2-9B,Gemma-2-9B,421,0.5,20,0.0,0.0,0.0,0.0,0.8999999999999998,0.49167890932596814,0.4317453672058935,0.7031578947368419,0.6436842105263159,0.005263157894736842,0.005263157894736842,0.003755054881571346,26.0,13.734662698412697,0.9299999999999997,0.0034662045060658577,24.0,11.164900793650796,0.8949999999999999,,
Gemma-2-9B,Gemma-2-9B,421,1.0,20,0.0,0.0,0.0,0.0,0.835,0.7347983059975891,0.706165392485052,0.8142105263157894,0.7342105263157894,0.0,0.0,0.006065857885615251,42.0,15.725853174603177,0.8699999999999999,0.005777007510109763,40.0,11.79420634920635,0.8200000000000001,,
Gemma-2-9B,Gemma-2-9B,421,2.0,20,0.0,0.0,0.0,0.0,0.25,0.9350976105078272,0.7735150375939849,0.9226315789473685,0.28052631578947373,0.0,0.021052631578947368,0.003755054881571346,26.0,9.382456140350877,0.27499999999999997,0.0033217793183131137,23.0,8.27017543859649,0.25,,
Gemma-2-9B,Gemma-2-9B,427,0.0,20,0.0,0.0,0.0,0.0,0.8000000000000002,0.0,0.0,0.0,0.0,1.0,1.0,0.0011554015020219526,8.0,14.5,0.8000000000000002,0.0011554015020219526,8.0,14.5,0.8000000000000002,,
Gemma-2-9B,Gemma-2-9B,427,0.5,20,0.0,0.0,0.0,0.0,0.805,0.628543593918981,0.6627333923386556,0.7778947368421053,0.7136842105263158,0.0,0.0,0.004910456383593298,34.0,19.054126984126988,0.8200000000000001,0.004766031195840554,33.0,17.290079365079364,0.8000000000000002,,
Gemma-2-9B,Gemma-2-9B,427,1.0,20,0.0,0.0,0.0,0.0,0.8149999999999998,0.8133640936309178,0.8306830420181813,0.8973684210526319,0.8331578947368423,0.0,0.0,0.007654534950895436,53.0,15.741190476190477,0.8150000000000001,0.006932409012131715,48.0,13.818928571428572,0.78,,
Gemma-2-9B,Gemma-2-9B,427,2.0,20,0.0,0.0,0.0,0.0,0.26,0.9788367402472421,0.8954758107389686,0.91,0.38473684210526315,0.0,0.07894736842105263,0.005343731946851531,37.0,22.55654761904762,0.30500000000000005,0.004332755632582322,30.0,20.91462585034014,0.255,,
Gemma-2-9B,Gemma-2-9B,442,0.0,20,0.0,0.0,0.0,0.0,0.8999999999999998,0.0,0.0,0.0,0.0,1.0,1.0,0.0012998266897746968,9.0,24.444444444444446,0.8999999999999998,0.0012998266897746968,9.0,24.444444444444446,0.8999999999999998,,
Gemma-2-9B,Gemma-2-9B,442,0.5,20,0.0,0.0,0.0,0.0,0.8699999999999999,0.6109994807348971,0.6150132817818577,0.7247368421052631,0.6378947368421052,0.0,0.0,0.004910456383593298,34.0,24.23986111111111,0.8949999999999999,0.004766031195840554,33.0,24.340277777777775,0.85,,
Gemma-2-9B,Gemma-2-9B,442,1.0,20,0.0,0.0,0.0,0.0,0.825,0.7692073420034965,0.7764593980151256,0.8878947368421055,0.8257894736842107,0.0,0.0,0.006499133448873483,45.0,18.603948412698415,0.835,0.006354708261120739,44.0,18.34920634920635,0.7950000000000002,,
Gemma-2-9B,Gemma-2-9B,442,2.0,20,0.0,0.0,0.0,0.0,0.16999999999999998,0.9942436134195137,0.707328548644338,0.9526315789473684,0.29157894736842105,0.0,0.2894736842105263,0.00389948006932409,27.0,10.741666666666667,0.16,0.00389948006932409,27.0,10.741666666666667,0.16,,
Gemma-2-9B,Gemma-2-9B,445,0.0,20,0.0,0.0,0.0,0.0,0.5999999999999999,0.0,0.0,0.0,0.0,1.0,1.0,0.0010109763142692085,7.0,39.42857142857143,0.6999999999999998,0.0007221259387637204,5.0,30.0,0.5,,
Gemma-2-9B,Gemma-2-9B,445,0.5,20,0.0,0.0,0.0,0.0,0.645,0.5542797295583674,0.5231798464693201,0.8,0.6163157894736842,0.0,0.0,0.004043905257076834,28.0,31.013472222222227,0.85,0.002310803004043905,16.0,23.312123015873016,0.605,,
Gemma-2-9B,Gemma-2-9B,445,1.0,20,0.0,0.0,0.0,0.0,0.5999999999999999,0.771891545665784,0.7562626700784596,0.9247368421052633,0.6815789473684211,0.0,0.005263157894736842,0.006065857885615251,42.0,29.73441938178781,0.73,0.004477180820335066,31.0,24.08447971781305,0.565,,
Gemma-2-9B,Gemma-2-9B,445,2.0,20,0.0,0.0,0.0,0.0,0.13000000000000003,0.991510847502578,0.8588972431077695,0.9436842105263159,0.20052631578947366,0.0,0.11578947368421053,0.0030329289428076256,21.0,20.90051020408163,0.155,0.002310803004043905,16.0,16.21153846153846,0.12500000000000003,,
Gemma-2-9B,Gemma-2-9B,495,0.0,20,0.0,0.0,0.0,0.0,0.8999999999999998,0.0,0.0,0.0,0.0,1.0,1.0,0.0014442518775274408,10.0,13.300000000000002,1.0,0.0012998266897746968,9.0,12.444444444444446,0.8999999999999998,,
Gemma-2-9B,Gemma-2-9B,495,0.5,20,0.08318724637288824,0.10551184751747347,0.0,0.0,0.705,0.7144884255932,0.698545066045066,0.8136842105263159,0.6868421052631579,0.005263157894736842,0.005263157894736842,0.004766031195840554,33.0,28.752063492063495,0.875,0.004043905257076834,28.0,26.120059523809523,0.7,1.2683656704360045,
Gemma-2-9B,Gemma-2-9B,495,1.0,20,0.07342774512308571,0.13695742155160048,0.0,0.0,0.6650000000000001,0.8301542113400516,0.8393037715638335,0.9347368421052633,0.7563157894736842,0.0,0.0,0.006643558636626227,46.0,28.88310359231412,0.7300000000000001,0.006210283073367995,43.0,29.09655388471178,0.645,1.8651998821701665,
Gemma-2-9B,Gemma-2-9B,495,2.0,20,0.06366824387328317,0.13476099597831745,0.0,0.0,0.15,0.9868674153729963,0.8416979949874687,0.9105263157894737,0.25000000000000006,0.0,0.14736842105263157,0.0034662045060658577,24.0,12.373299319727892,0.185,0.0031773541305603697,22.0,14.821428571428571,0.15,2.116612423715155,
Gemma-2-9B,Gemma-2-9B,506,0.0,20,1.0,0.0,1.0,0.0,0.8000000000000002,0.0,0.0,0.0,0.0,1.0,1.0,0.0012998266897746968,9.0,23.22222222222222,0.8999999999999998,0.0010109763142692085,7.0,28.428571428571427,0.6999999999999998,0.0,0.0
Gemma-2-9B,Gemma-2-9B,506,0.5,20,1.0,0.0,1.0,0.0,0.7750000000000001,0.572241904981843,0.5449807356386304,0.7510526315789473,0.626842105263158,0.0,0.0,0.004043905257076834,28.0,16.542182539682543,0.8099999999999999,0.0033217793183131137,23.0,17.986408730158733,0.7049999999999998,0.0,0.0
Gemma-2-9B,Gemma-2-9B,506,1.0,20,1.0,0.0,1.0,0.0,0.6900000000000001,0.7662561358444934,0.7549453917255774,0.8231578947368423,0.7015789473684211,0.0,0.0,0.006065857885615251,42.0,12.2453373015873,0.705,0.005488157134604275,38.0,13.22875,0.6049999999999999,0.0,0.0
Gemma-2-9B,Gemma-2-9B,506,2.0,20,0.4630929753571458,0.48704493639978813,0.4815464876785729,0.5005434918813297,0.12500000000000003,0.9609890893962917,0.7139954051796158,0.7278947368421052,0.19210526315789478,0.0,0.22105263157894736,0.002166377816291161,15.0,11.02930402930403,0.13,0.002021952628538417,14.0,11.761904761904761,0.12000000000000002,1.051721711010991,1.0394499901646819
Gemma-2-9B,Gemma-2-9B,515,0.0,20,0.0,0.0,0.0,0.0,0.8000000000000002,0.0,0.0,0.0,0.0,1.0,1.0,0.0012998266897746968,9.0,54.11111111111111,0.8999999999999998,0.0010109763142692085,7.0,42.57142857142857,0.6999999999999998,,
Gemma-2-9B,Gemma-2-9B,515,0.5,20,0.0,0.0,0.0,0.0,0.905,0.4069320153530679,0.3554882982514562,0.7394736842105263,0.7,0.0,0.0,0.0034662045060658577,24.0,42.84930555555555,0.8500000000000002,0.0030329289428076256,21.0,38.33343253968253,0.775,,
Gemma-2-9B,Gemma-2-9B,515,1.0,20,0.0,0.0,0.0,0.0,0.8300000000000001,0.6318260172331787,0.562817233935655,0.8910526315789475,0.7552631578947367,0.0,0.0,0.006065857885615251,42.0,34.861805555555556,0.7949999999999999,0.004910456383593298,34.0,30.827460317460314,0.715,,
Gemma-2-9B,Gemma-2-9B,515,2.0,20,0.0,0.0,0.0,0.0,0.22999999999999998,0.9767433786498477,0.9030093006408796,0.9131578947368423,0.3394736842105263,0.0,0.05263157894736842,0.003610629693818602,25.0,17.45277777777778,0.19000000000000003,0.0031773541305603697,22.0,13.67063492063492,0.17000000000000004,,
Gemma-2-9B,Gemma-2-9B,544,0.0,20,0.0,0.0,0.0,0.0,0.4000000000000001,0.0,0.0,0.0,0.0,1.0,1.0,0.0011554015020219526,8.0,56.125,0.8000000000000002,0.0004332755632582322,3.0,4.333333333333332,0.29999999999999993,,
Gemma-2-9B,Gemma-2-9B,544,0.5,20,0.0,0.0,0.0,0.0,0.6600000000000001,0.7476464218887225,0.7519520830047147,0.8689473684210528,0.7315789473684211,0.0,0.0,0.005343731946851531,37.0,44.68686507936508,0.86,0.003610629693818602,25.0,25.572698412698415,0.5599999999999999,,
Gemma-2-9B,Gemma-2-9B,544,1.0,20,0.0,0.0,0.0,0.0,0.7250000000000001,0.8362396751086258,0.8308835299547372,0.9347368421052633,0.8494736842105265,0.0,0.0,0.008232235701906412,57.0,41.48,0.82,0.006210283073367995,43.0,28.73360484544695,0.635,,
Gemma-2-9B,Gemma-2-9B,544,2.0,20,0.0,0.0,0.0,0.0,0.09000000000000001,0.9956455178491596,0.7037280701754385,0.9273684210526315,0.1563157894736842,0.0,0.29473684210526313,0.0027440785673021376,19.0,34.92727272727273,0.12000000000000002,0.0015886770652801848,11.0,23.8125,0.07000000000000002,,
Gemma-2-9B,Gemma-2-9B,636,0.0,20,0.6131471927654584,0.0,0.0,0.0,0.6999999999999998,0.11228070175438598,0.1497076023391813,0.10105263157894737,0.10105263157894737,0.6631578947368421,0.6631578947368421,0.0017331022530329288,12.0,31.74,1.0,0.0012998266897746968,9.0,33.057142857142864,0.6999999999999998,0.0,
Gemma-2-9B,Gemma-2-9B,636,0.5,20,0.5824898331271855,0.1371038803236732,0.0,0.0,0.7000000000000001,0.7728480678700655,0.8047588230482966,0.8336842105263159,0.7415789473684211,0.0,0.0,0.005777007510109763,40.0,23.899583333333332,0.85,0.004910456383593298,34.0,22.680868838763576,0.6649999999999999,0.2353755765789252,
Gemma-2-9B,Gemma-2-9B,636,1.0,20,0.5098603945740938,0.2254462633252251,0.0,0.0,0.35500000000000004,0.9134199308060723,0.8760328925460504,0.9094736842105263,0.5242105263157895,0.0,0.07894736842105263,0.007943385326400924,55.0,17.42128237259816,0.575,0.004910456383593298,34.0,13.923214285714284,0.32500000000000007,0.4421725353143955,
Gemma-2-9B,Gemma-2-9B,636,2.0,20,0.09197207891481876,0.22462497095922415,0.0,0.0,0.1,0.9859177253639124,0.7517543859649122,0.9089473684210527,0.16894736842105268,0.0,0.23684210526315788,0.0030329289428076256,21.0,15.76923076923077,0.14500000000000002,0.002021952628538417,14.0,6.033333333333333,0.09000000000000001,2.4423169902168214,
Gemma-2-9B,Gemma-2-9B,640,0.0,20,0.0,0.0,0.0,0.0,0.5,0.0,0.0,0.0,0.0,1.0,1.0,0.0011554015020219526,8.0,50.625,0.8000000000000002,0.0007221259387637204,5.0,48.39999999999999,0.5,,
Gemma-2-9B,Gemma-2-9B,640,0.5,20,0.0,0.0,0.0,0.0,0.6349999999999999,0.42662547978337445,0.47253778385357337,0.7194736842105266,0.48157894736842105,0.0,0.0,0.0028885037550548816,20.0,42.14361111111111,0.9099999999999999,0.002455228191796649,17.0,35.5375,0.6349999999999999,,
Gemma-2-9B,Gemma-2-9B,640,1.0,20,0.0,0.0,0.0,0.0,0.5399999999999999,0.6870673899769957,0.7885880055616897,0.8726315789473685,0.5757894736842105,0.0,0.005263157894736842,0.005632582322357019,39.0,43.16686507936508,0.78,0.004766031195840554,33.0,34.36652777777778,0.51,,
Gemma-2-9B,Gemma-2-9B,640,2.0,20,0.0,0.0,0.0,0.0,0.18,0.9900448519714856,0.9109586466165414,0.9100000000000001,0.26263157894736844,0.0,0.06315789473684211,0.0034662045060658577,24.0,22.581249999999997,0.18,0.0030329289428076256,21.0,22.52916666666667,0.16499999999999998,,
Gemma-2-9B,Gemma-2-9B,681,0.0,20,0.0,0.0,0.0,0.0,0.5999999999999999,0.06124401913875596,0.09624060150375939,0.10105263157894737,0.03368421052631579,0.6631578947368421,0.6631578947368421,0.0010109763142692085,7.0,45.6,0.5999999999999999,0.0007221259387637204,5.0,42.9,0.4000000000000001,,
Gemma-2-9B,Gemma-2-9B,681,0.5,20,0.0,0.0,0.0,0.0,0.54,0.5396880810967498,0.6241677620624989,0.7210526315789474,0.5021052631578946,0.0,0.005263157894736842,0.00389948006932409,27.0,41.698412698412696,0.7050000000000001,0.0030329289428076256,21.0,39.47857142857143,0.43500000000000005,,
Gemma-2-9B,Gemma-2-9B,681,1.0,20,0.01505149978319906,0.06731235335711287,0.0,0.0,0.43999999999999995,0.8304135157475553,0.8920355156539369,0.8784210526315789,0.5705263157894737,0.0,0.005263157894736842,0.00707683419988446,49.0,38.454177109440266,0.6449999999999999,0.005054881571346043,35.0,30.021891534391532,0.39499999999999996,4.472135954999578,
Gemma-2-9B,Gemma-2-9B,681,2.0,20,0.0,0.0,0.0,0.0,0.14000000000000004,0.9858399912147673,0.8662907268170427,0.8089473684210525,0.2205263157894737,0.0,0.11052631578947368,0.0030329289428076256,21.0,19.674358974358974,0.185,0.002455228191796649,17.0,9.424999999999999,0.13500000000000004,,
Gemma-2-9B,Gemma-2-9B,705,0.0,20,0.0,0.0,0.0,0.0,0.9199999999999999,0.24701754385964914,0.24701754385964914,0.3368421052631579,0.3368421052631579,0.6631578947368421,0.6631578947368421,0.0017331022530329288,12.0,14.503571428571428,0.7200000000000001,0.0017331022530329288,12.0,14.503571428571428,0.7200000000000001,,
Gemma-2-9B,Gemma-2-9B,705,0.5,20,0.0,0.0,0.0,0.0,0.8549999999999999,0.7519999712009244,0.7284669371012454,0.9452631578947369,0.92,0.0,0.0,0.005921432697862507,41.0,16.266488095238095,0.67,0.004477180820335066,31.0,9.492380952380952,0.58,,
Gemma-2-9B,Gemma-2-9B,705,1.0,20,0.0,0.0,0.0,0.0,0.82,0.8206443855557837,0.7931399982298223,0.9557894736842106,0.8557894736842107,0.0,0.005263157894736842,0.007221259387637204,50.0,16.665357142857143,0.6799999999999999,0.005632582322357019,39.0,11.657857142857143,0.595,,
Gemma-2-9B,Gemma-2-9B,705,2.0,20,0.0,0.0,0.0,0.0,0.13999999999999999,0.9955995082172368,0.7578529657477026,0.8863157894736843,0.23631578947368423,0.0,0.23684210526315788,0.00389948006932409,27.0,19.73589743589744,0.16,0.0027440785673021376,19.0,11.303703703703704,0.12,,
Gemma-2-9B,Gemma-2-9B,722,0.0,20,0.0,0.0,0.0,0.0,1.0,0.0,0.0,0.0,0.0,1.0,1.0,0.0012998266897746968,9.0,67.55555555555557,0.8999999999999998,0.0012998266897746968,9.0,67.55555555555557,0.8999999999999998,,
Gemma-2-9B,Gemma-2-9B,722,0.5,20,0.0,0.0,0.0,0.0,0.9949999999999999,0.4017635872899031,0.4017635872899031,0.7147368421052632,0.7147368421052632,0.0,0.0,0.0030329289428076256,21.0,71.82,0.975,0.0030329289428076256,21.0,71.82,0.975,,
Gemma-2-9B,Gemma-2-9B,722,1.0,20,0.0,0.0,0.0,0.0,0.905,0.6181697430536439,0.6000352287890988,0.8747368421052631,0.8510526315789476,0.0,0.0,0.004766031195840554,33.0,61.33190476190475,0.885,0.004477180820335066,31.0,63.20857142857142,0.875,,
Gemma-2-9B,Gemma-2-9B,722,2.0,20,0.0,0.0,0.0,0.0,0.23500000000000001,0.975934477911421,0.9007978279030912,0.8794736842105264,0.3447368421052632,0.0,0.05263157894736842,0.003755054881571346,26.0,52.43944444444445,0.255,0.0031773541305603697,22.0,51.85722222222223,0.23500000000000001,,
Gemma-2-9B,Gemma-2-9B,748,0.0,20,0.0,0.0,0.0,0.0,0.10000000000000002,0.0,0.0,0.0,0.0,1.0,1.0,0.00014442518775274407,1.0,6.0,0.10000000000000002,0.0,0.0,,0.0,,
Gemma-2-9B,Gemma-2-9B,748,0.5,20,0.0,0.0,0.0,0.0,0.44499999999999995,0.6818772178882982,0.7959983583667795,0.8705263157894736,0.618421052631579,0.0,0.05263157894736842,0.0025996533795493936,18.0,22.192658730158733,0.41,0.001877527440785673,13.0,31.231481481481485,0.32499999999999996,,
Gemma-2-9B,Gemma-2-9B,748,1.0,20,0.0,0.0,0.0,0.0,0.5650000000000001,0.8199204399424377,0.8285715041752194,0.9605263157894737,0.7826315789473683,0.0,0.03684210526315789,0.004188330444829578,29.0,22.222619047619048,0.5549999999999999,0.003755054881571346,26.0,26.085987103174602,0.495,,
Gemma-2-9B,Gemma-2-9B,748,2.0,20,0.0,0.0,0.0,0.0,0.16000000000000003,0.9651255903765273,0.8977422723475355,0.9210526315789476,0.24842105263157896,0.0,0.09473684210526316,0.0033217793183131137,23.0,12.65,0.16000000000000003,0.0030329289428076256,21.0,14.434615384615386,0.14,,
Gemma-2-9B,Gemma-2-9B,751,0.0,20,0.0,0.0,0.0,0.0,0.46000000000000013,0.11228070175438598,0.13473684210526315,0.10105263157894737,0.10105263157894737,0.6631578947368421,0.6631578947368421,0.0010109763142692085,7.0,16.54285714285714,0.6599999999999999,0.0007221259387637204,5.0,18.62666666666666,0.46000000000000013,,
Gemma-2-9B,Gemma-2-9B,751,0.5,20,0.0,0.0,0.0,0.0,0.2799999999999999,0.48008565222187505,0.5558578263841422,0.6905263157894738,0.27421052631578946,0.0,0.17894736842105263,0.002166377816291161,15.0,11.145833333333332,0.48000000000000015,0.001877527440785673,13.0,8.580059523809524,0.2799999999999999,,
Gemma-2-9B,Gemma-2-9B,751,1.0,20,0.0,0.0,0.0,0.0,0.32500000000000007,0.7259626586366036,0.6214908483329536,0.8410526315789476,0.3694736842105264,0.0,0.12631578947368421,0.003610629693818602,25.0,12.83152777777778,0.4900000000000001,0.0031773541305603697,22.0,12.362202380952379,0.305,,
Gemma-2-9B,Gemma-2-9B,751,2.0,20,0.0,0.0,0.0,0.0,0.06999999999999999,0.9857070669540119,0.6254385964912281,0.8089473684210525,0.11315789473684211,0.0,0.3684210526315789,0.0012998266897746968,9.0,7.010582010582011,0.085,0.0008665511265164644,6.0,4.25,0.065,,
Gemma-2-9B,Gemma-2-9B,774,0.0,20,0.0,0.0,0.0,0.0,0.4000000000000001,0.0,0.0,0.0,0.0,1.0,1.0,0.0011554015020219526,8.0,73.375,0.8000000000000002,0.0005777007510109763,4.0,112.5,0.4000000000000001,,
Gemma-2-9B,Gemma-2-9B,774,0.5,20,0.0,0.0,0.0,0.0,0.6399999999999999,0.5986853445831773,0.6366608391608392,0.8105263157894737,0.6084210526315789,0.0,0.0,0.003610629693818602,25.0,46.63166666666667,0.8800000000000001,0.0028885037550548816,20.0,50.673511904761895,0.6349999999999999,,
Gemma-2-9B,Gemma-2-9B,774,1.0,20,0.0,0.0,0.0,0.0,0.595,0.7520009053056552,0.8462719641899208,0.9326315789473685,0.6557894736842105,0.0,0.0,0.006210283073367995,43.0,27.59569444444445,0.9199999999999999,0.005343731946851531,37.0,23.27371031746032,0.59,,
Gemma-2-9B,Gemma-2-9B,774,2.0,20,0.0,0.0,0.0,0.0,0.10500000000000001,0.987437946832195,0.7536842105263157,0.8584210526315791,0.1673684210526316,0.0,0.20526315789473684,0.002021952628538417,14.0,22.13919413919414,0.14,0.0015886770652801848,11.0,34.46969696969697,0.10500000000000001,,
Gemma-2-9B,Gemma-2-9B,776,0.0,20,0.0,0.0,0.0,0.0,1.0,0.0,0.0,0.0,0.0,1.0,1.0,0.0012998266897746968,9.0,7.222222222222223,0.8999999999999998,0.0012998266897746968,9.0,7.222222222222223,0.8999999999999998,,
Gemma-2-9B,Gemma-2-9B,776,0.5,20,0.0,0.0,0.0,0.0,0.875,0.44937869148395454,0.38112314585998797,0.7389473684210528,0.5257894736842106,0.021052631578947368,0.03684210526315789,0.0028885037550548816,20.0,36.88011904761905,0.9349999999999998,0.002455228191796649,17.0,15.460119047619049,0.85,,
Gemma-2-9B,Gemma-2-9B,776,1.0,20,0.0,0.0,0.0,0.0,0.865,0.5492845547939649,0.4961844128523695,0.8394736842105263,0.6805263157894738,0.0,0.005263157894736842,0.00462160600808781,32.0,33.69083333333334,0.925,0.004188330444829578,29.0,17.658571428571427,0.8450000000000001,,
Gemma-2-9B,Gemma-2-9B,776,2.0,20,0.0,0.0,0.0,0.0,0.18,0.972258001738815,0.8840413533834587,0.9368421052631579,0.26368421052631585,0.0,0.06842105263157895,0.0025996533795493936,18.0,46.175,0.24499999999999997,0.002021952628538417,14.0,31.713333333333328,0.175,,
Gemma-2-9B,Gemma-2-9B,820,0.0,20,0.0,0.0,0.0,0.0,0.5999999999999999,0.0,0.0,0.0,0.0,1.0,1.0,0.0014442518775274408,10.0,41.0,1.0,0.0008665511265164644,6.0,7.0,0.5999999999999999,,
Gemma-2-9B,Gemma-2-9B,820,0.5,20,0.0,0.0,0.0,0.0,0.615,0.47252693986440114,0.5873616588090272,0.6357894736842105,0.4747368421052632,0.005263157894736842,0.005263157894736842,0.00389948006932409,27.0,39.254444444444445,0.9799999999999999,0.0030329289428076256,21.0,11.339047619047617,0.6099999999999999,,
Gemma-2-9B,Gemma-2-9B,820,1.0,20,0.0,0.0,0.0,0.0,0.595,0.7579460712508211,0.833240363437732,0.9089473684210526,0.6821052631578947,0.0,0.0,0.006932409012131715,48.0,30.100138888888885,0.8799999999999999,0.005632582322357019,39.0,12.482184628237258,0.59,,
Gemma-2-9B,Gemma-2-9B,820,2.0,20,0.0,0.0,0.0,0.0,0.17500000000000002,0.9873553803935097,0.9221783625730995,0.8989473684210527,0.2657894736842105,0.0,0.05263157894736842,0.004332755632582322,30.0,14.025,0.23000000000000004,0.003610629693818602,25.0,4.802777777777777,0.17500000000000002,,
Gemma-2-9B,Gemma-2-9B,829,0.0,20,0.0,0.0,0.0,0.0,0.8800000000000001,0.11228070175438598,0.10105263157894738,0.13473684210526315,0.13473684210526315,0.6631578947368421,0.6631578947368421,0.0017331022530329288,12.0,9.080000000000002,1.0,0.0014442518775274408,10.0,9.511111111111111,0.8800000000000001,,
Gemma-2-9B,Gemma-2-9B,829,0.5,20,0.0,0.0,0.0,0.0,0.9099999999999999,0.5886956696554219,0.5545380500991955,0.8257894736842105,0.7926315789473682,0.0,0.0,0.00462160600808781,32.0,17.859444444444446,0.9699999999999998,0.004043905257076834,28.0,18.133472222222224,0.8899999999999999,,
Gemma-2-9B,Gemma-2-9B,829,1.0,20,0.0,0.0,0.0,0.0,0.8949999999999999,0.8132231368291334,0.7998678187092723,0.9326315789473687,0.9000000000000001,0.0,0.0,0.007510109763142692,52.0,14.857222222222225,0.86,0.00707683419988446,49.0,14.364940476190478,0.8300000000000001,,
Gemma-2-9B,Gemma-2-9B,829,2.0,20,0.0,0.0,0.0,0.0,0.26,0.9781089593467384,0.9241621098200046,0.9057894736842107,0.3810526315789474,0.0,0.03684210526315789,0.00462160600808781,32.0,11.70111111111111,0.27,0.00389948006932409,27.0,11.464444444444442,0.23500000000000001,,
Gemma-2-9B,Gemma-2-9B,837,0.0,20,0.0,0.0,0.0,0.0,0.4000000000000001,0.0,0.0,0.0,0.0,1.0,1.0,0.0014442518775274408,10.0,52.70000000000001,1.0,0.0005777007510109763,4.0,26.25,0.4000000000000001,,
Gemma-2-9B,Gemma-2-9B,837,0.5,20,0.0,0.0,0.0,0.0,0.76,0.5541951856193341,0.5406541849962904,0.7310526315789474,0.6563157894736842,0.0,0.0,0.004766031195840554,33.0,33.955,1.0,0.0031773541305603697,22.0,29.43085317460317,0.76,,
Gemma-2-9B,Gemma-2-9B,837,1.0,20,0.0,0.0,0.0,0.0,0.685,0.8319383837063485,0.7927441968076643,0.9089473684210527,0.7573684210526318,0.0,0.0,0.007943385326400924,55.0,23.90643274853801,0.8200000000000001,0.005777007510109763,40.0,22.642836257309938,0.6650000000000001,,
Gemma-2-9B,Gemma-2-9B,837,2.0,20,0.0,0.0,0.0,0.0,0.18,0.9904273887266393,0.8429300524037366,0.9568421052631579,0.29,0.0,0.15263157894736842,0.004477180820335066,31.0,19.479304029304025,0.185,0.004188330444829578,29.0,19.810912698412697,0.175,,
Gemma-2-9B,Gemma-2-9B,920,0.0,20,0.0,0.0,0.0,0.0,0.8999999999999998,0.0,0.0,0.0,0.0,1.0,1.0,0.0014442518775274408,10.0,74.40000000000002,1.0,0.0012998266897746968,9.0,68.55555555555557,0.8999999999999998,,
Gemma-2-9B,Gemma-2-9B,920,0.5,20,0.0,0.0,0.0,0.0,0.8999999999999998,0.5152278577975172,0.5555821809769179,0.7278947368421054,0.7278947368421054,0.0,0.0,0.004188330444829578,29.0,54.40666666666666,0.99,0.004043905257076834,28.0,46.24722222222223,0.8899999999999999,,
Gemma-2-9B,Gemma-2-9B,920,1.0,20,0.0,0.0,0.0,0.0,0.8400000000000001,0.7952011316992172,0.80654762033632,0.9184210526315791,0.8663157894736844,0.0,0.0,0.007365684575389948,51.0,40.568333333333335,0.8849999999999998,0.006787983824378971,47.0,33.19220238095238,0.7900000000000001,,
Gemma-2-9B,Gemma-2-9B,920,2.0,20,0.0,0.0,0.0,0.0,0.19,0.9791050725024978,0.8858855472013367,0.8742105263157895,0.28684210526315795,0.0,0.08421052631578947,0.0030329289428076256,21.0,43.25833333333333,0.17,0.0028885037550548816,20.0,22.343333333333334,0.14,,
Gemma-2-9B,Gemma-2-9B,957,0.0,20,0.0,0.0,0.0,0.0,0.8000000000000002,0.06124401913875596,0.07485380116959064,0.10105263157894737,0.10105263157894737,0.6631578947368421,0.6631578947368421,0.0012998266897746968,9.0,11.025,0.8000000000000002,0.0012998266897746968,9.0,11.025,0.8000000000000002,,
Gemma-2-9B,Gemma-2-9B,957,0.5,20,0.0,0.0,0.0,0.0,0.8099999999999999,0.7669600382010762,0.7680290264702436,0.9000000000000001,0.8636842105263159,0.0,0.0,0.006065857885615251,42.0,18.418948412698413,0.805,0.005777007510109763,40.0,17.37728174603174,0.7900000000000003,,
Gemma-2-9B,Gemma-2-9B,957,1.0,20,0.0,0.0,0.0,0.0,0.78,0.8650537060480845,0.8506994218598014,0.9673684210526317,0.8852631578947371,0.0,0.005263157894736842,0.007221259387637204,50.0,18.023333333333333,0.805,0.006643558636626227,46.0,13.778154761904762,0.765,,
Gemma-2-9B,Gemma-2-9B,957,2.0,20,0.0,0.0,0.0,0.0,0.265,0.9856797870082048,0.9425825928457507,0.9310526315789472,0.4026315789473684,0.0,0.031578947368421054,0.005488157134604275,38.0,10.243697478991596,0.29,0.004766031195840554,33.0,6.430059523809524,0.265,,
Llama-3.1-8B,Llama-3.1-8B,83,0.0,20,0.0,0.0,0.0,0.0,0.6999999999999998,0.11228070175438598,0.1497076023391813,0.20210526315789473,0.20210526315789473,0.6631578947368421,0.6631578947368421,0.0015886770652801848,11.0,66.35555555555558,0.8999999999999998,0.0011554015020219526,8.0,20.7,0.5999999999999999,,
Llama-3.1-8B,Llama-3.1-8B,83,0.5,20,0.0,0.0,0.0,0.0,0.76,0.758919382086239,0.7885359343099282,0.9063157894736843,0.7926315789473682,0.0,0.0,0.006499133448873483,45.0,48.93421052631579,0.8400000000000001,0.005921432697862507,41.0,34.67915622389306,0.675,,
Llama-3.1-8B,Llama-3.1-8B,83,1.0,20,0.0,0.0,0.0,0.0,0.74,0.8906244803482869,0.9018900301308238,0.9715789473684212,0.8352631578947368,0.0,0.0,0.008809936452917388,61.0,46.95315371762741,0.775,0.007943385326400924,55.0,29.162238930659985,0.6449999999999999,,
Llama-3.1-8B,Llama-3.1-8B,83,2.0,20,0.0,0.0,0.0,0.0,0.08,0.9980147737765465,0.7521929824561404,0.9873684210526317,0.13,0.0,0.24210526315789474,0.002021952628538417,14.0,23.22222222222222,0.08,0.0017331022530329288,12.0,23.520833333333336,0.07,,
Llama-3.1-8B,Llama-3.1-8B,86,0.0,20,0.0,0.0,0.0,0.0,0.6999999999999998,0.0,0.0,0.0,0.0,1.0,1.0,0.0007221259387637204,5.0,12.400000000000002,0.5,0.0005777007510109763,4.0,8.75,0.4000000000000001,,
Llama-3.1-8B,Llama-3.1-8B,86,0.5,20,0.006782598671622389,0.030332703387694875,0.007063348642991449,0.031588255429019545,0.8150000000000001,0.8208486237026241,0.821982956414071,0.9473684210526317,0.8626315789473683,0.0,0.0,0.007654534950895436,53.0,18.441448412698414,0.78,0.006787983824378971,47.0,15.139166666666668,0.6599999999999999,4.4721359549995805,4.47213595499958
Llama-3.1-8B,Llama-3.1-8B,86,1.0,20,0.02557791546518275,0.06502179836938969,0.02661662889393963,0.06700834936602526,0.805,0.9237688066916518,0.9157116254058979,0.9826315789473685,0.8647368421052632,0.0,0.0,0.00996533795493934,69.0,15.448412698412698,0.75,0.008665511265164644,60.0,13.551796157059314,0.67,2.542107016418084,2.5175370492272395
Llama-3.1-8B,Llama-3.1-8B,86,2.0,20,0.02346393630113782,0.1049339131781383,0.02346393630113782,0.1049339131781383,0.13999999999999999,0.9961391966759002,0.8480116959064327,0.9805263157894737,0.22789473684210526,0.0,0.14736842105263157,0.0028885037550548816,20.0,13.4625,0.125,0.0028885037550548816,20.0,13.4625,0.125,4.47213595499958,4.47213595499958
Llama-3.1-8B,Llama-3.1-8B,92,0.0,20,0.0,0.0,0.0,0.0,0.8999999999999998,0.0,0.0,0.0,0.0,1.0,1.0,0.0014442518775274408,10.0,52.6,1.0,0.0012998266897746968,9.0,42.88888888888889,0.8999999999999998,,
Llama-3.1-8B,Llama-3.1-8B,92,0.5,20,0.0,0.0,0.0,0.0,0.8150000000000001,0.6346175862592678,0.6617719561140614,0.895263157894737,0.8094736842105263,0.0,0.0,0.00389948006932409,27.0,40.51555555555556,0.8899999999999999,0.003755054881571346,26.0,30.681250000000006,0.8,,
Llama-3.1-8B,Llama-3.1-8B,92,1.0,20,0.0,0.0,0.0,0.0,0.67,0.9009326829318274,0.8947365349648632,0.9605263157894737,0.8342105263157895,0.0,0.005263157894736842,0.00779896013864818,54.0,30.85793650793651,0.6799999999999999,0.007221259387637204,50.0,25.10530492898914,0.63,,
Llama-3.1-8B,Llama-3.1-8B,92,2.0,20,0.0,0.0,0.0,0.0,0.185,0.9955214403397555,0.932750626566416,0.9857894736842105,0.2810526315789474,0.0,0.05263157894736842,0.004043905257076834,28.0,18.43541666666667,0.185,0.00389948006932409,27.0,18.99777777777778,0.18000000000000002,,
Llama-3.1-8B,Llama-3.1-8B,126,0.0,20,0.0,0.0,0.0,0.0,0.15999999999999998,0.16842105263157894,0.25263157894736843,0.13473684210526315,0.13473684210526315,0.6631578947368421,0.6631578947368421,0.0008665511265164644,6.0,60.03333333333332,0.35999999999999993,0.0005777007510109763,4.0,63.05,0.15999999999999998,,
Llama-3.1-8B,Llama-3.1-8B,126,0.5,20,0.0,0.0,0.0,0.0,0.45499999999999996,0.8195451574885746,0.8866406254564149,0.8642105263157894,0.5905263157894737,0.0,0.005263157894736842,0.005488157134604275,38.0,38.99655388471178,0.6100000000000001,0.004477180820335066,31.0,29.940162907268174,0.44499999999999995,,
Llama-3.1-8B,Llama-3.1-8B,126,1.0,20,0.0,0.0,0.0,0.0,0.5800000000000001,0.9117394783398124,0.9289315049415671,0.9626315789473685,0.7236842105263158,0.0,0.005263157894736842,0.0085210860774119,59.0,25.490432098765428,0.6849999999999999,0.00779896013864818,54.0,20.67685185185185,0.5700000000000001,,
Llama-3.1-8B,Llama-3.1-8B,126,2.0,20,0.0,0.0,0.0,0.0,0.12500000000000003,0.9968034734669492,0.9140350877192982,0.9826315789473684,0.18894736842105267,0.0,0.07894736842105263,0.0031773541305603697,22.0,22.716666666666665,0.13000000000000003,0.0028885037550548816,20.0,16.98076923076923,0.12000000000000002,,
Llama-3.1-8B,Llama-3.1-8B,181,0.0,20,0.0,0.0,0.0,0.0,0.4000000000000001,0.0,0.0,0.0,0.0,1.0,1.0,0.0012998266897746968,9.0,40.11111111111111,0.8999999999999998,0.0004332755632582322,3.0,15.333333333333332,0.29999999999999993,,
Llama-3.1-8B,Llama-3.1-8B,181,0.5,20,0.0,0.0,0.0,0.0,0.4600000000000001,0.6312705933059933,0.8651827558406507,0.7689473684210525,0.5042105263157893,0.0,0.0,0.005054881571346043,35.0,34.10666666666667,0.8700000000000001,0.004188330444829578,29.0,14.838988095238097,0.38,,
Llama-3.1-8B,Llama-3.1-8B,181,1.0,20,0.0,0.0,0.0,0.0,0.495,0.8905833789940439,0.9591795704295704,0.966842105263158,0.6252631578947369,0.0,0.0,0.008087810514153668,56.0,25.767222222222223,0.7250000000000001,0.007221259387637204,50.0,14.714265873015872,0.45,,
Llama-3.1-8B,Llama-3.1-8B,181,2.0,20,0.0,0.0,0.0,0.0,0.16999999999999998,0.995393019342832,0.9370405179615707,0.9552631578947368,0.25421052631578955,0.0,0.05263157894736842,0.0033217793183131137,23.0,16.995238095238097,0.14,0.0033217793183131137,23.0,16.995238095238097,0.14,,
Llama-3.1-8B,Llama-3.1-8B,197,0.0,20,0.0,0.0,0.0,0.0,0.6999999999999998,0.0,0.0,0.0,0.0,1.0,1.0,0.0010109763142692085,7.0,31.14285714285714,0.6999999999999998,0.0010109763142692085,7.0,31.14285714285714,0.6999999999999998,,
Llama-3.1-8B,Llama-3.1-8B,197,0.5,20,0.0,0.0,0.0,0.0,0.915,0.6305983017670324,0.5971336601135363,0.7878947368421053,0.7810526315789476,0.0,0.0,0.004188330444829578,29.0,27.976031746031747,0.9049999999999999,0.004188330444829578,29.0,27.976031746031747,0.9049999999999999,,
Llama-3.1-8B,Llama-3.1-8B,197,1.0,20,0.0,0.0,0.0,0.0,0.8850000000000001,0.8780310554508045,0.86626380714229,0.9489473684210527,0.9026315789473687,0.0,0.0,0.0085210860774119,59.0,27.770178571428566,0.8299999999999998,0.008232235701906412,57.0,24.21,0.8099999999999999,,
Llama-3.1-8B,Llama-3.1-8B,197,2.0,20,0.0,0.0,0.0,0.0,0.17500000000000002,0.9912676427911884,0.8811030782083414,0.9805263157894737,0.2852631578947369,0.005263157894736842,0.11052631578947368,0.0031773541305603697,22.0,35.55378787878788,0.13999999999999999,0.0031773541305603697,22.0,35.55378787878788,0.13999999999999999,,
Llama-3.1-8B,Llama-3.1-8B,367,0.0,20,0.0,0.0,0.0,0.0,0.8200000000000001,0.11228070175438598,0.10105263157894738,0.2694736842105263,0.2694736842105263,0.6631578947368421,0.6631578947368421,0.0012998266897746968,9.0,4.5,0.8000000000000002,0.0011554015020219526,8.0,3.0,0.6999999999999998,,
Llama-3.1-8B,Llama-3.1-8B,367,0.5,20,0.0,0.0,0.0,0.0,0.785,0.7220389541342369,0.6908305029164161,0.9042105263157896,0.8126315789473685,0.0,0.005263157894736842,0.003610629693818602,25.0,5.575396825396826,0.695,0.0034662045060658577,24.0,5.072927689594356,0.6649999999999998,,
Llama-3.1-8B,Llama-3.1-8B,367,1.0,20,0.0,0.0,0.0,0.0,0.62,0.9221748126766866,0.8499626909309979,0.9631578947368421,0.825263157894737,0.0,0.07894736842105263,0.006354708261120739,44.0,7.704648526077099,0.5299999999999999,0.006210283073367995,43.0,7.615107709750568,0.5199999999999999,,
Llama-3.1-8B,Llama-3.1-8B,367,2.0,20,0.03065735963827292,0.1371038803236732,0.03065735963827292,0.1371038803236732,0.06,0.9940229274464243,0.5828947368421052,0.9542105263157895,0.10684210526315788,0.0,0.4105263157894737,0.0010109763142692085,7.0,15.625,0.05,0.0008665511265164644,6.0,6.35,0.045,4.472135954999579,4.472135954999579
Llama-3.1-8B,Llama-3.1-8B,400,0.0,20,0.0,0.0,0.0,0.0,0.5,0.0,0.0,0.0,0.0,1.0,1.0,0.0008665511265164644,6.0,36.0,0.5999999999999999,0.0005777007510109763,4.0,28.75,0.4000000000000001,,
Llama-3.1-8B,Llama-3.1-8B,400,0.5,20,0.0,0.0,0.0,0.0,0.6849999999999999,0.6213412013682912,0.637217548533338,0.8963157894736843,0.6894736842105261,0.0,0.0,0.00389948006932409,27.0,26.08380952380952,0.8100000000000002,0.003610629693818602,25.0,22.1730753968254,0.6599999999999999,,
Llama-3.1-8B,Llama-3.1-8B,400,1.0,20,0.0,0.0,0.0,0.0,0.76,0.8302607890588583,0.8362972068351325,0.9636842105263159,0.8200000000000001,0.0,0.0,0.007510109763142692,52.0,25.97888888888889,0.8450000000000001,0.00707683419988446,49.0,23.967222222222222,0.74,,
Llama-3.1-8B,Llama-3.1-8B,400,2.0,20,0.0,0.0,0.0,0.0,0.13,0.9969637241797906,0.8795112781954889,0.9505263157894737,0.2015789473684211,0.0,0.11052631578947368,0.002455228191796649,17.0,12.26923076923077,0.11000000000000001,0.002455228191796649,17.0,12.26923076923077,0.11000000000000001,,
Llama-3.1-8B,Llama-3.1-8B,421,0.0,20,0.0,0.0,0.0,0.0,0.8999999999999998,0.11228070175438598,0.12248803827751197,0.13473684210526315,0.13473684210526315,0.6631578947368421,0.6631578947368421,0.0017331022530329288,12.0,14.639999999999997,1.0,0.0015886770652801848,11.0,15.26666666666667,0.8999999999999998,,
Llama-3.1-8B,Llama-3.1-8B,421,0.5,20,0.0,0.0,0.0,0.0,0.9199999999999999,0.5126364863206968,0.4789164636533057,0.8468421052631581,0.7921052631578948,0.005263157894736842,0.005263157894736842,0.0033217793183131137,23.0,18.752222222222223,0.975,0.0030329289428076256,21.0,19.240694444444447,0.9199999999999999,,
Llama-3.1-8B,Llama-3.1-8B,421,1.0,20,0.00967132018086354,0.043251458713152884,0.00967132018086354,0.043251458713152884,0.8550000000000001,0.8269945170340314,0.8241097014711973,0.9547368421052632,0.898421052631579,0.0,0.0,0.007365684575389948,51.0,20.405,0.8850000000000001,0.006932409012131715,48.0,20.855456349206353,0.8200000000000001,4.4721359549995805,4.4721359549995805
Llama-3.1-8B,Llama-3.1-8B,421,2.0,20,0.010219119879424306,0.0457012934412244,0.01092037184090821,0.04883738755169056,0.22999999999999998,0.9927032990907848,0.9057415683731473,0.9778947368421054,0.35157894736842094,0.0,0.07894736842105263,0.00462160600808781,32.0,23.519196428571426,0.22999999999999998,0.004332755632582322,30.0,25.236224489795916,0.215,4.472135954999579,4.4721359549995805
Llama-3.1-8B,Llama-3.1-8B,427,0.0,20,0.0,0.0,0.0,0.0,0.6999999999999998,0.0,0.0,0.0,0.0,1.0,1.0,0.0014442518775274408,10.0,25.8,1.0,0.0010109763142692085,7.0,18.714285714285715,0.6999999999999998,,
Llama-3.1-8B,Llama-3.1-8B,427,0.5,20,0.0,0.0,0.0,0.0,0.6999999999999998,0.5565434565434565,0.6952982251666461,0.8068421052631579,0.6184210526315791,0.0,0.0,0.004332755632582322,30.0,33.46375,0.9799999999999999,0.003755054881571346,26.0,29.54559523809524,0.6799999999999998,,
Llama-3.1-8B,Llama-3.1-8B,427,1.0,20,0.0,0.0,0.0,0.0,0.65,0.7798496664516299,0.893818633207178,0.9126315789473686,0.7310526315789473,0.0,0.0,0.007510109763142692,52.0,37.9751388888889,0.8850000000000001,0.00707683419988446,49.0,34.8468253968254,0.635,,
Llama-3.1-8B,Llama-3.1-8B,427,2.0,20,0.0,0.0,0.0,0.0,0.14,0.9946583860122641,0.6510903570114097,0.9305263157894738,0.25,0.0,0.3473684210526316,0.003610629693818602,25.0,33.6,0.165,0.0031773541305603697,22.0,20.772108843537417,0.12499999999999997,,
Llama-3.1-8B,Llama-3.1-8B,442,0.0,20,0.0,0.0,0.0,0.0,0.8999999999999998,0.0,0.0,0.0,0.0,1.0,1.0,0.0014442518775274408,10.0,17.300000000000004,1.0,0.0012998266897746968,9.0,16.555555555555554,0.8999999999999998,,
Llama-3.1-8B,Llama-3.1-8B,442,0.5,20,0.0,0.0,0.0,0.0,0.7000000000000001,0.7959229739264774,0.8179132778126587,0.8931578947368424,0.8200000000000002,0.0,0.015789473684210527,0.005054881571346043,35.0,13.837745098039216,0.7350000000000001,0.004910456383593298,34.0,12.313958916900093,0.65,,
Llama-3.1-8B,Llama-3.1-8B,442,1.0,20,0.0,0.0,0.0,0.0,0.685,0.9132608449658718,0.9198095987260073,0.9736842105263158,0.8484210526315792,0.0,0.005263157894736842,0.007365684575389948,51.0,17.779916225749556,0.6900000000000002,0.007221259387637204,50.0,17.341468253968255,0.6350000000000001,,
Llama-3.1-8B,Llama-3.1-8B,442,2.0,20,0.0,0.0,0.0,0.0,0.10000000000000002,0.9978824253616497,0.7594736842105264,0.9947368421052631,0.16789473684210526,0.0,0.23684210526315788,0.002166377816291161,15.0,27.444444444444443,0.085,0.002021952628538417,14.0,28.055555555555557,0.08000000000000002,,
Llama-3.1-8B,Llama-3.1-8B,445,0.0,20,0.0,0.0,0.0,0.0,0.5,0.0,0.0,0.0,0.0,1.0,1.0,0.0010109763142692085,7.0,29.85714285714286,0.6999999999999998,0.0007221259387637204,5.0,16.600000000000005,0.5,,
Llama-3.1-8B,Llama-3.1-8B,445,0.5,20,0.0,0.0,0.0,0.0,0.5200000000000001,0.59888437585806,0.6155583889794416,0.8121052631578948,0.5494736842105263,0.0,0.005263157894736842,0.004332755632582322,30.0,32.525555555555556,0.71,0.003610629693818602,25.0,20.6225,0.5,,
Llama-3.1-8B,Llama-3.1-8B,445,1.0,20,0.0,0.0,0.0,0.0,0.58,0.8867136385060451,0.856810333199652,0.9626315789473686,0.696842105263158,0.0,0.0,0.008665511265164644,60.0,23.394305555555555,0.74,0.006643558636626227,46.0,18.43978174603175,0.565,,
Llama-3.1-8B,Llama-3.1-8B,445,2.0,20,0.0,0.0,0.0,0.0,0.13,0.9972579475003297,0.8813095238095239,0.9721052631578948,0.20368421052631583,0.0,0.11052631578947368,0.0028885037550548816,20.0,13.185897435897438,0.13000000000000003,0.0027440785673021376,19.0,11.05,0.12000000000000002,,
Llama-3.1-8B,Llama-3.1-8B,495,0.0,20,0.0,0.0,0.0,0.0,0.29999999999999993,0.0,0.0,0.0,0.0,1.0,1.0,0.0005777007510109763,4.0,4.5,0.4000000000000001,0.0004332755632582322,3.0,5.333333333333332,0.29999999999999993,,
Llama-3.1-8B,Llama-3.1-8B,495,0.5,20,0.018165878063358416,0.0560854760232323,0.0,0.0,0.4999999999999999,0.8773573161580331,0.8863933069854122,0.9610526315789475,0.6410526315789474,0.0,0.010526315789473684,0.005921432697862507,41.0,22.55170634920635,0.645,0.004910456383593298,34.0,21.07107351712615,0.4999999999999999,3.087407931927046,
Llama-3.1-8B,Llama-3.1-8B,495,1.0,20,0.009759501249802542,0.04364581644210528,0.0,0.0,0.635,0.9573024731591622,0.9527191285666519,0.9926315789473685,0.8073684210526317,0.0,0.005263157894736842,0.011120739456961294,77.0,22.791750208855472,0.7200000000000001,0.009820912767186597,68.0,17.019841269841272,0.6199999999999999,4.47213595499958,
Llama-3.1-8B,Llama-3.1-8B,495,2.0,20,0.0,0.0,0.0,0.0,0.14000000000000004,0.9961196334489474,0.8984502923976608,0.9878947368421052,0.21736842105263157,0.0,0.08421052631578947,0.0031773541305603697,22.0,28.45,0.15000000000000002,0.0028885037550548816,20.0,30.339285714285715,0.14000000000000004,,
Llama-3.1-8B,Llama-3.1-8B,506,0.0,20,1.0,0.0,1.0,0.0,0.8000000000000002,0.0,0.0,0.0,0.0,1.0,1.0,0.0011554015020219526,8.0,18.125,0.8000000000000002,0.0010109763142692085,7.0,19.714285714285715,0.6999999999999998,0.0,0.0
Llama-3.1-8B,Llama-3.1-8B,506,0.5,20,1.0,0.0,1.0,0.0,0.7550000000000001,0.6706928364847543,0.6178422965922966,0.7963157894736843,0.6026315789473684,0.0,0.0,0.005054881571346043,35.0,17.105456349206346,0.7699999999999999,0.004043905257076834,28.0,18.386031746031744,0.6449999999999999,0.0,0.0
Llama-3.1-8B,Llama-3.1-8B,506,1.0,20,0.9130929753571457,0.24293913846369625,0.95,0.22360679774997902,0.7250000000000001,0.8697904245510976,0.8477871221485773,0.8994736842105265,0.7473684210526316,0.0,0.0,0.008665511265164644,60.0,16.515685045948203,0.74,0.007654534950895436,53.0,17.212907268170426,0.655,0.26606177576678147,0.2353755765789253
Llama-3.1-8B,Llama-3.1-8B,506,2.0,20,0.475,0.4993416718672275,0.4815464876785729,0.5005434918813297,0.12500000000000003,0.9856104140640559,0.7547472848788639,0.9763157894736842,0.18631578947368424,0.0,0.17894736842105263,0.002166377816291161,15.0,10.847222222222223,0.125,0.002021952628538417,14.0,10.958333333333334,0.12000000000000002,1.0512456249836368,1.0394499901646819
Llama-3.1-8B,Llama-3.1-8B,515,0.0,20,0.0,0.0,0.0,0.0,0.8999999999999998,0.0,0.0,0.0,0.0,1.0,1.0,0.0014442518775274408,10.0,39.39999999999999,1.0,0.0012998266897746968,9.0,36.88888888888889,0.8999999999999998,,
Llama-3.1-8B,Llama-3.1-8B,515,0.5,20,0.009228784838978408,0.04127238049935034,0.009228784838978408,0.04127238049935034,0.8949999999999999,0.5411439812156774,0.5120466624878389,0.83,0.822105263157895,0.0,0.0,0.004910456383593298,34.0,37.69833333333333,0.985,0.004477180820335066,31.0,34.11349206349206,0.8949999999999999,4.47213595499958,4.47213595499958
Llama-3.1-8B,Llama-3.1-8B,515,1.0,20,0.03607813243812263,0.08910227344547234,0.04157773147918113,0.10288020457039079,0.8700000000000001,0.8524599252656528,0.849857173700053,0.9694736842105263,0.9015789473684211,0.0,0.0,0.009098786828422877,63.0,29.91861111111111,0.9199999999999997,0.008665511265164644,60.0,25.87115079365079,0.85,2.469703042370363,2.474406392804406
Llama-3.1-8B,Llama-3.1-8B,515,2.0,20,0.0,0.0,0.0,0.0,0.205,0.9960449369036628,0.8433976987924356,0.9552631578947368,0.3347368421052632,0.0,0.14736842105263157,0.004188330444829578,29.0,12.157692307692308,0.19500000000000003,0.004043905257076834,28.0,13.004166666666668,0.185,,
Llama-3.1-8B,Llama-3.1-8B,544,0.0,20,0.0,0.0,0.0,0.0,0.5,0.15546558704453442,0.25263157894736843,0.20210526315789473,0.13473684210526315,0.6631578947368421,0.6631578947368421,0.0017331022530329288,12.0,51.95777777777778,0.9199999999999999,0.0010109763142692085,7.0,9.719999999999999,0.42000000000000004,,
Llama-3.1-8B,Llama-3.1-8B,544,0.5,20,0.0,0.0,0.0,0.0,0.64,0.710788670891327,0.8049867049015655,0.9089473684210528,0.6878947368421053,0.0,0.0,0.006354708261120739,44.0,44.86015873015873,0.925,0.005632582322357019,39.0,14.199900793650793,0.5950000000000001,,
Llama-3.1-8B,Llama-3.1-8B,544,1.0,20,0.0,0.0,0.0,0.0,0.8450000000000001,0.9094919218841737,0.9141561662406539,0.9631578947368421,0.9047368421052633,0.0,0.0,0.010687463893703062,74.0,30.74125,0.9049999999999999,0.00996533795493934,69.0,20.309265873015875,0.7849999999999999,,
Llama-3.1-8B,Llama-3.1-8B,544,2.0,20,0.0,0.0,0.0,0.0,0.12000000000000002,0.997411116055201,0.9356516290726816,0.9800000000000001,0.17789473684210527,0.0,0.05789473684210526,0.003610629693818602,25.0,34.72941176470588,0.15500000000000003,0.0028885037550548816,20.0,11.46,0.12000000000000002,,
Llama-3.1-8B,Llama-3.1-8B,636,0.0,20,0.38685280723454163,0.0,0.0,0.0,0.4000000000000001,0.0,0.0,0.0,0.0,1.0,1.0,0.0008665511265164644,6.0,18.83333333333333,0.5999999999999999,0.0005777007510109763,4.0,26.75,0.4000000000000001,0.0,
Llama-3.1-8B,Llama-3.1-8B,636,0.5,20,0.01934264036172708,0.08650291742630577,0.0,0.0,0.31499999999999995,0.869895035847863,0.7044724552193594,0.8726315789473685,0.4205263157894737,0.0,0.14736842105263157,0.004477180820335066,31.0,10.250000000000002,0.35500000000000004,0.00389948006932409,27.0,11.546929824561404,0.31499999999999995,4.4721359549995805,
Llama-3.1-8B,Llama-3.1-8B,636,1.0,20,0.01532867981913646,0.0685519401618366,0.0,0.0,0.5200000000000001,0.9446024260035584,0.8638987613105668,0.9721052631578948,0.7042105263157895,0.0,0.021052631578947368,0.009098786828422877,63.0,13.442539682539683,0.5550000000000002,0.007365684575389948,51.0,14.17795634920635,0.48500000000000004,4.472135954999579,
Llama-3.1-8B,Llama-3.1-8B,636,2.0,20,0.0,0.0,0.0,0.0,0.07500000000000001,0.9969667672323692,0.756842105263158,0.9515789473684213,0.12368421052631579,0.0,0.24210526315789474,0.002166377816291161,15.0,14.56060606060606,0.09000000000000001,0.001877527440785673,13.0,15.616666666666665,0.07500000000000001,,
Llama-3.1-8B,Llama-3.1-8B,640,0.0,20,0.0,0.0,0.0,0.0,0.6999999999999998,0.0,0.0,0.0,0.0,1.0,1.0,0.0012998266897746968,9.0,36.55555555555556,0.8999999999999998,0.0008665511265164644,6.0,29.0,0.5999999999999999,,
Llama-3.1-8B,Llama-3.1-8B,640,0.5,20,0.0,0.0,0.0,0.0,0.5999999999999999,0.7305126192041622,0.7246465960939645,0.8478947368421053,0.59,0.0,0.021052631578947368,0.005488157134604275,38.0,30.056111111111115,0.795,0.004477180820335066,31.0,24.00208333333333,0.59,,
Llama-3.1-8B,Llama-3.1-8B,640,1.0,20,0.0,0.0,0.0,0.0,0.5700000000000001,0.9371761446961056,0.9002943751837756,0.9810526315789474,0.7510526315789473,0.0,0.005263157894736842,0.008376660889659156,58.0,28.51232247284879,0.59,0.007365684575389948,51.0,19.21865079365079,0.5,,
Llama-3.1-8B,Llama-3.1-8B,640,2.0,20,0.0,0.0,0.0,0.0,0.05500000000000001,0.9987661588180978,0.7552631578947369,0.9794736842105263,0.08578947368421051,0.0,0.24210526315789474,0.0012998266897746968,9.0,19.7,0.05500000000000001,0.0011554015020219526,8.0,21.22222222222222,0.05,,
Llama-3.1-8B,Llama-3.1-8B,681,0.0,20,0.0,0.0,0.0,0.0,1.0,0.0,0.0,0.0,0.0,1.0,1.0,0.0014442518775274408,10.0,19.600000000000005,1.0,0.0014442518775274408,10.0,19.600000000000005,1.0,,
Llama-3.1-8B,Llama-3.1-8B,681,0.5,20,0.0,0.0,0.0,0.0,0.82,0.8075878672727703,0.7742484306968176,0.933684210526316,0.8389473684210526,0.0,0.0,0.006932409012131715,48.0,26.967916666666667,0.825,0.006065857885615251,42.0,25.809821428571432,0.7749999999999999,,
Llama-3.1-8B,Llama-3.1-8B,681,1.0,20,0.0,0.0,0.0,0.0,0.6100000000000001,0.9574316984411494,0.9481991177037618,0.9921052631578949,0.7715789473684211,0.0,0.005263157894736842,0.009098786828422877,63.0,25.848170194003526,0.645,0.007943385326400924,55.0,22.801807760141095,0.5650000000000002,,
Llama-3.1-8B,Llama-3.1-8B,681,2.0,20,0.0,0.0,0.0,0.0,0.075,0.9983592584700617,0.6456140350877193,0.9578947368421052,0.12947368421052632,0.0,0.3473684210526316,0.002021952628538417,14.0,17.47222222222222,0.08,0.0017331022530329288,12.0,12.84375,0.06999999999999999,,
Llama-3.1-8B,Llama-3.1-8B,705,0.0,20,0.0,0.0,0.0,0.0,0.5999999999999999,0.0,0.0,0.0,0.0,1.0,1.0,0.0011554015020219526,8.0,25.875,0.8000000000000002,0.0007221259387637204,5.0,16.0,0.5,,
Llama-3.1-8B,Llama-3.1-8B,705,0.5,20,0.0,0.0,0.0,0.0,0.72,0.7280180013394533,0.7398921838395521,0.9052631578947369,0.7336842105263158,0.0,0.0,0.004332755632582322,30.0,18.577936507936506,0.7300000000000001,0.00389948006932409,27.0,12.019642857142856,0.5700000000000001,,
Llama-3.1-8B,Llama-3.1-8B,705,1.0,20,0.0,0.0,0.0,0.0,0.58,0.941686175067306,0.9384399338191908,0.972105263157895,0.7515789473684211,0.0,0.015789473684210527,0.008087810514153668,56.0,17.655158730158732,0.5750000000000001,0.007654534950895436,53.0,12.34890873015873,0.485,,
Llama-3.1-8B,Llama-3.1-8B,705,2.0,20,0.0,0.0,0.0,0.0,0.06999999999999999,0.9963743369000416,0.6518796992481203,0.973157894736842,0.12473684210526317,0.0,0.3473684210526316,0.0012998266897746968,9.0,6.458333333333333,0.05,0.0012998266897746968,9.0,6.458333333333333,0.05,,
Llama-3.1-8B,Llama-3.1-8B,722,0.0,20,0.0,0.0,0.0,0.0,0.8999999999999998,0.0,0.0,0.0,0.0,1.0,1.0,0.0014442518775274408,10.0,84.79999999999998,1.0,0.0012998266897746968,9.0,90.77777777777779,0.8999999999999998,,
Llama-3.1-8B,Llama-3.1-8B,722,0.5,20,0.0,0.0,0.0,0.0,0.9200000000000002,0.46472212514008177,0.43016368908009783,0.876842105263158,0.8647368421052632,0.0,0.0,0.0034662045060658577,24.0,67.05785714285715,0.9349999999999999,0.0030329289428076256,21.0,69.80196428571428,0.8800000000000001,,
Llama-3.1-8B,Llama-3.1-8B,722,1.0,20,0.0,0.0,0.0,0.0,0.765,0.8779525381784222,0.8524314844037428,0.9757894736842107,0.9131578947368423,0.0,0.015789473684210527,0.006787983824378971,47.0,46.45033416875522,0.76,0.006065857885615251,42.0,52.775723622782444,0.7150000000000001,,
Llama-3.1-8B,Llama-3.1-8B,722,2.0,20,0.0,0.0,0.0,0.0,0.135,0.9951011777677901,0.9283333333333333,0.9657894736842105,0.19578947368421054,0.0,0.05789473684210526,0.0027440785673021376,19.0,62.313725490196084,0.13500000000000004,0.0025996533795493936,18.0,72.57777777777778,0.12000000000000002,,
Llama-3.1-8B,Llama-3.1-8B,748,0.0,20,0.2312518610543103,0.11862970166056315,0.2312518610543103,0.11862970166056315,1.0,0.06124401913875596,0.06124401913875596,0.03368421052631579,0.03368421052631579,0.6631578947368421,0.6631578947368421,0.0012998266897746968,9.0,25.55,0.8000000000000002,0.0012998266897746968,9.0,25.55,0.8000000000000002,0.512989176042577,0.512989176042577
Llama-3.1-8B,Llama-3.1-8B,748,0.5,20,0.0,0.0,0.0,0.0,0.7549999999999999,0.7657948283498228,0.739650827328846,0.9184210526315789,0.8442105263157896,0.0,0.031578947368421054,0.004043905257076834,28.0,27.292321428571427,0.75,0.0033217793183131137,23.0,27.41944444444444,0.6499999999999999,,
Llama-3.1-8B,Llama-3.1-8B,748,1.0,20,0.0,0.0,0.0,0.0,0.6799999999999999,0.9020881150244032,0.886263504840171,0.9794736842105264,0.8378947368421055,0.0,0.005263157894736842,0.006932409012131715,48.0,30.199916457811195,0.73,0.005921432697862507,41.0,23.291854636591477,0.64,,
Llama-3.1-8B,Llama-3.1-8B,748,2.0,20,0.0,0.0,0.0,0.0,0.125,0.9970051774172274,0.8017042606516291,0.9642105263157894,0.20210526315789476,0.0,0.19473684210526315,0.0031773541305603697,22.0,15.818181818181818,0.13999999999999999,0.0027440785673021376,19.0,17.391666666666666,0.11499999999999999,,
Llama-3.1-8B,Llama-3.1-8B,751,0.0,20,0.0,0.0,0.0,0.0,0.9199999999999999,0.25263157894736843,0.24701754385964914,0.3031578947368421,0.3031578947368421,0.6631578947368421,0.6631578947368421,0.001877527440785673,13.0,4.275,0.8000000000000002,0.0017331022530329288,12.0,4.032142857142857,0.7200000000000001,,
Llama-3.1-8B,Llama-3.1-8B,751,0.5,20,0.0,0.0,0.0,0.0,0.8400000000000001,0.7906633297540907,0.8157648221231812,0.9336842105263158,0.8605263157894737,0.0,0.0,0.006210283073367995,43.0,9.32781746031746,0.8100000000000002,0.005921432697862507,41.0,8.98793650793651,0.695,,
Llama-3.1-8B,Llama-3.1-8B,751,1.0,20,0.0,0.0,0.0,0.0,0.885,0.9202519327213805,0.9158910145491536,0.9815789473684211,0.9294736842105265,0.0,0.0,0.010543038705950318,73.0,8.383194444444444,0.795,0.01025418833044483,71.0,8.44361111111111,0.75,,
Llama-3.1-8B,Llama-3.1-8B,751,2.0,20,0.0,0.0,0.0,0.0,0.125,0.9985497800228124,0.8021052631578947,0.9747368421052631,0.20684210526315797,0.0,0.19473684210526315,0.002455228191796649,17.0,13.283333333333335,0.095,0.002455228191796649,17.0,13.283333333333335,0.095,,
Llama-3.1-8B,Llama-3.1-8B,774,0.0,20,0.0,0.0,0.0,0.0,0.5,0.0,0.0,0.0,0.0,1.0,1.0,0.0014442518775274408,10.0,20.300000000000004,1.0,0.0007221259387637204,5.0,12.199999999999998,0.5,,
Llama-3.1-8B,Llama-3.1-8B,774,0.5,20,0.0,0.0,0.0,0.0,0.5700000000000001,0.643735448644199,0.8139328069591227,0.7800000000000001,0.61,0.0,0.0,0.005054881571346043,35.0,20.06722222222222,0.9549999999999998,0.004332755632582322,30.0,17.066388888888888,0.55,,
Llama-3.1-8B,Llama-3.1-8B,774,1.0,20,0.0,0.0,0.0,0.0,0.6499999999999999,0.8565260383931965,0.9212483203930575,0.9126315789473686,0.7352631578947367,0.0,0.0,0.008087810514153668,56.0,19.810892857142857,0.85,0.007221259387637204,50.0,19.67312030075188,0.61,,
Llama-3.1-8B,Llama-3.1-8B,774,2.0,20,0.0,0.0,0.0,0.0,0.12,0.9885258812666341,0.7814703425229742,0.9836842105263158,0.1952631578947368,0.0,0.19473684210526315,0.0027440785673021376,19.0,15.380952380952381,0.15,0.002166377816291161,15.0,17.183333333333334,0.11500000000000002,,
Llama-3.1-8B,Llama-3.1-8B,776,0.0,20,0.0,0.0,0.0,0.0,1.0,0.0,0.0,0.0,0.0,1.0,1.0,0.0014442518775274408,10.0,6.8,1.0,0.0014442518775274408,10.0,6.8,1.0,,
Llama-3.1-8B,Llama-3.1-8B,776,0.5,20,0.016666666666666666,0.07453559924999299,0.01934264036172708,0.08650291742630577,0.9400000000000001,0.438976289945819,0.41333883952305,0.8236842105263158,0.8,0.0,0.0,0.0027440785673021376,19.0,11.398472222222221,0.8899999999999999,0.002455228191796649,17.0,10.979722222222223,0.875,4.47213595499958,4.4721359549995805
Llama-3.1-8B,Llama-3.1-8B,776,1.0,20,0.031546487678572877,0.14108018180129694,0.031546487678572877,0.14108018180129694,0.845,0.8134699543571957,0.7916853001297762,0.9489473684210527,0.8973684210526316,0.0,0.0,0.006787983824378971,47.0,22.70714285714286,0.8150000000000002,0.006354708261120739,44.0,20.329583333333336,0.78,4.472135954999579,4.472135954999579
Llama-3.1-8B,Llama-3.1-8B,776,2.0,20,0.0,0.0,0.0,0.0,0.195,0.9948592804548483,0.9330075187969925,0.9868421052631579,0.29105263157894745,0.0,0.05789473684210526,0.004332755632582322,30.0,64.72044817927171,0.20999999999999996,0.00389948006932409,27.0,17.833333333333332,0.18000000000000002,,
Llama-3.1-8B,Llama-3.1-8B,820,0.0,20,0.0,0.0,0.0,0.0,0.5,0.0,0.0,0.0,0.0,1.0,1.0,0.0014442518775274408,10.0,44.20000000000001,1.0,0.0007221259387637204,5.0,9.599999999999998,0.5,,
Llama-3.1-8B,Llama-3.1-8B,820,0.5,20,0.01934264036172708,0.08650291742630577,0.05,0.22360679774997894,0.515,0.7292564387073105,0.8309821757190177,0.8147368421052632,0.5536842105263158,0.0,0.0,0.005921432697862507,41.0,44.63055555555556,0.86,0.005054881571346043,35.0,17.939603174603175,0.505,4.4721359549995805,4.472135954999579
Llama-3.1-8B,Llama-3.1-8B,820,1.0,20,0.11967389684036189,0.19120461512757303,0.22975964202381244,0.3873979293029722,0.55,0.8573606554083578,0.9155305272642734,0.9531578947368422,0.6410526315789474,0.0,0.0,0.008376660889659156,58.0,40.56246031746032,0.78,0.007510109763142692,52.0,23.65936507936508,0.53,1.5977136215646843,1.686100856924307
Llama-3.1-8B,Llama-3.1-8B,820,2.0,20,0.0,0.0,0.0,0.0,0.13500000000000004,0.9950681657704633,0.9156140350877193,0.9857894736842105,0.20736842105263154,0.0,0.07894736842105263,0.0031773541305603697,22.0,19.273809523809526,0.13,0.0030329289428076256,21.0,19.48809523809524,0.125,,
Llama-3.1-8B,Llama-3.1-8B,829,0.0,20,0.0,0.0,0.0,0.0,1.0,0.0,0.0,0.0,0.0,1.0,1.0,0.0012998266897746968,9.0,26.555555555555554,0.8999999999999998,0.0012998266897746968,9.0,26.555555555555554,0.8999999999999998,,
Llama-3.1-8B,Llama-3.1-8B,829,0.5,20,0.0,0.0,0.0,0.0,0.8950000000000001,0.7479634895367337,0.7307062166600621,0.922105263157895,0.9094736842105263,0.0,0.0,0.006065857885615251,42.0,22.039067460317458,0.8099999999999999,0.005488157134604275,38.0,22.23628968253968,0.76,,
Llama-3.1-8B,Llama-3.1-8B,829,1.0,20,0.0,0.0,0.0,0.0,0.9199999999999999,0.8842082825743408,0.8786927982713791,0.9742105263157896,0.9484210526315792,0.0,0.0,0.007943385326400924,55.0,19.509444444444444,0.8,0.007510109763142692,52.0,20.1005753968254,0.7500000000000002,,
Llama-3.1-8B,Llama-3.1-8B,829,2.0,20,0.0,0.0,0.0,0.0,0.125,0.9958790164265152,0.8440350877192982,0.9631578947368421,0.1931578947368421,0.0,0.14736842105263157,0.0033217793183131137,23.0,11.05952380952381,0.13999999999999999,0.0028885037550548816,20.0,12.611111111111112,0.125,,
Llama-3.1-8B,Llama-3.1-8B,837,0.0,20,0.0,0.0,0.0,0.0,0.20000000000000004,0.0,0.0,0.0,0.0,1.0,1.0,0.00028885037550548814,2.0,1.5,0.20000000000000004,0.00028885037550548814,2.0,1.5,0.20000000000000004,,
Llama-3.1-8B,Llama-3.1-8B,837,0.5,20,0.0,0.0,0.0,0.0,0.5700000000000001,0.7086388125073558,0.6511216853322116,0.8873684210526317,0.6768421052631579,0.0,0.010526315789473684,0.0028885037550548816,20.0,11.410277777777777,0.5900000000000001,0.0027440785673021376,19.0,10.735277777777776,0.5700000000000001,,
Llama-3.1-8B,Llama-3.1-8B,837,1.0,20,0.0,0.0,0.0,0.0,0.78,0.9238248678972973,0.9147373100619801,0.9810526315789474,0.9226315789473685,0.0,0.0,0.009820912767186597,68.0,21.430277777777782,0.7750000000000001,0.009676487579433853,67.0,21.119722222222222,0.7650000000000001,,
Llama-3.1-8B,Llama-3.1-8B,837,2.0,20,0.0,0.0,0.0,0.0,0.11500000000000002,0.99661292032972,0.9147368421052632,0.9626315789473685,0.1752631578947369,0.0,0.08421052631578947,0.0033217793183131137,23.0,13.25595238095238,0.12500000000000003,0.0030329289428076256,21.0,13.482142857142858,0.11500000000000002,,
Llama-3.1-8B,Llama-3.1-8B,920,0.0,20,0.0,0.0,0.0,0.0,0.8999999999999998,0.06124401913875596,0.06736842105263156,0.13473684210526315,0.13473684210526315,0.6631578947368421,0.6631578947368421,0.0015886770652801848,11.0,53.7,1.0,0.0014442518775274408,10.0,45.55555555555556,0.8999999999999998,,
Llama-3.1-8B,Llama-3.1-8B,920,0.5,20,0.0,0.0,0.0,0.0,0.75,0.7356563054746208,0.748162342473488,0.9236842105263158,0.8505263157894738,0.0,0.015789473684210527,0.004766031195840554,33.0,34.18444444444445,0.79,0.004332755632582322,30.0,29.28377192982456,0.7150000000000001,,
Llama-3.1-8B,Llama-3.1-8B,920,1.0,20,0.0,0.0,0.0,0.0,0.72,0.9375301902847935,0.9266756234776032,0.9789473684210527,0.8873684210526317,0.0,0.015789473684210527,0.009820912767186597,68.0,25.493320105820104,0.74,0.009532062391681109,66.0,21.277731092436976,0.6950000000000001,,
Llama-3.1-8B,Llama-3.1-8B,920,2.0,20,0.0,0.0,0.0,0.0,0.12500000000000003,0.9950129521231036,0.8456140350877194,0.9557894736842105,0.19210526315789472,0.0,0.14736842105263157,0.0033217793183131137,23.0,19.352564102564102,0.135,0.0030329289428076256,21.0,15.25,0.12000000000000002,,
Llama-3.1-8B,Llama-3.1-8B,957,0.0,20,0.0,0.0,0.0,0.0,0.29999999999999993,0.0,0.0,0.0,0.0,1.0,1.0,0.0004332755632582322,3.0,9.666666666666664,0.29999999999999993,0.0004332755632582322,3.0,9.666666666666664,0.29999999999999993,,
Llama-3.1-8B,Llama-3.1-8B,957,0.5,20,0.0,0.0,0.0,0.0,0.5349999999999999,0.8374592940734784,0.8282235965788598,0.9321052631578949,0.6894736842105265,0.0,0.005263157894736842,0.004766031195840554,33.0,19.147117794486213,0.55,0.004332755632582322,30.0,18.76115288220551,0.53,,
Llama-3.1-8B,Llama-3.1-8B,957,1.0,20,0.0,0.0,0.0,0.0,0.6900000000000001,0.9307103249709572,0.9126335837365249,0.9868421052631579,0.815263157894737,0.0,0.0,0.008665511265164644,60.0,20.712281746031746,0.7150000000000001,0.008087810514153668,56.0,21.12043650793651,0.685,,
Llama-3.1-8B,Llama-3.1-8B,957,2.0,20,0.0,0.0,0.0,0.0,0.2,0.9944542172291887,0.9449122807017544,0.9563157894736841,0.30210526315789477,0.0,0.042105263157894736,0.004766031195840554,33.0,12.00140056022409,0.2,0.004477180820335066,31.0,10.032738095238095,0.19,,
Llama-3.2-3B,Llama-3.2-3B,83,0.0,20,0.33790810408827104,0.009387231520636826,0.39561755740231186,0.01798488786713407,0.7200000000000001,0.14035087719298242,0.16842105263157894,0.2694736842105263,0.20210526315789473,0.6631578947368421,0.6631578947368421,0.0014442518775274408,10.0,20.044444444444444,0.8200000000000001,0.0011554015020219526,8.0,20.20952380952381,0.6199999999999999,0.027780427302757496,0.04546028741804514
Llama-3.2-3B,Llama-3.2-3B,83,0.5,20,0.29170636520687887,0.15714963624846276,0.35367978494398095,0.20242556721425545,0.78,0.6073022687078823,0.6732221871695557,0.8005263157894738,0.6836842105263157,0.0,0.0,0.004043905257076834,28.0,16.337083333333332,0.865,0.003755054881571346,26.0,16.09454365079365,0.6849999999999999,0.5387254273214499,0.5723413546135171
Llama-3.2-3B,Llama-3.2-3B,83,1.0,20,0.14420705370899348,0.21029945024708033,0.18957440876375414,0.29274279245700147,0.735,0.8729125589436002,0.8927256055777729,0.9357894736842106,0.7463157894736843,0.0,0.0,0.008087810514153668,56.0,20.522876984126988,0.7949999999999999,0.007221259387637204,50.0,15.18984126984127,0.645,1.458315975801432,1.544210499539602
Llama-3.2-3B,Llama-3.2-3B,83,2.0,20,0.02153382790366965,0.09630220601677428,0.025,0.11180339887498947,0.14500000000000002,0.996179854852659,0.837124060150376,0.9552631578947368,0.23842105263157892,0.0,0.15263157894736842,0.0031773541305603697,22.0,23.171626984126984,0.13999999999999999,0.0028885037550548816,20.0,25.55357142857143,0.13,4.47213595499958,4.472135954999579
Llama-3.2-3B,Llama-3.2-3B,86,0.0,20,0.0,0.0,0.0,0.0,0.8999999999999998,0.0,0.0,0.0,0.0,1.0,1.0,0.0014442518775274408,10.0,9.900000000000002,1.0,0.0012998266897746968,9.0,8.0,0.8999999999999998,,
Llama-3.2-3B,Llama-3.2-3B,86,0.5,20,0.0,0.0,0.0,0.0,0.6650000000000001,0.7688804085355738,0.7851957197429335,0.8905263157894736,0.7610526315789472,0.0,0.0,0.005921432697862507,41.0,21.767878028404343,0.8250000000000002,0.00389948006932409,27.0,13.289933166248957,0.5999999999999999,,
Llama-3.2-3B,Llama-3.2-3B,86,1.0,20,0.0,0.0,0.0,0.0,0.555,0.9249765883727916,0.9241477824720861,0.961578947368421,0.7610526315789475,0.0,0.015789473684210527,0.009820912767186597,68.0,17.61624779541446,0.68,0.00707683419988446,49.0,13.643551587301587,0.5,,
Llama-3.2-3B,Llama-3.2-3B,86,2.0,20,0.0,0.0,0.0,0.0,0.045,0.9860007305713677,0.5824561403508772,0.8778947368421053,0.07789473684210525,0.0,0.4105263157894737,0.002166377816291161,15.0,18.378205128205128,0.11500000000000002,0.0008665511265164644,6.0,5.583333333333333,0.04,,
Llama-3.2-3B,Llama-3.2-3B,92,0.0,20,0.0,0.0,0.0,0.0,0.5400000000000001,0.19248120300751878,0.16842105263157894,0.13473684210526315,0.10105263157894737,0.6631578947368421,0.6631578947368421,0.0005777007510109763,4.0,19.3,0.36000000000000004,0.0005777007510109763,4.0,19.3,0.36000000000000004,,
Llama-3.2-3B,Llama-3.2-3B,92,0.5,20,0.0,0.0,0.0,0.0,0.6450000000000001,0.7749829058562966,0.742905557205093,0.9073684210526317,0.7105263157894737,0.0,0.005263157894736842,0.003610629693818602,25.0,26.487103174603174,0.5849999999999999,0.0034662045060658577,24.0,15.009920634920636,0.5299999999999999,,
Llama-3.2-3B,Llama-3.2-3B,92,1.0,20,0.0,0.0,0.0,0.0,0.6300000000000001,0.9249141835478809,0.917032535431183,0.9615789473684211,0.7784210526315788,0.0,0.005263157894736842,0.00779896013864818,54.0,17.398988095238096,0.6300000000000001,0.007365684575389948,51.0,12.958201058201057,0.5850000000000001,,
Llama-3.2-3B,Llama-3.2-3B,92,2.0,20,0.0,0.0,0.0,0.0,0.15499999999999997,0.9957521027801702,0.8026253132832081,0.9421052631578948,0.2636842105263158,0.0,0.18947368421052632,0.0031773541305603697,22.0,41.54232804232804,0.135,0.0030329289428076256,21.0,41.58121693121693,0.12999999999999998,,
Llama-3.2-3B,Llama-3.2-3B,126,0.0,20,0.0,0.0,0.0,0.0,0.5999999999999999,0.10105263157894738,0.0,0.2694736842105263,0.16842105263157894,0.6631578947368421,0.6631578947368421,0.0010109763142692085,7.0,32.71428571428571,0.6999999999999998,0.0008665511265164644,6.0,22.83333333333333,0.5999999999999999,,
Llama-3.2-3B,Llama-3.2-3B,126,0.5,20,0.0,0.0,0.0,0.0,0.7500000000000001,0.5718458257428846,0.5628108003108003,0.7747368421052633,0.6436842105263157,0.0,0.0,0.003610629693818602,25.0,34.28418650793652,0.85,0.0031773541305603697,22.0,26.039186507936506,0.7100000000000001,,
Llama-3.2-3B,Llama-3.2-3B,126,1.0,20,0.0,0.0,0.0,0.0,0.54,0.9006643584313863,0.9226669151282155,0.9326315789473685,0.6978947368421052,0.0,0.005263157894736842,0.007221259387637204,50.0,28.68996913580247,0.62,0.006499133448873483,45.0,19.722385620915034,0.5000000000000001,,
Llama-3.2-3B,Llama-3.2-3B,126,2.0,20,0.0,0.0,0.0,0.0,0.165,0.9875412230121371,0.8666102756892231,0.9594736842105264,0.24473684210526317,0.0,0.08421052631578947,0.0030329289428076256,21.0,15.046153846153846,0.16000000000000003,0.0027440785673021376,19.0,15.174999999999999,0.15000000000000002,,
Llama-3.2-3B,Llama-3.2-3B,181,0.0,20,0.0,0.0,0.0,0.0,0.6999999999999998,0.0,0.0,0.0,0.0,1.0,1.0,0.0014442518775274408,10.0,37.29999999999999,1.0,0.0010109763142692085,7.0,20.42857142857143,0.6999999999999998,,
Llama-3.2-3B,Llama-3.2-3B,181,0.5,20,0.0,0.0,0.0,0.0,0.575,0.7045506566017402,0.8084910265173422,0.9,0.6168421052631579,0.0,0.0,0.004766031195840554,33.0,40.43888888888889,0.82,0.004043905257076834,28.0,20.34190476190476,0.525,,
Llama-3.2-3B,Llama-3.2-3B,181,1.0,20,0.0,0.0,0.0,0.0,0.5549999999999999,0.9182299655877952,0.9235925405004353,0.9784210526315791,0.6868421052631579,0.0,0.005263157894736842,0.008665511265164644,60.0,26.10509259259259,0.6700000000000002,0.007654534950895436,53.0,15.955114638447974,0.51,,
Llama-3.2-3B,Llama-3.2-3B,181,2.0,20,0.0,0.0,0.0,0.0,0.125,0.996201015209692,0.7004300524037367,0.9126315789473685,0.21526315789473688,0.0,0.2894736842105263,0.0033217793183131137,23.0,16.566666666666666,0.145,0.0025996533795493936,18.0,6.5814814814814815,0.12,,
Llama-3.2-3B,Llama-3.2-3B,197,0.0,20,0.0,0.0,0.0,0.0,0.8000000000000002,0.0,0.0,0.0,0.0,1.0,1.0,0.0011554015020219526,8.0,48.0,0.8000000000000002,0.0010109763142692085,7.0,20.142857142857146,0.6999999999999998,,
Llama-3.2-3B,Llama-3.2-3B,197,0.5,20,0.0,0.0,0.0,0.0,0.7699999999999999,0.674033403341901,0.6748871664970736,0.876842105263158,0.7426315789473685,0.0,0.0,0.004477180820335066,31.0,44.519246031746036,0.745,0.004043905257076834,28.0,25.868809523809524,0.6649999999999999,,
Llama-3.2-3B,Llama-3.2-3B,197,1.0,20,0.0,0.0,0.0,0.0,0.795,0.8444730323765275,0.8314367684259324,0.9657894736842106,0.8357894736842106,0.0,0.0,0.007365684575389948,51.0,41.710932539682545,0.725,0.006787983824378971,47.0,27.397083333333335,0.6549999999999998,,
Llama-3.2-3B,Llama-3.2-3B,197,2.0,20,0.0,0.0,0.0,0.0,0.205,0.994505122455261,0.905797827903091,0.9836842105263157,0.32263157894736844,0.0,0.07894736842105263,0.0034662045060658577,24.0,19.496031746031747,0.175,0.0034662045060658577,24.0,19.496031746031747,0.175,,
Llama-3.2-3B,Llama-3.2-3B,367,0.0,20,0.0,0.0,0.0,0.0,0.9799999999999998,0.15546558704453442,0.14035087719298242,0.10105263157894737,0.10105263157894737,0.6631578947368421,0.6631578947368421,0.0017331022530329288,12.0,6.5555555555555545,0.8999999999999998,0.0015886770652801848,11.0,5.313888888888888,0.8800000000000001,,
Llama-3.2-3B,Llama-3.2-3B,367,0.5,20,0.0,0.0,0.0,0.0,0.97,0.7439440092749934,0.7420657723633527,0.8789473684210526,0.8773684210526315,0.0,0.0,0.005921432697862507,41.0,4.23640873015873,0.8450000000000001,0.005777007510109763,40.0,4.298075396825396,0.8400000000000001,,
Llama-3.2-3B,Llama-3.2-3B,367,1.0,20,0.0,0.0,0.0,0.0,0.755,0.9543541904296345,0.9438276590653566,0.9773684210526317,0.8736842105263158,0.0,0.005263157894736842,0.010109763142692086,70.0,5.68994708994709,0.7000000000000001,0.009676487579433853,67.0,5.46574074074074,0.6799999999999999,,
Llama-3.2-3B,Llama-3.2-3B,367,2.0,20,0.03065735963827292,0.1371038803236732,0.03065735963827292,0.1371038803236732,0.16000000000000003,0.9988074384878605,0.7608187134502923,0.9136842105263159,0.27,0.0,0.23684210526315788,0.004043905257076834,28.0,5.702164502164502,0.15,0.003610629693818602,25.0,6.469047619047619,0.135,4.472135954999579,4.472135954999579
Llama-3.2-3B,Llama-3.2-3B,400,0.0,20,0.0,0.0,0.0,0.0,0.8000000000000002,0.0,0.0,0.0,0.0,1.0,1.0,0.0014442518775274408,10.0,37.5,1.0,0.0011554015020219526,8.0,34.25,0.8000000000000002,,
Llama-3.2-3B,Llama-3.2-3B,400,0.5,20,0.0,0.0,0.0,0.0,0.705,0.657977929928598,0.7290729592045382,0.7952631578947367,0.7142105263157894,0.010526315789473684,0.010526315789473684,0.004043905257076834,28.0,34.7299007936508,0.8450000000000001,0.003755054881571346,26.0,30.68738095238095,0.6599999999999999,,
Llama-3.2-3B,Llama-3.2-3B,400,1.0,20,0.0,0.0,0.0,0.0,0.765,0.9054555086115703,0.9165123298026183,0.9721052631578948,0.826842105263158,0.0,0.0,0.009387637203928365,65.0,27.321210317460316,0.8150000000000001,0.008954361640670132,62.0,24.925793650793654,0.715,,
Llama-3.2-3B,Llama-3.2-3B,400,2.0,20,0.0,0.0,0.0,0.0,0.07000000000000002,0.9937208816205069,0.8008771929824562,0.9221052631578947,0.10947368421052632,0.0,0.19473684210526315,0.002021952628538417,14.0,20.98717948717949,0.095,0.0015886770652801848,11.0,19.848484848484848,0.07000000000000002,,
Llama-3.2-3B,Llama-3.2-3B,421,0.0,20,0.0,0.0,0.0,0.0,0.8999999999999998,0.0,0.0,0.0,0.0,1.0,1.0,0.0012998266897746968,9.0,17.77777777777778,0.8999999999999998,0.0011554015020219526,8.0,18.875,0.8000000000000002,,
Llama-3.2-3B,Llama-3.2-3B,421,0.5,20,0.0,0.0,0.0,0.0,0.7700000000000001,0.5969548321430348,0.6078098509677458,0.7605263157894737,0.6142105263157895,0.0,0.0,0.004188330444829578,29.0,23.54277777777778,0.9199999999999999,0.003610629693818602,25.0,22.18244047619048,0.74,,
Llama-3.2-3B,Llama-3.2-3B,421,1.0,20,0.008861964339202387,0.039631909353271086,0.00967132018086354,0.04325145871315288,0.7700000000000001,0.8070429174323586,0.8229407469035954,0.9215789473684212,0.8052631578947368,0.0,0.0,0.0085210860774119,59.0,23.24392857142857,0.875,0.007510109763142692,52.0,24.57121031746032,0.7400000000000001,4.47213595499958,4.47213595499958
Llama-3.2-3B,Llama-3.2-3B,421,2.0,20,0.0,0.0,0.0,0.0,0.225,0.9929890157639872,0.9320403280929596,0.9752631578947369,0.34842105263157896,0.0,0.05789473684210526,0.004910456383593298,34.0,11.620000000000001,0.24,0.00462160600808781,32.0,9.93095238095238,0.20999999999999996,,
Llama-3.2-3B,Llama-3.2-3B,427,0.0,20,0.0,0.0,0.0,0.0,0.5999999999999999,0.0,0.0,0.0,0.0,1.0,1.0,0.0011554015020219526,8.0,34.0,0.8000000000000002,0.0008665511265164644,6.0,25.33333333333333,0.5999999999999999,,
Llama-3.2-3B,Llama-3.2-3B,427,0.5,20,0.0,0.0,0.0,0.0,0.7200000000000001,0.7511676607570368,0.7955143102511524,0.9073684210526317,0.738421052631579,0.0,0.0,0.006210283073367995,43.0,32.97805555555556,0.89,0.005488157134604275,38.0,25.114920634920637,0.7000000000000001,,
Llama-3.2-3B,Llama-3.2-3B,427,1.0,20,0.0,0.0,0.0,0.0,0.62,0.9224582744396986,0.9531658331348734,0.9757894736842105,0.7705263157894736,0.0,0.0,0.011554015020219527,80.0,25.417996031746032,0.7650000000000001,0.00924321201617562,64.0,17.423976608187132,0.575,,
Llama-3.2-3B,Llama-3.2-3B,427,2.0,20,0.0,0.0,0.0,0.0,0.10500000000000001,0.9988345864661655,0.65,0.938421052631579,0.18315789473684216,0.0,0.3473684210526316,0.0028885037550548816,20.0,8.86,0.11500000000000002,0.002455228191796649,17.0,9.804166666666665,0.095,,
Llama-3.2-3B,Llama-3.2-3B,442,0.0,20,0.0,0.0,0.0,0.0,0.8999999999999998,0.0,0.0,0.0,0.0,1.0,1.0,0.0012998266897746968,9.0,13.666666666666666,0.8999999999999998,0.0011554015020219526,8.0,12.375,0.8000000000000002,,
Llama-3.2-3B,Llama-3.2-3B,442,0.5,20,0.0,0.0,0.0,0.0,0.7300000000000001,0.7569865102444133,0.7553811818556401,0.8526315789473684,0.7526315789473684,0.0,0.005263157894736842,0.005054881571346043,35.0,11.739166666666666,0.785,0.004910456383593298,34.0,10.328194444444444,0.705,,
Llama-3.2-3B,Llama-3.2-3B,442,1.0,20,0.0,0.0,0.0,0.0,0.645,0.8984912487617392,0.9036731874077077,0.9568421052631579,0.7726315789473683,0.0,0.0,0.008665511265164644,60.0,12.476921470342523,0.6799999999999999,0.00779896013864818,54.0,11.426399331662491,0.5850000000000001,,
Llama-3.2-3B,Llama-3.2-3B,442,2.0,20,0.0,0.0,0.0,0.0,0.09000000000000001,0.9983641702294953,0.7631578947368421,0.961578947368421,0.1515789473684211,0.0,0.23684210526315788,0.0028885037550548816,20.0,11.575757575757576,0.10000000000000002,0.0025996533795493936,18.0,12.883333333333335,0.09000000000000001,,
Llama-3.2-3B,Llama-3.2-3B,445,0.0,20,0.0,0.0,0.0,0.0,0.29999999999999993,0.0,0.0,0.0,0.0,1.0,1.0,0.0007221259387637204,5.0,37.0,0.5,0.0004332755632582322,3.0,19.66666666666667,0.29999999999999993,,
Llama-3.2-3B,Llama-3.2-3B,445,0.5,20,0.0,0.0,0.0,0.0,0.45999999999999996,0.5016882970830339,0.5277527151211362,0.6505263157894738,0.4426315789473685,0.0,0.005263157894736842,0.0025996533795493936,18.0,32.27869047619048,0.655,0.001877527440785673,13.0,17.834285714285716,0.44000000000000006,,
Llama-3.2-3B,Llama-3.2-3B,445,1.0,20,0.0,0.0,0.0,0.0,0.635,0.7980027206919419,0.8396548334706229,0.9326315789473687,0.7352631578947367,0.0,0.0,0.007943385326400924,55.0,23.812738095238096,0.76,0.006354708261120739,44.0,13.272142857142857,0.545,,
Llama-3.2-3B,Llama-3.2-3B,445,2.0,20,0.0,0.0,0.0,0.0,0.12,0.9958069580556137,0.8425438596491228,0.9736842105263158,0.19105263157894742,0.0,0.14736842105263157,0.0028885037550548816,20.0,27.84545454545454,0.13000000000000003,0.002455228191796649,17.0,25.572727272727274,0.10500000000000001,,
Llama-3.2-3B,Llama-3.2-3B,495,0.0,20,0.0,0.0,0.0,0.0,0.5999999999999999,0.0,0.0,0.0,0.0,1.0,1.0,0.0010109763142692085,7.0,28.0,0.6999999999999998,0.0008665511265164644,6.0,29.166666666666664,0.5999999999999999,,
Llama-3.2-3B,Llama-3.2-3B,495,0.5,20,0.0,0.0,0.0,0.0,0.675,0.7007442524207639,0.7134949699423385,0.8368421052631579,0.6505263157894736,0.0,0.0,0.005054881571346043,35.0,37.19623015873016,0.85,0.004477180820335066,31.0,29.264087301587303,0.675,,
Llama-3.2-3B,Llama-3.2-3B,495,1.0,20,0.03799168165515983,0.10243362659902283,0.0,0.0,0.5899999999999999,0.8713905316208966,0.9012103247629563,0.93,0.6910526315789473,0.0,0.0,0.00779896013864818,54.0,31.99876984126984,0.7449999999999999,0.006499133448873483,45.0,19.38763888888889,0.575,2.696211963681551,
Llama-3.2-3B,Llama-3.2-3B,495,2.0,20,0.019519002499605084,0.08729163288421056,0.0,0.0,0.10500000000000001,0.9949823318417501,0.8592105263157894,0.9747368421052631,0.15947368421052635,0.0,0.13157894736842105,0.0027440785673021376,19.0,20.615384615384617,0.12000000000000002,0.002310803004043905,16.0,14.0,0.10500000000000001,4.47213595499958,
Llama-3.2-3B,Llama-3.2-3B,506,0.0,20,1.0,0.0,1.0,0.0,0.8999999999999998,0.0,0.0,0.16842105263157894,0.16842105263157894,0.6631578947368421,0.6631578947368421,0.0012998266897746968,9.0,7.111111111111112,0.8999999999999998,0.0011554015020219526,8.0,7.125,0.8000000000000002,0.0,0.0
Llama-3.2-3B,Llama-3.2-3B,506,0.5,20,0.8780803155822425,0.27271093616303616,0.9315464876785728,0.23423955122638537,0.825,0.6549286391554601,0.6657065801415647,0.8121052631578948,0.718421052631579,0.0,0.0,0.005921432697862507,41.0,9.545753968253967,0.8550000000000001,0.005343731946851531,37.0,9.782519841269842,0.7249999999999999,0.31057630073645986,0.25145234760115265
Llama-3.2-3B,Llama-3.2-3B,506,1.0,20,0.6327324383928644,0.41252464027313457,0.7315464876785729,0.4409837734957586,0.7150000000000001,0.868144632737675,0.871630325299056,0.9552631578947368,0.7647368421052633,0.0,0.0,0.008087810514153668,56.0,9.519862155388472,0.7750000000000001,0.007221259387637204,50.0,10.100668337510442,0.635,0.651973275340433,0.6028103215902777
Llama-3.2-3B,Llama-3.2-3B,506,2.0,20,0.09653382790366966,0.2564029209004369,0.125,0.31933318682925255,0.08,0.9967970914127423,0.5783333333333334,0.9700000000000001,0.13947368421052633,0.0,0.41578947368421054,0.002166377816291161,15.0,7.489583333333334,0.095,0.0017331022530329288,12.0,8.452380952380953,0.08,2.6560939980159013,2.5546654946340204
Llama-3.2-3B,Llama-3.2-3B,515,0.0,20,0.0,0.0,0.0,0.0,0.29999999999999993,0.0,0.0,0.0,0.0,1.0,1.0,0.0008665511265164644,6.0,23.0,0.5999999999999999,0.0004332755632582322,3.0,22.66666666666667,0.29999999999999993,,
Llama-3.2-3B,Llama-3.2-3B,515,0.5,20,0.0,0.0,0.0,0.0,0.6300000000000001,0.6130696161423715,0.6086299227088702,0.7631578947368423,0.6578947368421053,0.0,0.0,0.004332755632582322,30.0,33.61257936507937,0.78,0.003755054881571346,26.0,25.497083333333332,0.615,,
Llama-3.2-3B,Llama-3.2-3B,515,1.0,20,0.0,0.0,0.0,0.0,0.7250000000000001,0.8664660986497797,0.8684080732648845,0.9368421052631579,0.8057894736842105,0.0,0.0,0.00779896013864818,54.0,25.361309523809524,0.7950000000000002,0.007221259387637204,50.0,19.437876984126984,0.6950000000000001,,
Llama-3.2-3B,Llama-3.2-3B,515,2.0,20,0.0,0.0,0.0,0.0,0.095,0.9970953999832117,0.7526315789473684,0.9252631578947369,0.1578947368421053,0.0,0.24210526315789474,0.002310803004043905,16.0,24.36111111111111,0.09,0.001877527440785673,13.0,18.26388888888889,0.065,,
Llama-3.2-3B,Llama-3.2-3B,544,0.0,20,0.0,0.0,0.0,0.0,0.5,0.0,0.0,0.0,0.0,1.0,1.0,0.0011554015020219526,8.0,55.875,0.8000000000000002,0.0005777007510109763,4.0,17.5,0.4000000000000001,,
Llama-3.2-3B,Llama-3.2-3B,544,0.5,20,0.0,0.0,0.0,0.0,0.55,0.7196775179991732,0.8141534781008464,0.7773684210526315,0.5947368421052631,0.0,0.0,0.005777007510109763,40.0,44.44630952380952,0.7499999999999999,0.005054881571346043,35.0,11.881785714285714,0.41999999999999993,,
Llama-3.2-3B,Llama-3.2-3B,544,1.0,20,0.0,0.0,0.0,0.0,0.55,0.9200816555531808,0.9198490544543176,0.9552631578947368,0.6968421052631578,0.0,0.015789473684210527,0.008954361640670132,62.0,18.859634038800703,0.6200000000000001,0.007510109763142692,52.0,10.970985060690944,0.4699999999999999,,
Llama-3.2-3B,Llama-3.2-3B,544,2.0,20,0.0,0.0,0.0,0.0,0.16,0.9975069252077562,0.9135025062656642,0.9973684210526316,0.2547368421052632,0.0,0.07894736842105263,0.00389948006932409,27.0,17.26830357142857,0.15500000000000003,0.0034662045060658577,24.0,13.21734693877551,0.14000000000000004,,
Llama-3.2-3B,Llama-3.2-3B,636,0.0,20,0.0,0.0,0.0,0.0,0.6999999999999998,0.0,0.0,0.0,0.0,1.0,1.0,0.0011554015020219526,8.0,28.125,0.8000000000000002,0.0010109763142692085,7.0,29.0,0.6999999999999998,,
Llama-3.2-3B,Llama-3.2-3B,636,0.5,20,0.028532085947766007,0.08809018846955696,0.0,0.0,0.5650000000000002,0.661978333843659,0.6813051422261949,0.7978947368421054,0.5547368421052632,0.0,0.0,0.004766031195840554,33.0,36.18920634920635,0.7000000000000001,0.0030329289428076256,21.0,40.76916666666666,0.5349999999999999,3.0874079319270455,
Llama-3.2-3B,Llama-3.2-3B,636,1.0,20,0.0,0.0,0.0,0.0,0.395,0.9101455285928562,0.9111441461015765,0.9352631578947369,0.5321052631578947,0.0,0.015789473684210527,0.006210283073367995,43.0,28.311344537815128,0.45999999999999996,0.004477180820335066,31.0,33.49663865546218,0.32999999999999996,,
Llama-3.2-3B,Llama-3.2-3B,636,2.0,20,0.0,0.0,0.0,0.0,0.04,0.9968274886131738,0.5157894736842106,0.9410526315789475,0.07105263157894735,0.0,0.4842105263157895,0.0012998266897746968,9.0,9.229166666666666,0.06,0.0007221259387637204,5.0,2.2,0.030000000000000006,,
Llama-3.2-3B,Llama-3.2-3B,640,0.0,20,0.0,0.0,0.0,0.0,0.29999999999999993,0.0,0.0,0.0,0.0,1.0,1.0,0.0010109763142692085,7.0,57.28571428571428,0.6999999999999998,0.0004332755632582322,3.0,34.33333333333334,0.29999999999999993,,
Llama-3.2-3B,Llama-3.2-3B,640,0.5,20,0.0,0.0,0.0,0.0,0.48999999999999994,0.6240931583036846,0.7619346443030655,0.7863157894736841,0.5536842105263159,0.0,0.005263157894736842,0.00389948006932409,27.0,46.565643274853805,0.8100000000000002,0.0033217793183131137,23.0,32.58783068783069,0.47999999999999987,,
Llama-3.2-3B,Llama-3.2-3B,640,1.0,20,0.0,0.0,0.0,0.0,0.5399999999999999,0.930942933508112,0.9444764725298781,0.9642105263157897,0.7178947368421055,0.0,0.005263157894736842,0.00924321201617562,64.0,28.230743525480367,0.635,0.007943385326400924,55.0,24.03423721340388,0.47999999999999987,,
Llama-3.2-3B,Llama-3.2-3B,640,2.0,20,0.0,0.0,0.0,0.0,0.06000000000000001,0.9973452186471577,0.7078947368421052,0.9489473684210527,0.09894736842105263,0.0,0.2894736842105263,0.0014442518775274408,10.0,6.111111111111111,0.06000000000000001,0.0011554015020219526,8.0,5.375,0.045,,
Llama-3.2-3B,Llama-3.2-3B,681,0.0,20,0.0,0.0,0.0,0.0,0.8000000000000002,0.11228070175438598,0.13473684210526315,0.10105263157894737,0.10105263157894737,0.6631578947368421,0.6631578947368421,0.0017331022530329288,12.0,24.22,1.0,0.0014442518775274408,10.0,17.525,0.8000000000000002,,
Llama-3.2-3B,Llama-3.2-3B,681,0.5,20,0.0,0.0,0.0,0.0,0.685,0.6383399108631307,0.6883489317699845,0.7563157894736842,0.7005263157894736,0.0,0.0,0.006065857885615251,42.0,39.95410714285715,0.9149999999999998,0.004910456383593298,34.0,35.079166666666666,0.665,,
Llama-3.2-3B,Llama-3.2-3B,681,1.0,20,0.0,0.0,0.0,0.0,0.5549999999999999,0.9034117108381815,0.9383926599716075,0.9268421052631579,0.7005263157894737,0.0,0.0,0.008232235701906412,57.0,25.895476190476195,0.7050000000000001,0.006210283073367995,43.0,22.232380952380954,0.505,,
Llama-3.2-3B,Llama-3.2-3B,681,2.0,20,0.0,0.0,0.0,0.0,0.065,0.9983769796007045,0.588421052631579,0.9026315789473685,0.11526315789473683,0.0,0.4105263157894737,0.0025996533795493936,18.0,28.45,0.1,0.0015886770652801848,11.0,15.638888888888891,0.06,,
Llama-3.2-3B,Llama-3.2-3B,705,0.0,20,0.0,0.0,0.0,0.0,0.20000000000000004,0.0,0.0,0.0,0.0,1.0,1.0,0.0005777007510109763,4.0,32.25,0.4000000000000001,0.00014442518775274407,1.0,2.0,0.10000000000000002,,
Llama-3.2-3B,Llama-3.2-3B,705,0.5,20,0.0,0.0,0.0,0.0,0.5599999999999999,0.6785497126938385,0.7214426509163352,0.8336842105263158,0.6078947368421053,0.0,0.005263157894736842,0.0034662045060658577,24.0,19.277261904761907,0.6099999999999999,0.0028885037550548816,20.0,5.909398496240601,0.39999999999999997,,
Llama-3.2-3B,Llama-3.2-3B,705,1.0,20,0.0,0.0,0.0,0.0,0.5700000000000001,0.9440717326777291,0.9290276209858253,0.9847368421052631,0.7431578947368422,0.0,0.015789473684210527,0.008809936452917388,61.0,15.745260141093476,0.63,0.00707683419988446,49.0,9.936064425770308,0.5,,
Llama-3.2-3B,Llama-3.2-3B,705,2.0,20,0.0,0.0,0.0,0.0,0.05500000000000001,0.9993940443213296,0.5157894736842106,0.9642105263157895,0.1,0.0,0.4842105263157895,0.0015886770652801848,11.0,7.642857142857143,0.06,0.0014442518775274408,10.0,6.416666666666667,0.05500000000000001,,
Llama-3.2-3B,Llama-3.2-3B,722,0.0,20,0.0,0.0,0.0,0.0,0.8999999999999998,0.0,0.0,0.0,0.0,1.0,1.0,0.0012998266897746968,9.0,47.0,0.8999999999999998,0.0011554015020219526,8.0,49.0,0.8000000000000002,,
Llama-3.2-3B,Llama-3.2-3B,722,0.5,20,0.0,0.0,0.0,0.0,0.915,0.5564413510466142,0.5569121113664458,0.881578947368421,0.8415789473684212,0.0,0.0,0.004332755632582322,30.0,42.871924603174605,0.86,0.004188330444829578,29.0,44.07688492063492,0.7900000000000003,,
Llama-3.2-3B,Llama-3.2-3B,722,1.0,20,0.0,0.0,0.0,0.0,0.7000000000000001,0.9194646488792652,0.9150331720223361,0.9763157894736844,0.8289473684210528,0.0,0.0,0.009532062391681109,66.0,36.61982142857143,0.7,0.008376660889659156,58.0,37.71121031746033,0.6249999999999999,,
Llama-3.2-3B,Llama-3.2-3B,722,2.0,20,0.0,0.0,0.0,0.0,0.12500000000000003,0.9970360692753556,0.8785087719298247,0.9610526315789474,0.19,0.0,0.11052631578947368,0.0033217793183131137,23.0,30.326666666666668,0.15000000000000002,0.0027440785673021376,19.0,22.576923076923077,0.12500000000000003,,
Llama-3.2-3B,Llama-3.2-3B,748,0.0,20,0.0,0.0,0.0,0.0,0.6999999999999998,0.0,0.0,0.0,0.0,1.0,1.0,0.0011554015020219526,8.0,30.0,0.8000000000000002,0.0008665511265164644,6.0,34.83333333333334,0.5999999999999999,,
Llama-3.2-3B,Llama-3.2-3B,748,0.5,20,0.01781035935540111,0.07965034844475244,0.01934264036172708,0.08650291742630577,0.8,0.7080164761279313,0.7436542331937068,0.826842105263158,0.7147368421052632,0.0,0.0,0.004332755632582322,30.0,17.982857142857142,0.8300000000000001,0.004043905257076834,28.0,18.749682539682542,0.6849999999999999,4.47213595499958,4.4721359549995805
Llama-3.2-3B,Llama-3.2-3B,748,1.0,20,0.03562071871080222,0.10963825884899302,0.03715299971712819,0.11446253049361574,0.7300000000000001,0.9160497347600166,0.9112643376575265,0.9463157894736844,0.7763157894736842,0.0,0.0,0.009387637203928365,65.0,26.329563492063492,0.765,0.008232235701906412,57.0,17.182757936507937,0.63,3.077935056255462,3.0808422298360605
Llama-3.2-3B,Llama-3.2-3B,748,2.0,20,0.0,0.0,0.0,0.0,0.135,0.9968741513225788,0.8982456140350878,0.9831578947368421,0.20210526315789476,0.0,0.08421052631578947,0.002455228191796649,17.0,42.96153846153846,0.10500000000000002,0.002021952628538417,14.0,13.375,0.09,,
Llama-3.2-3B,Llama-3.2-3B,751,0.0,20,0.0,0.0,0.0,0.0,0.8999999999999998,0.0,0.0,0.0,0.0,1.0,1.0,0.0010109763142692085,7.0,4.428571428571429,0.6999999999999998,0.0008665511265164644,6.0,4.0,0.5999999999999999,,
Llama-3.2-3B,Llama-3.2-3B,751,0.5,20,0.0,0.0,0.0,0.0,0.86,0.556637354303763,0.535928507337176,0.7889473684210525,0.7168421052631578,0.0,0.0,0.0033217793183131137,23.0,5.935218253968254,0.6649999999999998,0.0031773541305603697,22.0,5.943988095238097,0.6049999999999999,,
Llama-3.2-3B,Llama-3.2-3B,751,1.0,20,0.0,0.0,0.0,0.0,0.8300000000000001,0.8657243665889992,0.8543109865710484,0.9489473684210527,0.8868421052631581,0.0,0.0,0.00779896013864818,54.0,7.4069642857142854,0.635,0.007510109763142692,52.0,7.236448412698413,0.6,,
Llama-3.2-3B,Llama-3.2-3B,751,2.0,20,0.0,0.0,0.0,0.0,0.075,0.9996491228070176,0.5894736842105263,0.9210526315789473,0.1368421052631579,0.0,0.4105263157894737,0.0017331022530329288,12.0,2.0833333333333335,0.06000000000000001,0.0017331022530329288,12.0,2.0833333333333335,0.06000000000000001,,
Llama-3.2-3B,Llama-3.2-3B,774,0.0,20,0.0,0.0,0.0,0.0,0.29999999999999993,0.07485380116959064,0.16842105263157894,0.03368421052631579,0.03368421052631579,0.6631578947368421,0.6631578947368421,0.0011554015020219526,8.0,24.45,0.7200000000000001,0.0004332755632582322,3.0,15.6,0.21999999999999997,,
Llama-3.2-3B,Llama-3.2-3B,774,0.5,20,0.0,0.0,0.0,0.0,0.30000000000000004,0.436024034445087,0.8208479532163743,0.5147368421052633,0.3536842105263157,0.005263157894736842,0.010526315789473684,0.0031773541305603697,22.0,27.42855158730158,0.7849999999999999,0.002455228191796649,17.0,24.28421052631579,0.29500000000000004,,
Llama-3.2-3B,Llama-3.2-3B,774,1.0,20,0.0,0.0,0.0,0.0,0.39,0.7144531003323981,0.9349100022784234,0.7842105263157895,0.46421052631578946,0.0,0.0,0.006499133448873483,45.0,22.708194444444445,0.7800000000000001,0.005632582322357019,39.0,22.244166666666665,0.37,,
Llama-3.2-3B,Llama-3.2-3B,774,2.0,20,0.0,0.0,0.0,0.0,0.09,0.9804052561238483,0.806140350877193,0.9326315789473684,0.14736842105263157,0.0,0.18947368421052632,0.0025996533795493936,18.0,10.208333333333334,0.135,0.002021952628538417,14.0,16.116666666666667,0.08499999999999999,,
Llama-3.2-3B,Llama-3.2-3B,776,0.0,20,0.0,0.0,0.0,0.0,0.20000000000000004,0.0,0.0,0.0,0.0,1.0,1.0,0.00028885037550548814,2.0,9.5,0.20000000000000004,0.00028885037550548814,2.0,9.5,0.20000000000000004,,
Llama-3.2-3B,Llama-3.2-3B,776,0.5,20,0.0,0.0,0.0,0.0,0.33999999999999997,0.5852418518014492,0.3811545910230121,0.6468421052631579,0.23684210526315788,0.005263157894736842,0.3473684210526316,0.0015886770652801848,11.0,8.962440476190476,0.33499999999999996,0.0014442518775274408,10.0,8.934761904761904,0.32999999999999996,,
Llama-3.2-3B,Llama-3.2-3B,776,1.0,20,0.0,0.0,0.0,0.0,0.56,0.7587950337913676,0.6409226300015775,0.8773684210526317,0.545263157894737,0.0,0.0,0.0030329289428076256,21.0,15.234285714285713,0.5700000000000001,0.0027440785673021376,19.0,11.00636904761905,0.53,,
Llama-3.2-3B,Llama-3.2-3B,776,2.0,20,0.0,0.0,0.0,0.0,0.135,0.9937782283166836,0.7575000000000001,0.8778947368421053,0.2268421052631579,0.0,0.23684210526315788,0.0030329289428076256,21.0,44.74166666666667,0.155,0.0027440785673021376,19.0,35.961111111111116,0.12,,
Llama-3.2-3B,Llama-3.2-3B,820,0.0,20,0.0,0.0,0.0,0.0,0.21999999999999997,0.11228070175438598,0.25263157894736843,0.06736842105263158,0.06736842105263158,0.6631578947368421,0.6631578947368421,0.0011554015020219526,8.0,56.57142857142858,0.6999999999999998,0.0004332755632582322,3.0,1.0,0.20000000000000004,,
Llama-3.2-3B,Llama-3.2-3B,820,0.5,20,0.08600038117794873,0.15431512016623952,0.16244982239111974,0.3072202815120484,0.33999999999999997,0.6701830738332694,0.9129469507101087,0.8068421052631579,0.4442105263157895,0.0,0.005263157894736842,0.004477180820335066,31.0,56.15309523809525,0.7050000000000001,0.003755054881571346,26.0,21.157894736842106,0.29999999999999993,1.7943539092801988,1.8911703133314257
Llama-3.2-3B,Llama-3.2-3B,820,1.0,20,0.0865986396452534,0.15516466260220133,0.11895678384763926,0.21590418382716312,0.45999999999999996,0.84943067659623,0.8933799971957866,0.9594736842105264,0.5663157894736842,0.0,0.005263157894736842,0.006787983824378971,47.0,31.693838763575602,0.6950000000000001,0.005777007510109763,40.0,13.230367585630743,0.43499999999999994,1.791767898870293,1.8149800023485403
Llama-3.2-3B,Llama-3.2-3B,820,2.0,20,0.0,0.0,0.0,0.0,0.075,0.9966464456596036,0.8421052631578947,0.9510526315789473,0.11315789473684211,0.0,0.15263157894736842,0.002455228191796649,17.0,16.03846153846154,0.10500000000000001,0.001877527440785673,13.0,9.166666666666666,0.075,,
Llama-3.2-3B,Llama-3.2-3B,829,0.0,20,0.0,0.0,0.0,0.0,0.8000000000000002,0.06736842105263156,0.07485380116959064,0.10105263157894737,0.10105263157894737,0.6631578947368421,0.6631578947368421,0.0012998266897746968,9.0,5.688888888888888,0.8200000000000001,0.0011554015020219526,8.0,5.642857142857143,0.7200000000000001,,
Llama-3.2-3B,Llama-3.2-3B,829,0.5,20,0.0,0.0,0.0,0.0,0.8099999999999999,0.7378552293622769,0.7534816937448517,0.8778947368421053,0.7689473684210526,0.010526315789473684,0.010526315789473684,0.004188330444829578,29.0,9.75345238095238,0.8550000000000001,0.00389948006932409,27.0,10.431746031746032,0.74,,
Llama-3.2-3B,Llama-3.2-3B,829,1.0,20,0.0,0.0,0.0,0.0,0.795,0.8930081266116789,0.8841702393753478,0.968421052631579,0.8757894736842107,0.0,0.005263157894736842,0.008232235701906412,57.0,13.799404761904762,0.7850000000000001,0.007654534950895436,53.0,14.388778659611992,0.7150000000000001,,
Llama-3.2-3B,Llama-3.2-3B,829,2.0,20,0.0,0.0,0.0,0.0,0.1,0.997821730439459,0.8020175438596491,0.9342105263157895,0.16473684210526318,0.0,0.18947368421052632,0.002455228191796649,17.0,12.772727272727273,0.10500000000000001,0.002166377816291161,15.0,11.454545454545455,0.095,,
Llama-3.2-3B,Llama-3.2-3B,837,0.0,20,0.0,0.0,0.0,0.0,0.8000000000000002,0.0,0.0,0.0,0.0,1.0,1.0,0.0014442518775274408,10.0,31.899999999999995,1.0,0.0011554015020219526,8.0,27.875,0.8000000000000002,,
Llama-3.2-3B,Llama-3.2-3B,837,0.5,20,0.0,0.0,0.0,0.0,0.8549999999999999,0.5576231779056856,0.5093542495516179,0.7905263157894736,0.6931578947368421,0.0,0.0,0.0031773541305603697,22.0,27.756785714285712,0.9249999999999998,0.0027440785673021376,19.0,26.869404761904764,0.85,,
Llama-3.2-3B,Llama-3.2-3B,837,1.0,20,0.0,0.0,0.0,0.0,0.7699999999999999,0.8834693706660872,0.8852942645589704,0.9468421052631578,0.8447368421052631,0.0,0.0,0.00779896013864818,54.0,26.854999999999997,0.8550000000000001,0.007365684575389948,51.0,24.14472222222222,0.76,,
Llama-3.2-3B,Llama-3.2-3B,837,2.0,20,0.0,0.0,0.0,0.0,0.07,0.9983194829178208,0.7605263157894737,0.8978947368421054,0.11421052631578948,0.0,0.23684210526315788,0.002021952628538417,14.0,19.09090909090909,0.075,0.0017331022530329288,12.0,19.0,0.06500000000000002,,
Llama-3.2-3B,Llama-3.2-3B,920,0.0,20,0.0,0.0,0.0,0.0,0.8999999999999998,0.0,0.0,0.0,0.0,1.0,1.0,0.0012998266897746968,9.0,35.0,0.8999999999999998,0.0011554015020219526,8.0,23.5,0.8000000000000002,,
Llama-3.2-3B,Llama-3.2-3B,920,0.5,20,0.0,0.0,0.0,0.0,0.7900000000000001,0.6405340591640901,0.6495728424482294,0.8252631578947369,0.7721052631578946,0.0,0.0,0.005632582322357019,39.0,36.69295634920635,0.8100000000000002,0.005054881571346043,35.0,25.44202380952381,0.695,,
Llama-3.2-3B,Llama-3.2-3B,920,1.0,20,0.0,0.0,0.0,0.0,0.8,0.8872070624186887,0.9208735313534074,0.9273684210526316,0.8605263157894737,0.0,0.0,0.009676487579433853,67.0,30.710912698412706,0.85,0.009098786828422877,63.0,18.506468253968258,0.745,,
Llama-3.2-3B,Llama-3.2-3B,920,2.0,20,0.0,0.0,0.0,0.0,0.12,0.9953875781081664,0.7594736842105264,0.8942105263157893,0.20105263157894737,0.0,0.23684210526315788,0.0033217793183131137,23.0,37.66666666666667,0.14000000000000004,0.0030329289428076256,21.0,17.833333333333336,0.11500000000000002,,
Llama-3.2-3B,Llama-3.2-3B,957,0.0,20,0.0,0.0,0.0,0.0,0.29999999999999993,0.0,0.0,0.06736842105263158,0.0,0.6631578947368421,1.0,0.0011554015020219526,8.0,28.125,0.8000000000000002,0.0004332755632582322,3.0,20.33333333333333,0.29999999999999993,,
Llama-3.2-3B,Llama-3.2-3B,957,0.5,20,0.0,0.0,0.0,0.0,0.53,0.6326123403600183,0.6709738068948594,0.7826315789473685,0.5373684210526315,0.0,0.005263157894736842,0.004477180820335066,31.0,34.12281746031747,0.76,0.003610629693818602,25.0,23.50440476190476,0.525,,
Llama-3.2-3B,Llama-3.2-3B,957,1.0,20,0.0,0.0,0.0,0.0,0.645,0.9462792623974798,0.9395838672851058,0.9842105263157894,0.781578947368421,0.0,0.0,0.009098786828422877,63.0,19.362162698412703,0.665,0.008665511265164644,60.0,14.477380952380951,0.6100000000000001,,
Llama-3.2-3B,Llama-3.2-3B,957,2.0,20,0.0,0.0,0.0,0.0,0.125,0.9955370883348723,0.8811403508771931,0.996842105263158,0.1868421052631579,0.0,0.11052631578947368,0.0030329289428076256,21.0,11.948717948717949,0.125,0.0025996533795493936,18.0,8.91025641025641,0.11000000000000003,,
Llama-3.3-70B,Llama-3.3-70B,83,0.0,20,0.2890648263178878,5.695323946259567e-17,0.33333333333333326,5.695323946259567e-17,0.6999999999999998,0.0,0.0,0.0,0.0,1.0,1.0,0.0014442518775274408,10.0,77.90000000000002,1.0,0.0010109763142692085,7.0,43.71428571428571,0.6999999999999998,1.9702583738072495e-16,1.7085971838778705e-16
Llama-3.3-70B,Llama-3.3-70B,83,0.5,20,0.1451306716262486,0.14892369746803275,0.16781035935540112,0.17224175574306694,0.6949999999999998,0.2813099181520234,0.36666666666666664,0.32631578947368417,0.3252631578947368,0.19473684210526315,0.19473684210526315,0.002166377816291161,15.0,82.98888888888891,0.9949999999999999,0.0017331022530329288,12.0,50.74880952380952,0.6949999999999998,1.0261352462527855,1.026407168214691
Llama-3.3-70B,Llama-3.3-70B,83,1.0,20,0.0629648587049983,0.12966541282550645,0.07843107806620332,0.16345319631234068,0.6799999999999999,0.3644434512855566,0.45595143160932633,0.506842105263158,0.48736842105263156,0.0,0.005263157894736842,0.0030329289428076256,21.0,82.56222222222222,0.9800000000000001,0.002455228191796649,17.0,49.63095238095237,0.6749999999999998,2.0593298467167576,2.084036077820715
Llama-3.3-70B,Llama-3.3-70B,83,2.0,20,0.12724642124959984,0.16044436899748038,0.1568491343663198,0.19964347082873488,0.6549999999999999,0.7034828676836172,0.7770659311448784,0.8505263157894737,0.6763157894736842,0.0,0.0,0.006210283073367995,43.0,69.54027777777777,0.9049999999999999,0.005632582322357019,39.0,42.24488095238095,0.6449999999999998,1.2608949424421234,1.2728375686312
Llama-3.3-70B,Llama-3.3-70B,86,0.0,20,0.0,0.0,0.0,0.0,0.42000000000000004,0.06736842105263156,0.06736842105263156,0.06736842105263158,0.03368421052631579,0.6631578947368421,0.6631578947368421,0.0010109763142692085,7.0,24.533333333333335,0.6199999999999999,0.0007221259387637204,5.0,3.9199999999999995,0.42000000000000004,,
Llama-3.3-70B,Llama-3.3-70B,86,0.5,20,0.0,0.0,0.0,0.0,0.6900000000000001,0.5889793307827363,0.5735087135087136,0.7226315789473683,0.648421052631579,0.0,0.0,0.0033217793183131137,23.0,31.21698412698413,0.8700000000000001,0.0030329289428076256,21.0,21.751607142857143,0.6900000000000001,,
Llama-3.3-70B,Llama-3.3-70B,86,1.0,20,0.008358022748310113,0.037378214045422055,0.009077089626867634,0.04059397888706846,0.7150000000000001,0.74584271790256,0.7012663213979005,0.8831578947368421,0.7189473684210528,0.0,0.0,0.005054881571346043,35.0,27.088492063492065,0.82,0.004766031195840554,33.0,20.877361111111107,0.705,4.472135954999579,4.47213595499958
Llama-3.3-70B,Llama-3.3-70B,86,2.0,20,0.03826803184943108,0.09416863767713632,0.049999999999999996,0.12833809201380328,0.78,0.8641115196700174,0.8485878823890067,0.9568421052631579,0.8731578947368422,0.0,0.0,0.007365684575389948,51.0,20.36543441938179,0.825,0.00707683419988446,49.0,15.84544695071011,0.7550000000000001,2.460765111925564,2.5667618402760657
Llama-3.3-70B,Llama-3.3-70B,92,0.0,20,0.0,0.0,0.0,0.0,0.8999999999999998,0.0,0.0,0.0,0.0,1.0,1.0,0.0014442518775274408,10.0,40.70000000000001,1.0,0.0012998266897746968,9.0,29.666666666666664,0.8999999999999998,,
Llama-3.3-70B,Llama-3.3-70B,92,0.5,20,0.0,0.0,0.0,0.0,0.9149999999999998,0.22881854987118147,0.22679425837320571,0.46947368421052627,0.4094736842105262,0.042105263157894736,0.042105263157894736,0.002166377816291161,15.0,39.485,1.0,0.002021952628538417,14.0,30.05833333333333,0.9149999999999998,,
Llama-3.3-70B,Llama-3.3-70B,92,1.0,20,0.0,0.0,0.0,0.0,0.9099999999999998,0.39119092981322084,0.3738196671749304,0.5936842105263158,0.5363157894736842,0.005263157894736842,0.005263157894736842,0.0030329289428076256,21.0,37.940694444444446,0.985,0.0028885037550548816,20.0,29.573650793650792,0.9099999999999998,,
Llama-3.3-70B,Llama-3.3-70B,92,2.0,20,0.0,0.0,0.0,0.0,0.8150000000000001,0.7845638394927544,0.7723549820492546,0.9268421052631579,0.8852631578947368,0.0,0.0,0.005777007510109763,40.0,28.004027777777782,0.8350000000000002,0.005632582322357019,39.0,25.588611111111113,0.8150000000000001,,
Llama-3.3-70B,Llama-3.3-70B,126,0.0,20,0.0,0.0,0.0,0.0,0.6999999999999998,0.0,0.0,0.0,0.0,1.0,1.0,0.0014442518775274408,10.0,29.299999999999994,1.0,0.0010109763142692085,7.0,11.571428571428573,0.6999999999999998,,
Llama-3.3-70B,Llama-3.3-70B,126,0.5,20,0.0,0.0,0.0,0.0,0.6599999999999999,0.2622647527910686,0.30628654970760233,0.21105263157894738,0.20157894736842108,0.05789473684210526,0.05789473684210526,0.002455228191796649,17.0,29.53222222222222,0.9399999999999998,0.002021952628538417,14.0,10.140238095238095,0.6399999999999999,,
Llama-3.3-70B,Llama-3.3-70B,126,1.0,20,0.0,0.0,0.0,0.0,0.6649999999999998,0.5148982596351017,0.5965289096868044,0.6163157894736842,0.5305263157894736,0.0,0.0,0.004766031195840554,33.0,30.600972222222218,0.9549999999999998,0.0031773541305603697,22.0,13.356203007518797,0.6449999999999998,,
Llama-3.3-70B,Llama-3.3-70B,126,2.0,20,0.0,0.0,0.0,0.0,0.6250000000000001,0.8073159400843939,0.8063922042869412,0.8573684210526318,0.7015789473684211,0.0,0.0,0.007510109763142692,52.0,30.962916666666672,0.8350000000000002,0.005921432697862507,41.0,20.505833333333335,0.6200000000000001,,
Llama-3.3-70B,Llama-3.3-70B,181,0.0,20,0.0,0.0,0.0,0.0,0.5,0.0,0.0,0.0,0.0,1.0,1.0,0.0014442518775274408,10.0,50.29999999999999,1.0,0.0007221259387637204,5.0,54.0,0.5,,
Llama-3.3-70B,Llama-3.3-70B,181,0.5,20,0.0,0.0,0.0,0.0,0.49000000000000005,0.21361796098638203,0.3508145363408522,0.6631578947368423,0.30210526315789477,0.12631578947368421,0.1631578947368421,0.002310803004043905,16.0,44.06777777777778,0.99,0.0014442518775274408,10.0,40.83,0.485,,
Llama-3.3-70B,Llama-3.3-70B,181,1.0,20,0.0,0.0,0.0,0.0,0.5349999999999999,0.36808617079514916,0.46291239462292094,0.7463157894736843,0.4405263157894736,0.021052631578947368,0.031578947368421054,0.0028885037550548816,20.0,45.21236111111111,0.985,0.002021952628538417,14.0,42.484880952380955,0.53,,
Llama-3.3-70B,Llama-3.3-70B,181,2.0,20,0.0,0.0,0.0,0.0,0.54,0.589255324907924,0.695796411191148,0.8878947368421054,0.5605263157894737,0.0,0.0,0.00462160600808781,32.0,37.4668253968254,0.9199999999999999,0.003610629693818602,25.0,31.88686299081036,0.51,,
Llama-3.3-70B,Llama-3.3-70B,197,0.0,20,0.0,0.0,0.0,0.0,0.8000000000000002,0.0,0.0,0.0,0.0,1.0,1.0,0.0014442518775274408,10.0,88.79999999999998,1.0,0.0011554015020219526,8.0,78.25,0.8000000000000002,,
Llama-3.3-70B,Llama-3.3-70B,197,0.5,20,0.0,0.0,0.0,0.0,0.8000000000000002,0.30172456542425585,0.3585569985569986,0.4326315789473684,0.41263157894736846,0.04736842105263158,0.04736842105263158,0.0028885037550548816,20.0,80.93499999999999,1.0,0.0025996533795493936,18.0,68.41875,0.8000000000000002,,
Llama-3.3-70B,Llama-3.3-70B,197,1.0,20,0.0,0.0,0.0,0.0,0.8450000000000001,0.5179951111839657,0.5173942139731614,0.8042105263157895,0.7657894736842106,0.0,0.0,0.0030329289428076256,21.0,84.23559523809524,0.96,0.0027440785673021376,19.0,76.73309523809523,0.8200000000000001,,
Llama-3.3-70B,Llama-3.3-70B,197,2.0,20,0.0,0.0,0.0,0.0,0.8299999999999998,0.7960951139458554,0.7888099430669091,0.9184210526315789,0.846842105263158,0.0,0.0,0.005777007510109763,40.0,74.01781746031745,0.8700000000000001,0.005488157134604275,38.0,64.12222222222222,0.775,,
Llama-3.3-70B,Llama-3.3-70B,367,0.0,20,0.0,0.0,0.0,0.0,0.8000000000000002,0.15546558704453442,0.18373205741626794,0.16842105263157894,0.16842105263157894,0.6631578947368421,0.6631578947368421,0.0015886770652801848,11.0,4.275,0.8000000000000002,0.0012998266897746968,9.0,2.8666666666666663,0.5999999999999999,,
Llama-3.3-70B,Llama-3.3-70B,367,0.5,20,0.0,0.0,0.0,0.0,0.8000000000000002,0.4579941987836725,0.5388223472433998,0.6305263157894736,0.6305263157894736,0.005263157894736842,0.005263157894736842,0.0033217793183131137,23.0,4.185714285714285,0.775,0.0030329289428076256,21.0,2.6883333333333335,0.575,,
Llama-3.3-70B,Llama-3.3-70B,367,1.0,20,0.0,0.0,0.0,0.0,0.8100000000000002,0.5450527542632805,0.600800486063644,0.761578947368421,0.7031578947368419,0.0,0.0,0.003755054881571346,26.0,3.9386904761904757,0.74,0.0034662045060658577,24.0,2.203690476190476,0.5599999999999999,,
Llama-3.3-70B,Llama-3.3-70B,367,2.0,20,0.0,0.0,0.0,0.0,0.7950000000000002,0.8027287248445796,0.8228332387426815,0.9073684210526317,0.8189473684210526,0.0,0.0,0.007221259387637204,50.0,8.72748015873016,0.7100000000000001,0.006932409012131715,48.0,8.43720238095238,0.5899999999999999,,
Llama-3.3-70B,Llama-3.3-70B,400,0.0,20,0.0,0.0,0.0,0.0,0.9199999999999999,0.11228070175438598,0.09186602870813397,0.23578947368421052,0.23578947368421052,0.6631578947368421,0.6631578947368421,0.0015886770652801848,11.0,29.671111111111106,0.9199999999999999,0.0015886770652801848,11.0,29.671111111111106,0.9199999999999999,,
Llama-3.3-70B,Llama-3.3-70B,400,0.5,20,0.0,0.0,0.0,0.0,0.8700000000000001,0.45993532783006463,0.3796490205700732,0.7426315789473685,0.6621052631578948,0.005263157894736842,0.010526315789473684,0.0025996533795493936,18.0,29.490496031746027,0.9349999999999999,0.002310803004043905,16.0,27.803551587301587,0.8700000000000001,,
Llama-3.3-70B,Llama-3.3-70B,400,1.0,20,0.0,0.0,0.0,0.0,0.89,0.4829530119003803,0.43392870287607127,0.8305263157894736,0.7457894736842104,0.0,0.0,0.0027440785673021376,19.0,31.46888888888889,0.97,0.002455228191796649,17.0,29.51875,0.8850000000000001,,
Llama-3.3-70B,Llama-3.3-70B,400,2.0,20,0.009228784838978408,0.04127238049935034,0.01092037184090821,0.04883738755169056,0.8300000000000001,0.6628731036900745,0.6125429395166238,0.9289473684210526,0.854736842105263,0.0,0.0,0.004332755632582322,30.0,30.27843253968254,0.8699999999999999,0.004043905257076834,28.0,29.044682539682537,0.8200000000000001,4.47213595499958,4.4721359549995805
Llama-3.3-70B,Llama-3.3-70B,421,0.0,20,0.0,0.0,0.0,0.0,1.0,0.0,0.0,0.0,0.0,1.0,1.0,0.0014442518775274408,10.0,33.29999999999999,1.0,0.0014442518775274408,10.0,33.29999999999999,1.0,,
Llama-3.3-70B,Llama-3.3-70B,421,0.5,20,0.0,0.0,0.0,0.0,1.0,0.1307814992025518,0.1307814992025518,0.4889473684210527,0.4889473684210527,0.14210526315789473,0.14210526315789473,0.002166377816291161,15.0,32.91999999999999,1.0,0.002166377816291161,15.0,32.91999999999999,1.0,,
Llama-3.3-70B,Llama-3.3-70B,421,1.0,20,0.0,0.0,0.0,0.0,0.99,0.3714110450952557,0.36246858404753146,0.7031578947368421,0.6752631578947368,0.015789473684210527,0.015789473684210527,0.0027440785673021376,19.0,29.889999999999997,1.0,0.002455228191796649,17.0,29.60375,0.99,,
Llama-3.3-70B,Llama-3.3-70B,421,2.0,20,0.0,0.0,0.0,0.0,0.9650000000000001,0.5949113262038958,0.5782111722127203,0.8294736842105265,0.8231578947368423,0.0,0.0,0.004766031195840554,33.0,31.46986111111111,0.9700000000000001,0.00462160600808781,32.0,31.561527777777776,0.9650000000000001,,
Llama-3.3-70B,Llama-3.3-70B,427,0.0,20,0.0,0.0,0.0,0.0,0.5999999999999999,0.0,0.0,0.0,0.0,1.0,1.0,0.0012998266897746968,9.0,32.33333333333334,0.8999999999999998,0.0008665511265164644,6.0,27.333333333333332,0.5999999999999999,,
Llama-3.3-70B,Llama-3.3-70B,427,0.5,20,0.0,0.0,0.0,0.0,0.6049999999999999,0.3287642182379025,0.2872598162071846,0.36000000000000004,0.25421052631578944,0.010526315789473684,0.13157894736842105,0.001877527440785673,13.0,32.181944444444454,0.9049999999999999,0.0012998266897746968,9.0,27.275714285714287,0.5999999999999999,,
Llama-3.3-70B,Llama-3.3-70B,427,1.0,20,0.0,0.0,0.0,0.0,0.6249999999999999,0.4606533817060133,0.5231616921090606,0.5184210526315789,0.4205263157894737,0.0,0.005263157894736842,0.0033217793183131137,23.0,32.52666666666667,0.9350000000000002,0.0025996533795493936,18.0,28.751666666666672,0.6099999999999999,,
Llama-3.3-70B,Llama-3.3-70B,427,2.0,20,0.0,0.0,0.0,0.0,0.6249999999999999,0.6553153062876869,0.7519788982946879,0.7563157894736842,0.6384210526315789,0.0,0.0,0.005921432697862507,41.0,32.66934523809523,0.865,0.005488157134604275,38.0,30.021219715956562,0.5999999999999999,,
Llama-3.3-70B,Llama-3.3-70B,442,0.0,20,0.0,0.0,0.0,0.0,0.8999999999999998,0.0,0.0,0.0,0.0,1.0,1.0,0.0014442518775274408,10.0,12.300000000000002,1.0,0.0012998266897746968,9.0,11.0,0.8999999999999998,,
Llama-3.3-70B,Llama-3.3-70B,442,0.5,20,0.0,0.0,0.0,0.0,0.8999999999999998,0.3632048034524814,0.38964677737123554,0.5152631578947369,0.5152631578947369,0.25263157894736843,0.25263157894736843,0.0033217793183131137,23.0,13.191666666666666,0.985,0.0031773541305603697,22.0,11.98263888888889,0.885,,
Llama-3.3-70B,Llama-3.3-70B,442,1.0,20,0.0,0.0,0.0,0.0,0.8949999999999999,0.6724779855055233,0.715605782246649,0.765263157894737,0.765263157894737,0.0,0.0,0.005632582322357019,39.0,17.605555555555554,0.9799999999999999,0.005343731946851531,37.0,17.05902777777778,0.875,,
Llama-3.3-70B,Llama-3.3-70B,442,2.0,20,0.0,0.0,0.0,0.0,0.8300000000000001,0.8428526663168997,0.8574206521033148,0.9031578947368423,0.8478947368421054,0.0,0.0,0.0085210860774119,59.0,20.017420634920637,0.8700000000000001,0.008376660889659156,58.0,19.660218253968253,0.7899999999999999,,
Llama-3.3-70B,Llama-3.3-70B,445,0.0,20,0.0,0.0,0.0,0.0,0.8000000000000002,0.11228070175438598,0.07485380116959064,0.06736842105263158,0.03368421052631579,0.6631578947368421,0.6631578947368421,0.0014442518775274408,10.0,30.800000000000004,0.8999999999999998,0.0012998266897746968,9.0,25.025,0.8000000000000002,,
Llama-3.3-70B,Llama-3.3-70B,445,0.5,20,0.0,0.0,0.0,0.0,0.8400000000000002,0.3716581663950085,0.2477698032961191,0.6300000000000001,0.5157894736842106,0.005263157894736842,0.021052631578947368,0.002310803004043905,16.0,28.68305555555555,0.9049999999999999,0.002166377816291161,15.0,24.75781746031746,0.8350000000000002,,
Llama-3.3-70B,Llama-3.3-70B,445,1.0,20,0.0,0.0,0.0,0.0,0.8400000000000001,0.4426135268240531,0.32665337586390225,0.7794736842105263,0.6657894736842105,0.0,0.0,0.0028885037550548816,20.0,28.2125,0.905,0.0025996533795493936,18.0,24.380813492063492,0.825,,
Llama-3.3-70B,Llama-3.3-70B,445,2.0,20,0.0,0.0,0.0,0.0,0.7300000000000002,0.7430935552552385,0.6869005190715717,0.93,0.788421052631579,0.0,0.0,0.004766031195840554,33.0,27.277361111111116,0.805,0.004188330444829578,29.0,22.849305555555556,0.7200000000000001,,
Llama-3.3-70B,Llama-3.3-70B,495,0.0,20,0.0,0.0,0.0,0.0,0.8999999999999998,0.0,0.0,0.0,0.0,1.0,1.0,0.0014442518775274408,10.0,22.199999999999996,1.0,0.0012998266897746968,9.0,22.33333333333333,0.8999999999999998,,
Llama-3.3-70B,Llama-3.3-70B,495,0.5,20,0.0,0.0,0.0,0.0,0.8300000000000001,0.4940438818147796,0.5196659626922785,0.4868421052631579,0.6115789473684211,0.06842105263157895,0.06842105263157895,0.0031773541305603697,22.0,23.42222222222222,0.9899999999999999,0.0028885037550548816,20.0,15.224404761904761,0.8300000000000001,,
Llama-3.3-70B,Llama-3.3-70B,495,1.0,20,0.0,0.0,0.0,0.0,0.8350000000000002,0.5540089167798146,0.5620389771047666,0.8410526315789476,0.7642105263157895,0.0,0.0,0.004043905257076834,28.0,28.09722222222223,0.9800000000000001,0.0034662045060658577,24.0,21.930634920634922,0.8300000000000001,,
Llama-3.3-70B,Llama-3.3-70B,495,2.0,20,0.0,0.0,0.0,0.0,0.76,0.7300494811888816,0.7562394038709828,0.9252631578947369,0.7721052631578946,0.0,0.0,0.006354708261120739,44.0,37.946111111111115,0.93,0.005632582322357019,39.0,32.08501984126984,0.7449999999999999,,
Llama-3.3-70B,Llama-3.3-70B,506,0.0,20,1.0,0.0,1.0,0.0,0.8000000000000002,0.0,0.0,0.0,0.0,1.0,1.0,0.0012998266897746968,9.0,9.666666666666664,0.8999999999999998,0.0010109763142692085,7.0,11.0,0.6999999999999998,0.0,0.0
Llama-3.3-70B,Llama-3.3-70B,506,0.5,20,1.0,0.0,1.0,0.0,0.7500000000000001,0.4482535008850798,0.5040555935292778,0.5668421052631578,0.5026315789473684,0.005263157894736842,0.005263157894736842,0.0031773541305603697,22.0,9.102162698412698,0.8400000000000001,0.0028885037550548816,20.0,10.357380952380954,0.64,0.0,0.0
Llama-3.3-70B,Llama-3.3-70B,506,1.0,20,0.9565464876785729,0.13542305878003133,1.0,0.0,0.76,0.4864577089577089,0.5380392122497386,0.6368421052631578,0.5321052631578947,0.0,0.0,0.003610629693818602,25.0,11.3159126984127,0.86,0.0031773541305603697,22.0,13.023214285714284,0.6649999999999998,0.1415749893229835,0.0
Llama-3.3-70B,Llama-3.3-70B,506,2.0,20,0.925,0.24468024246479644,0.95,0.22360679774997902,0.71,0.7980211205158247,0.7956079287929134,0.8673684210526319,0.6905263157894737,0.0,0.0,0.006499133448873483,45.0,13.660526315789472,0.7500000000000001,0.006210283073367995,43.0,15.058145363408522,0.6299999999999999,0.2645191810430232,0.2353755765789253
Llama-3.3-70B,Llama-3.3-70B,515,0.0,20,0.17723928678404774,0.0,0.19342640361727081,0.0,0.8000000000000002,0.0,0.0,0.0,0.0,1.0,1.0,0.0012998266897746968,9.0,61.33333333333333,0.8999999999999998,0.0010109763142692085,7.0,51.857142857142854,0.6999999999999998,0.0,0.0
Llama-3.3-70B,Llama-3.3-70B,515,0.5,20,0.08229101093448057,0.09355564203299832,0.09021794260231741,0.10296494481589298,0.85,0.46041289292063287,0.4516280357069832,0.7,0.6394736842105264,0.021052631578947368,0.021052631578947368,0.0034662045060658577,24.0,51.95166666666667,0.9049999999999999,0.0031773541305603697,22.0,44.54849206349206,0.7649999999999999,1.1368877471621603,1.1412912093303282
Llama-3.3-70B,Llama-3.3-70B,515,1.0,20,0.040064490339394285,0.08284443227876216,0.04337194950114477,0.08928299932581632,0.925,0.5937505648805959,0.5663995516007899,0.9089473684210527,0.8826315789473685,0.0,0.0,0.004766031195840554,33.0,33.853750000000005,0.8999999999999998,0.004477180820335066,31.0,29.74452380952381,0.8400000000000001,2.0677770159303277,2.058542453192236
Llama-3.3-70B,Llama-3.3-70B,515,2.0,20,0.06905071775926347,0.09700235020944079,0.07144355672267719,0.10042523380837949,0.8949999999999999,0.7592220705669868,0.729159242686414,0.9584210526315792,0.9121052631578948,0.0,0.0,0.006210283073367995,43.0,27.26204365079365,0.8500000000000002,0.005921432697862507,41.0,25.075734126984127,0.8300000000000001,1.4047985793229134,1.405658374459164
Llama-3.3-70B,Llama-3.3-70B,544,0.0,20,0.0,0.0,0.0,0.0,0.5,0.0,0.0,0.0,0.0,1.0,1.0,0.0014442518775274408,10.0,55.4,1.0,0.0007221259387637204,5.0,23.600000000000005,0.5,,
Llama-3.3-70B,Llama-3.3-70B,544,0.5,20,0.0,0.0,0.0,0.0,0.515,0.2082706766917293,0.25723399407609937,0.5094736842105263,0.3773684210526315,0.04736842105263158,0.06842105263157895,0.002310803004043905,16.0,53.94055555555555,0.985,0.0015886770652801848,11.0,24.39166666666667,0.515,,
Llama-3.3-70B,Llama-3.3-70B,544,1.0,20,0.0,0.0,0.0,0.0,0.55,0.4132091730079346,0.4817247664616085,0.7157894736842106,0.5547368421052631,0.0,0.005263157894736842,0.0031773541305603697,22.0,50.67999999999999,0.9700000000000001,0.002310803004043905,16.0,25.26694444444444,0.55,,
Llama-3.3-70B,Llama-3.3-70B,544,2.0,20,0.0,0.0,0.0,0.0,0.685,0.8387569901175898,0.8182457313068769,0.9594736842105264,0.8221052631578947,0.0,0.0,0.006643558636626227,46.0,31.867876984126987,0.8150000000000001,0.005921432697862507,41.0,18.793333333333333,0.6599999999999999,,
Llama-3.3-70B,Llama-3.3-70B,636,0.0,20,0.0,0.0,0.0,0.0,1.0,0.0,0.0,0.0,0.0,1.0,1.0,0.0012998266897746968,9.0,23.0,0.8999999999999998,0.0012998266897746968,9.0,23.0,0.8999999999999998,,
Llama-3.3-70B,Llama-3.3-70B,636,0.5,20,0.0,0.0,0.0,0.0,0.6849999999999999,0.7182454907719695,0.6841196814881025,0.8136842105263156,0.7389473684210525,0.005263157894736842,0.042105263157894736,0.003755054881571346,26.0,12.659722222222223,0.6200000000000001,0.003610629693818602,25.0,12.59652777777778,0.61,,
Llama-3.3-70B,Llama-3.3-70B,636,1.0,20,0.01532867981913646,0.0685519401618366,0.0,0.0,0.795,0.7233373831100733,0.683432327906012,0.8889473684210527,0.8194736842105262,0.0,0.031578947368421054,0.004188330444829578,29.0,24.121825396825393,0.7300000000000001,0.003755054881571346,26.0,24.67986111111111,0.6950000000000001,4.472135954999579,
Llama-3.3-70B,Llama-3.3-70B,636,2.0,20,0.03467132018086354,0.10750776118925869,0.0,0.0,0.7550000000000001,0.8768237027036114,0.8517492199922538,0.9668421052631578,0.8442105263157896,0.0,0.0,0.007365684575389948,51.0,17.350694444444443,0.66,0.006932409012131715,48.0,17.646726190476194,0.615,3.1007691841107463,
Llama-3.3-70B,Llama-3.3-70B,640,0.0,20,0.0,0.0,0.0,0.0,0.6999999999999998,0.06124401913875596,0.08421052631578947,0.06736842105263158,0.06736842105263158,0.6631578947368421,0.6631578947368421,0.0015886770652801848,11.0,39.760000000000005,1.0,0.0011554015020219526,8.0,33.51428571428571,0.6999999999999998,,
Llama-3.3-70B,Llama-3.3-70B,640,0.5,20,0.0,0.0,0.0,0.0,0.6999999999999998,0.2707787826208879,0.35413282623808945,0.2847368421052633,0.2847368421052633,0.2,0.2,0.0028885037550548816,20.0,40.14000000000001,1.0,0.002455228191796649,17.0,34.05714285714286,0.6999999999999998,,
Llama-3.3-70B,Llama-3.3-70B,640,1.0,20,0.0,0.0,0.0,0.0,0.6799999999999998,0.4614796503805791,0.5781852504220926,0.6315789473684212,0.5552631578947368,0.005263157894736842,0.010526315789473684,0.003755054881571346,26.0,38.272222222222226,0.9800000000000001,0.0033217793183131137,23.0,31.210714285714282,0.6799999999999998,,
Llama-3.3-70B,Llama-3.3-70B,640,2.0,20,0.0,0.0,0.0,0.0,0.69,0.8970941513902244,0.9073685153538911,0.9763157894736844,0.8173684210526316,0.0,0.0,0.007365684575389948,51.0,32.47266081871345,0.735,0.006932409012131715,48.0,29.188429406850457,0.6100000000000001,,
Llama-3.3-70B,Llama-3.3-70B,681,0.0,20,0.0,0.0,0.0,0.0,0.8000000000000002,0.0,0.0,0.0,0.0,1.0,1.0,0.0011554015020219526,8.0,45.875,0.8000000000000002,0.0008665511265164644,6.0,44.16666666666666,0.5999999999999999,,
Llama-3.3-70B,Llama-3.3-70B,681,0.5,20,0.0,0.0,0.0,0.0,0.7450000000000002,0.438421479191603,0.2536319966583125,0.7194736842105263,0.5105263157894737,0.03684210526315789,0.03684210526315789,0.0017331022530329288,12.0,45.309107142857144,0.675,0.0014442518775274408,10.0,44.68738095238094,0.5799999999999998,,
Llama-3.3-70B,Llama-3.3-70B,681,1.0,20,0.0,0.0,0.0,0.0,0.7,0.5017414035912487,0.35015246449456977,0.8200000000000001,0.59,0.0,0.0,0.001877527440785673,13.0,45.19654761904762,0.69,0.0015886770652801848,11.0,44.390476190476186,0.57,,
Llama-3.3-70B,Llama-3.3-70B,681,2.0,20,0.0,0.0,0.0,0.0,0.6349999999999999,0.8393297268832953,0.7355124991967096,0.9621052631578948,0.6342105263157894,0.0,0.0,0.005054881571346043,35.0,32.14771825396825,0.6449999999999999,0.004043905257076834,28.0,31.554404761904767,0.575,,
Llama-3.3-70B,Llama-3.3-70B,705,0.0,20,0.0,0.0,0.0,0.0,0.5999999999999999,0.0,0.0,0.0,0.0,1.0,1.0,0.0011554015020219526,8.0,29.5,0.8000000000000002,0.0007221259387637204,5.0,20.199999999999996,0.5,,
Llama-3.3-70B,Llama-3.3-70B,705,0.5,20,0.0,0.0,0.0,0.0,0.6599999999999998,0.2860402755139598,0.3145993772309562,0.2994736842105263,0.2847368421052632,0.031578947368421054,0.06842105263157895,0.002166377816291161,15.0,27.59513888888889,0.805,0.0017331022530329288,12.0,17.068333333333335,0.505,,
Llama-3.3-70B,Llama-3.3-70B,705,1.0,20,0.0,0.0,0.0,0.0,0.6799999999999998,0.3484795905848538,0.4369260271891851,0.5389473684210526,0.5347368421052632,0.005263157894736842,0.005263157894736842,0.0025996533795493936,18.0,27.499702380952378,0.8350000000000002,0.002166377816291161,15.0,17.547500000000003,0.5349999999999999,,
Llama-3.3-70B,Llama-3.3-70B,705,2.0,20,0.0,0.0,0.0,0.0,0.7249999999999999,0.7355884223140211,0.738648734306629,0.8878947368421054,0.754736842105263,0.0,0.0,0.005632582322357019,39.0,22.676746031746028,0.785,0.004910456383593298,34.0,14.949801587301588,0.595,,
Llama-3.3-70B,Llama-3.3-70B,722,0.0,20,0.0,0.0,0.0,0.0,0.7200000000000001,0.18137651821862347,0.11228070175438598,0.13473684210526315,0.06736842105263158,0.6631578947368421,0.6631578947368421,0.0012998266897746968,9.0,79.21428571428571,0.7200000000000001,0.0012998266897746968,9.0,79.21428571428571,0.7200000000000001,,
Llama-3.3-70B,Llama-3.3-70B,722,0.5,20,0.0,0.0,0.0,0.0,0.785,0.557077308656256,0.3829902699639542,0.8384210526315792,0.6773684210526315,0.0,0.0,0.002310803004043905,16.0,77.38363095238094,0.77,0.002310803004043905,16.0,77.38363095238094,0.77,,
Llama-3.3-70B,Llama-3.3-70B,722,1.0,20,0.0,0.0,0.0,0.0,0.79,0.6111243151413429,0.4522226603805551,0.91,0.7778947368421053,0.0,0.0,0.0027440785673021376,19.0,87.71597222222222,0.76,0.0025996533795493936,18.0,87.81805555555556,0.755,,
Llama-3.3-70B,Llama-3.3-70B,722,2.0,20,0.0,0.0,0.0,0.0,0.7550000000000001,0.792129449158739,0.740152946468736,0.9373684210526317,0.8273684210526315,0.0,0.0,0.004477180820335066,31.0,69.62554302422723,0.71,0.004477180820335066,31.0,69.62554302422723,0.71,,
Llama-3.3-70B,Llama-3.3-70B,748,0.0,20,0.0,0.0,0.0,0.0,0.6999999999999998,0.06124401913875596,0.08421052631578947,0.13473684210526315,0.13473684210526315,0.6631578947368421,0.6631578947368421,0.0014442518775274408,10.0,70.08,0.9799999999999998,0.0010109763142692085,7.0,41.561904761904756,0.6799999999999999,,
Llama-3.3-70B,Llama-3.3-70B,748,0.5,20,0.0,0.0,0.0,0.0,0.6999999999999998,0.1915347810084652,0.25912280701754387,0.6300000000000001,0.5184210526315789,0.010526315789473684,0.010526315789473684,0.001877527440785673,13.0,70.61722222222221,0.9499999999999998,0.0014442518775274408,10.0,40.92380952380953,0.6499999999999998,,
Llama-3.3-70B,Llama-3.3-70B,748,1.0,20,0.0,0.0,0.0,0.0,0.7749999999999999,0.4394268012689065,0.45577568630200216,0.8442105263157896,0.7484210526315789,0.0,0.0,0.0031773541305603697,22.0,57.78055555555555,0.9649999999999999,0.0027440785673021376,19.0,39.764384920634924,0.74,,
Llama-3.3-70B,Llama-3.3-70B,748,2.0,20,0.0,0.0,0.0,0.0,0.9,0.7231418790097706,0.7049541163442499,0.9536842105263159,0.9168421052631578,0.0,0.0,0.005343731946851531,37.0,37.045753968253955,0.9249999999999998,0.004910456383593298,34.0,30.58166666666666,0.85,,
Llama-3.3-70B,Llama-3.3-70B,751,0.0,20,0.0,0.0,0.0,0.0,0.10000000000000002,0.0,0.0,0.0,0.0,1.0,1.0,0.00014442518775274407,1.0,2.0,0.10000000000000002,0.00014442518775274407,1.0,2.0,0.10000000000000002,,
Llama-3.3-70B,Llama-3.3-70B,751,0.5,20,0.0,0.0,0.0,0.0,0.19000000000000003,0.4348172003435162,0.19043062200956937,0.5410526315789475,0.19105263157894736,0.07368421052631578,0.8052631578947368,0.001877527440785673,13.0,6.659999999999999,0.225,0.0017331022530329288,12.0,4.035,0.19000000000000003,,
Llama-3.3-70B,Llama-3.3-70B,751,1.0,20,0.0,0.0,0.0,0.0,0.22999999999999993,0.6772751139469405,0.27584345479082323,0.783157894736842,0.27210526315789474,0.0,0.7157894736842105,0.002310803004043905,16.0,7.291111111111111,0.26,0.002166377816291161,15.0,5.041111111111111,0.22999999999999993,,
Llama-3.3-70B,Llama-3.3-70B,751,2.0,20,0.0,0.0,0.0,0.0,0.37499999999999994,0.8134715253741243,0.5405248260511418,0.9305263157894738,0.52,0.0,0.4105263157894737,0.0031773541305603697,22.0,9.544999999999998,0.39499999999999996,0.0028885037550548816,20.0,8.45375,0.36999999999999994,,
Llama-3.3-70B,Llama-3.3-70B,774,0.0,20,0.0,0.0,0.0,0.0,0.4000000000000001,0.0,0.0,0.0,0.0,1.0,1.0,0.0012998266897746968,9.0,64.33333333333331,0.8999999999999998,0.0005777007510109763,4.0,109.25,0.4000000000000001,,
Llama-3.3-70B,Llama-3.3-70B,774,0.5,20,0.0,0.0,0.0,0.0,0.45500000000000007,0.15385141174614858,0.1969736842105263,0.26263157894736844,0.23526315789473687,0.1631578947368421,0.23157894736842105,0.002021952628538417,14.0,63.36388888888888,0.95,0.0012998266897746968,9.0,103.14499999999998,0.45500000000000007,,
Llama-3.3-70B,Llama-3.3-70B,774,1.0,20,0.0,0.0,0.0,0.0,0.51,0.41868412804945315,0.547680754917597,0.7205263157894739,0.46947368421052627,0.010526315789473684,0.03684210526315789,0.0030329289428076256,21.0,56.05777777777778,0.9599999999999997,0.002310803004043905,16.0,84.95440476190475,0.51,,
Llama-3.3-70B,Llama-3.3-70B,774,2.0,20,0.0,0.0,0.0,0.0,0.6900000000000001,0.8161945010975481,0.8517968477126044,0.9584210526315791,0.8052631578947368,0.0,0.0,0.006354708261120739,44.0,38.57573412698412,0.9099999999999999,0.005343731946851531,37.0,49.00519841269842,0.655,,
Llama-3.3-70B,Llama-3.3-70B,776,0.0,20,0.3010299956639812,0.0,0.3562071871080221,5.695323946259567e-17,0.6999999999999998,0.0,0.0,0.0,0.0,1.0,1.0,0.0014442518775274408,10.0,100.40000000000002,1.0,0.0010109763142692085,7.0,64.85714285714286,0.6999999999999998,0.0,1.5988795713244335e-16
Llama-3.3-70B,Llama-3.3-70B,776,0.5,20,0.0752574989159953,0.13373608507753776,0.08905179677700555,0.15824919564987,0.715,0.49249522407417134,0.5657518504886926,0.6668421052631579,0.5110526315789475,0.03684210526315789,0.03684210526315789,0.0033217793183131137,23.0,87.14736111111112,0.97,0.0028885037550548816,20.0,42.84702380952381,0.71,1.7770466332772767,1.7770466332772774
Llama-3.3-70B,Llama-3.3-70B,776,1.0,20,0.0,0.0,0.0,0.0,0.7449999999999999,0.5134983609441814,0.5600778753410333,0.7126315789473685,0.6173684210526317,0.015789473684210527,0.015789473684210527,0.0033217793183131137,23.0,80.34819444444443,0.97,0.0028885037550548816,20.0,36.91607142857143,0.74,,
Llama-3.3-70B,Llama-3.3-70B,776,2.0,20,0.08923596735336774,0.1399568484469962,0.10406993624514907,0.16360277517694044,0.7499999999999998,0.6883000994985679,0.7418263216831328,0.8942105263157895,0.7736842105263158,0.0,0.0,0.006643558636626227,46.0,79.50361111111111,0.96,0.006065857885615251,42.0,54.12954365079365,0.7349999999999999,1.5683905559378046,1.5720464629819193
Llama-3.3-70B,Llama-3.3-70B,820,0.0,20,0.33333333333333326,5.695323946259567e-17,0.3562071871080221,5.695323946259567e-17,0.8000000000000002,0.0,0.0,0.0,0.0,1.0,1.0,0.0014442518775274408,10.0,38.0,1.0,0.0011554015020219526,8.0,34.25,0.8000000000000002,1.7085971838778705e-16,1.5988795713244335e-16
Llama-3.3-70B,Llama-3.3-70B,820,0.5,20,0.09791335892179923,0.15384792439163564,0.1052136289338835,0.16536034340275776,0.6,0.48427885324170156,0.5868479619795409,0.738421052631579,0.5873684210526315,0.010526315789473684,0.010526315789473684,0.0031773541305603697,22.0,52.61333333333333,0.9949999999999999,0.002455228191796649,17.0,34.992777777777775,0.595,1.5712659241371736,1.5716627691519947
Llama-3.3-70B,Llama-3.3-70B,820,1.0,20,0.06266639566113394,0.16450890168906177,0.08243561571887284,0.2064597816792378,0.645,0.6065320644268013,0.6451492513334618,0.9136842105263158,0.7047368421052633,0.0,0.0,0.003755054881571346,26.0,45.81055555555555,0.9649999999999999,0.0030329289428076256,21.0,33.53319444444445,0.645,2.6251534008535797,2.504497356862355
Llama-3.3-70B,Llama-3.3-70B,820,2.0,20,0.10511743109835721,0.19068994672979542,0.11869948739570109,0.21677293994970762,0.7400000000000001,0.7858942602895267,0.7956436739215379,0.9410526315789475,0.810526315789474,0.0,0.0,0.006643558636626227,46.0,37.953630952380955,0.9199999999999999,0.005921432697862507,41.0,32.43684523809524,0.7150000000000001,1.8140658950404616,1.8262331599383
Llama-3.3-70B,Llama-3.3-70B,829,0.0,20,0.0,0.0,0.0,0.0,1.0,0.0,0.0,0.0,0.0,1.0,1.0,0.0014442518775274408,10.0,23.199999999999996,1.0,0.0014442518775274408,10.0,23.199999999999996,1.0,,
Llama-3.3-70B,Llama-3.3-70B,829,0.5,20,0.0,0.0,0.0,0.0,0.985,0.46453250052321243,0.4548192158718474,0.721578947368421,0.7273684210526316,0.005263157894736842,0.005263157894736842,0.0034662045060658577,24.0,15.571111111111113,0.9649999999999999,0.0030329289428076256,21.0,15.585000000000003,0.95,,
Llama-3.3-70B,Llama-3.3-70B,829,1.0,20,0.0,0.0,0.0,0.0,0.9299999999999999,0.6065374082401945,0.5771419176798434,0.84,0.8452631578947369,0.0,0.0,0.004188330444829578,29.0,15.457916666666668,0.9350000000000002,0.003755054881571346,26.0,15.247718253968253,0.885,,
Llama-3.3-70B,Llama-3.3-70B,829,2.0,20,0.0,0.0,0.0,0.0,0.9399999999999998,0.7560914685499174,0.7416937582812604,0.9400000000000002,0.9257894736842107,0.0,0.0,0.006065857885615251,42.0,14.033849206349206,0.8549999999999999,0.005488157134604275,38.0,14.06968253968254,0.825,,
Llama-3.3-70B,Llama-3.3-70B,837,0.0,20,0.0,0.0,0.0,0.0,1.0,0.0,0.0,0.0,0.0,1.0,1.0,0.0014442518775274408,10.0,30.700000000000006,1.0,0.0014442518775274408,10.0,30.700000000000006,1.0,,
Llama-3.3-70B,Llama-3.3-70B,837,0.5,20,0.0,0.0,0.0,0.0,0.96,0.4214942951785056,0.39742050347313507,0.6189473684210526,0.6126315789473684,0.03684210526315789,0.03684210526315789,0.0033217793183131137,23.0,30.59388888888889,0.985,0.0030329289428076256,21.0,29.973888888888894,0.945,,
Llama-3.3-70B,Llama-3.3-70B,837,1.0,20,0.0,0.0,0.0,0.0,0.915,0.600351274112884,0.5626250877605367,0.8605263157894738,0.8273684210526319,0.0,0.0,0.004332755632582322,30.0,27.89541666666667,0.9650000000000001,0.00389948006932409,27.0,26.404702380952386,0.9,,
Llama-3.3-70B,Llama-3.3-70B,837,2.0,20,0.0,0.0,0.0,0.0,0.9299999999999999,0.856047820790366,0.8507738091620689,0.9594736842105264,0.9510526315789475,0.0,0.0,0.00924321201617562,64.0,33.07180555555555,0.9650000000000001,0.008809936452917388,61.0,31.788333333333327,0.9199999999999999,,
Llama-3.3-70B,Llama-3.3-70B,920,0.0,20,0.0,0.0,0.0,0.0,0.8999999999999998,0.0,0.0,0.0,0.0,1.0,1.0,0.0011554015020219526,8.0,50.375,0.8000000000000002,0.0011554015020219526,8.0,50.375,0.8000000000000002,,
Llama-3.3-70B,Llama-3.3-70B,920,0.5,20,0.0,0.0,0.0,0.0,0.8699999999999999,0.4100177170610607,0.28439545834282687,0.8115789473684212,0.6621052631578948,0.0,0.005263157894736842,0.0025996533795493936,18.0,52.48295634920635,0.8250000000000002,0.002455228191796649,17.0,48.86646825396825,0.7850000000000001,,
Llama-3.3-70B,Llama-3.3-70B,920,1.0,20,0.0,0.0,0.0,0.0,0.865,0.5241213636724471,0.44002526713053025,0.8936842105263159,0.8010526315789475,0.0,0.0,0.0033217793183131137,23.0,47.611805555555556,0.8450000000000001,0.0031773541305603697,22.0,42.76934523809524,0.7950000000000002,,
Llama-3.3-70B,Llama-3.3-70B,920,2.0,20,0.0,0.0,0.0,0.0,0.78,0.8153696637402031,0.7718903142780852,0.9647368421052632,0.856842105263158,0.0,0.0,0.005343731946851531,37.0,34.859345238095244,0.765,0.005199306759098787,36.0,32.16253968253969,0.74,,
Llama-3.3-70B,Llama-3.3-70B,957,0.0,20,0.0,0.0,0.0,0.0,0.8000000000000002,0.0,0.0,0.0,0.0,1.0,1.0,0.0012998266897746968,9.0,26.111111111111107,0.8999999999999998,0.0010109763142692085,7.0,14.0,0.6999999999999998,,
Llama-3.3-70B,Llama-3.3-70B,957,0.5,20,0.0,0.0,0.0,0.0,0.8200000000000001,0.26951820109714847,0.28807426491637017,0.6105263157894737,0.5715789473684211,0.13157894736842105,0.16842105263157894,0.002310803004043905,16.0,25.615,0.9399999999999998,0.002021952628538417,14.0,14.553571428571425,0.76,,
Llama-3.3-70B,Llama-3.3-70B,957,1.0,20,0.0,0.0,0.0,0.0,0.8300000000000001,0.42984324756770576,0.4617254675149412,0.69,0.661578947368421,0.0,0.0,0.003610629693818602,25.0,24.91722222222222,0.945,0.0033217793183131137,23.0,15.228392857142856,0.7749999999999999,,
Llama-3.3-70B,Llama-3.3-70B,957,2.0,20,0.0,0.0,0.0,0.0,0.845,0.6983356151027653,0.7167080412707348,0.8789473684210526,0.8389473684210527,0.0,0.0,0.005777007510109763,40.0,28.335277777777783,0.9549999999999998,0.005488157134604275,38.0,20.243928571428572,0.82,,
Qwen2.5-7B,Qwen2.5-7B,83,0.0,20,0.26666666666666666,0.13679711361135388,0.3445412464587144,0.1767459301335384,0.6999999999999998,0.15546558704453442,0.20210526315789473,0.13473684210526315,0.13473684210526315,0.6631578947368421,0.6631578947368421,0.0017331022530329288,12.0,56.695555555555565,0.9199999999999999,0.0012998266897746968,9.0,7.6952380952380945,0.6199999999999999,0.5129891760425771,0.5129891760425771
Qwen2.5-7B,Qwen2.5-7B,83,0.5,20,0.18000991188516663,0.16732542994071087,0.22938234132698368,0.21439778455785036,0.6949999999999998,0.395443591496223,0.5116560340244551,0.4905263157894737,0.4647368421052632,0.03684210526315789,0.03684210526315789,0.0025996533795493936,18.0,61.77805555555555,0.8949999999999999,0.002166377816291161,15.0,12.891428571428571,0.595,0.9295345361173915,0.9346743228687648
Qwen2.5-7B,Qwen2.5-7B,83,1.0,20,0.031546487678572877,0.09709804032761045,0.03868528072345416,0.11907078169980323,0.5899999999999999,0.6752596045165705,0.804544315333789,0.77,0.6394736842105264,0.0,0.0,0.006210283073367995,43.0,63.164424603174595,0.8949999999999999,0.00389948006932409,27.0,19.514285714285712,0.5349999999999999,3.077935056255462,3.077935056255462
Qwen2.5-7B,Qwen2.5-7B,83,2.0,20,0.0,0.0,0.0,0.0,0.47000000000000003,0.8464775231422209,0.9148161633687951,0.9115789473684212,0.5652631578947368,0.0,0.0,0.006499133448873483,45.0,53.126468253968255,0.705,0.004766031195840554,33.0,24.051127819548874,0.41500000000000004,,
Qwen2.5-7B,Qwen2.5-7B,86,0.0,20,0.0,0.0,0.0,0.0,0.8000000000000002,0.0,0.0,0.0,0.0,1.0,1.0,0.0011554015020219526,8.0,21.0,0.8000000000000002,0.0008665511265164644,6.0,5.5,0.5999999999999999,,
Qwen2.5-7B,Qwen2.5-7B,86,0.5,20,0.0,0.0,0.0,0.0,0.7900000000000001,0.5588447414298807,0.6430581114791641,0.5689473684210526,0.5689473684210526,0.06315789473684211,0.06315789473684211,0.004477180820335066,31.0,26.082083333333333,0.89,0.00389948006932409,27.0,13.755357142857141,0.6799999999999999,,
Qwen2.5-7B,Qwen2.5-7B,86,1.0,20,0.0,0.0,0.0,0.0,0.7350000000000001,0.6877260566231156,0.7687670881749828,0.7442105263157893,0.6731578947368422,0.005263157894736842,0.005263157894736842,0.005343731946851531,37.0,28.977281746031753,0.835,0.004477180820335066,31.0,18.63815476190476,0.6199999999999999,,
Qwen2.5-7B,Qwen2.5-7B,86,2.0,20,0.0,0.0,0.0,0.0,0.495,0.9046812903208535,0.9132309941520469,0.9605263157894737,0.6405263157894736,0.0,0.015789473684210527,0.006787983824378971,47.0,25.838373015873014,0.635,0.005199306759098787,36.0,18.811011904761905,0.43499999999999994,,
Qwen2.5-7B,Qwen2.5-7B,92,0.0,20,0.0,0.0,0.0,0.0,0.8000000000000002,0.0,0.0,0.0,0.0,1.0,1.0,0.0012998266897746968,9.0,36.222222222222214,0.8999999999999998,0.0011554015020219526,8.0,23.25,0.8000000000000002,,
Qwen2.5-7B,Qwen2.5-7B,92,0.5,20,0.0,0.0,0.0,0.0,0.7500000000000001,0.5032506966717493,0.5465002249212776,0.6742105263157895,0.6042105263157895,0.0,0.0,0.0030329289428076256,21.0,33.20704365079365,0.85,0.0028885037550548816,20.0,18.850297619047616,0.7500000000000001,,
Qwen2.5-7B,Qwen2.5-7B,92,1.0,20,0.0,0.0,0.0,0.0,0.7150000000000001,0.711350775127865,0.7392850132323818,0.8631578947368421,0.6900000000000002,0.0,0.0,0.004766031195840554,33.0,33.707281746031754,0.82,0.00389948006932409,27.0,19.722996031746028,0.7,,
Qwen2.5-7B,Qwen2.5-7B,92,2.0,20,0.0,0.0,0.0,0.0,0.485,0.9224015922158338,0.8781939259570838,0.9700000000000001,0.6015789473684211,0.0,0.0,0.005777007510109763,40.0,29.153550543024224,0.5349999999999999,0.00462160600808781,32.0,17.909189640768588,0.46499999999999986,,
Qwen2.5-7B,Qwen2.5-7B,126,0.0,20,0.0,0.0,0.0,0.0,0.6999999999999998,0.15546558704453442,0.20210526315789473,0.10105263157894737,0.10105263157894737,0.6631578947368421,0.6631578947368421,0.0015886770652801848,11.0,41.125,0.8000000000000002,0.0012998266897746968,9.0,34.16666666666667,0.5999999999999999,,
Qwen2.5-7B,Qwen2.5-7B,126,0.5,20,0.0,0.0,0.0,0.0,0.6799999999999999,0.5553350656911028,0.6429579192737086,0.721578947368421,0.5968421052631578,0.0,0.0,0.004766031195840554,33.0,41.50625,0.7799999999999999,0.00389948006932409,27.0,34.866428571428564,0.5799999999999998,,
Qwen2.5-7B,Qwen2.5-7B,126,1.0,20,0.0,0.0,0.0,0.0,0.6849999999999998,0.6603969629713072,0.7397227188016661,0.8200000000000001,0.6763157894736841,0.0,0.0,0.005488157134604275,38.0,36.3997619047619,0.7549999999999999,0.005199306759098787,36.0,29.976785714285718,0.5799999999999998,,
Qwen2.5-7B,Qwen2.5-7B,126,2.0,20,0.0,0.0,0.0,0.0,0.4549999999999999,0.9076805629915863,0.9201273872326504,0.9621052631578948,0.5942105263157895,0.0,0.015789473684210527,0.007365684575389948,51.0,33.664411027568924,0.54,0.005777007510109763,40.0,26.55994397759104,0.4,,
Qwen2.5-7B,Qwen2.5-7B,181,0.0,20,0.0,0.0,0.0,0.0,0.5,0.0,0.0,0.0,0.0,1.0,1.0,0.0014442518775274408,10.0,34.5,1.0,0.0007221259387637204,5.0,16.399999999999995,0.5,,
Qwen2.5-7B,Qwen2.5-7B,181,0.5,20,0.0,0.0,0.0,0.0,0.5650000000000001,0.5333000333000332,0.7317016024910762,0.588421052631579,0.44473684210526315,0.0,0.0,0.004766031195840554,33.0,41.78589285714286,0.9299999999999999,0.004043905257076834,28.0,27.130833333333328,0.495,,
Qwen2.5-7B,Qwen2.5-7B,181,1.0,20,0.0,0.0,0.0,0.0,0.57,0.6827963385084129,0.8098353839143314,0.7568421052631578,0.5042105263157896,0.0,0.0,0.005921432697862507,41.0,43.35097222222223,0.925,0.004766031195840554,33.0,30.852500000000003,0.53,,
Qwen2.5-7B,Qwen2.5-7B,181,2.0,20,0.0,0.0,0.0,0.0,0.4699999999999999,0.8897273821809425,0.935939732781838,0.9563157894736845,0.5705263157894737,0.0,0.0,0.00707683419988446,49.0,40.31666666666667,0.7000000000000001,0.005777007510109763,40.0,27.261278195488725,0.4349999999999999,,
Qwen2.5-7B,Qwen2.5-7B,197,0.0,20,0.0,0.0,0.0,0.0,0.8000000000000002,0.0,0.0,0.0,0.0,1.0,1.0,0.0012998266897746968,9.0,45.222222222222214,0.8999999999999998,0.0011554015020219526,8.0,20.5,0.8000000000000002,,
Qwen2.5-7B,Qwen2.5-7B,197,0.5,20,0.0,0.0,0.0,0.0,0.7,0.502750495118916,0.502270215164952,0.6773684210526315,0.5752631578947368,0.0,0.0,0.00389948006932409,27.0,46.62347222222222,0.8300000000000001,0.0034662045060658577,24.0,20.56906746031746,0.7,,
Qwen2.5-7B,Qwen2.5-7B,197,1.0,20,0.0,0.0,0.0,0.0,0.705,0.6757226639889178,0.6858948142500775,0.828421052631579,0.7084210526315787,0.0,0.0,0.005343731946851531,37.0,46.891190476190474,0.8150000000000001,0.004766031195840554,33.0,23.147619047619045,0.705,,
Qwen2.5-7B,Qwen2.5-7B,197,2.0,20,0.0,0.0,0.0,0.0,0.4149999999999999,0.9161543564794339,0.91831677094835,0.9236842105263158,0.5515789473684211,0.0,0.0,0.006354708261120739,44.0,53.946198830409365,0.56,0.003610629693818602,25.0,19.36140350877193,0.39499999999999996,,
Qwen2.5-7B,Qwen2.5-7B,367,0.0,20,0.0,0.0,0.0,0.0,0.5999999999999999,0.0,0.0,0.0,0.0,1.0,1.0,0.0007221259387637204,5.0,22.199999999999996,0.5,0.0004332755632582322,3.0,31.333333333333336,0.29999999999999993,,
Qwen2.5-7B,Qwen2.5-7B,367,0.5,20,0.0,0.0,0.0,0.0,0.7700000000000002,0.5952429837104759,0.5460984775458461,0.8110526315789475,0.6084210526315789,0.0,0.015789473684210527,0.0028885037550548816,20.0,7.84642857142857,0.6349999999999999,0.0025996533795493936,18.0,7.387619047619047,0.505,,
Qwen2.5-7B,Qwen2.5-7B,367,1.0,20,0.0,0.0,0.0,0.0,0.665,0.7911419763586945,0.7293964222911592,0.9284210526315789,0.7289473684210527,0.0,0.0,0.005632582322357019,39.0,6.523245614035088,0.575,0.004477180820335066,31.0,6.010978835978836,0.45499999999999996,,
Qwen2.5-7B,Qwen2.5-7B,367,2.0,20,0.0,0.0,0.0,0.0,0.42000000000000004,0.9373926140169826,0.8722320734820734,0.9736842105263158,0.583157894736842,0.0,0.015789473684210527,0.004477180820335066,31.0,5.5172268907563025,0.375,0.003610629693818602,25.0,5.309663865546219,0.315,,
Qwen2.5-7B,Qwen2.5-7B,400,0.0,20,0.0,0.0,0.0,0.0,0.5,0.0,0.0,0.0,0.0,1.0,1.0,0.0008665511265164644,6.0,46.66666666666666,0.5999999999999999,0.0005777007510109763,4.0,44.75,0.4000000000000001,,
Qwen2.5-7B,Qwen2.5-7B,400,0.5,20,0.0,0.0,0.0,0.0,0.525,0.4090316116631906,0.28964703425229743,0.4705263157894736,0.2810526315789474,0.0,0.10526315789473684,0.0027440785673021376,19.0,45.673611111111114,0.725,0.0017331022530329288,12.0,43.63511904761905,0.48,,
Qwen2.5-7B,Qwen2.5-7B,400,1.0,20,0.0,0.0,0.0,0.0,0.595,0.5417325811443459,0.5266533904691799,0.826842105263158,0.5731578947368421,0.0,0.0,0.00462160600808781,32.0,46.167619047619056,0.8400000000000001,0.0028885037550548816,20.0,41.357142857142854,0.55,,
Qwen2.5-7B,Qwen2.5-7B,400,2.0,20,0.0,0.0,0.0,0.0,0.40499999999999997,0.9043600551947465,0.8979721009984168,0.9710526315789474,0.5347368421052632,0.0,0.005263157894736842,0.005343731946851531,37.0,37.16386800334169,0.575,0.003755054881571346,26.0,36.41481481481481,0.395,,
Qwen2.5-7B,Qwen2.5-7B,421,0.0,20,0.0,0.0,0.0,0.0,0.8000000000000002,0.0,0.0,0.0,0.0,1.0,1.0,0.0012998266897746968,9.0,16.77777777777778,0.8999999999999998,0.0011554015020219526,8.0,17.75,0.8000000000000002,,
Qwen2.5-7B,Qwen2.5-7B,421,0.5,20,0.0,0.0,0.0,0.0,0.7500000000000001,0.15100478468899522,0.15679824561403508,0.15210526315789472,0.1405263157894737,0.5578947368421052,0.5578947368421052,0.0015886770652801848,11.0,17.119298245614033,0.845,0.0014442518775274408,10.0,18.154344193817877,0.7500000000000001,,
Qwen2.5-7B,Qwen2.5-7B,421,1.0,20,0.02776206935904434,0.06785475057478701,0.03200904231835143,0.07865352919420475,0.685,0.48648156195369824,0.49301512814670706,0.5447368421052632,0.46578947368421053,0.05789473684210526,0.07368421052631578,0.0034662045060658577,24.0,18.55339506172839,0.79,0.0028885037550548816,20.0,20.163536155202824,0.685,2.444153196839459,2.4572284422614885
Qwen2.5-7B,Qwen2.5-7B,421,2.0,20,0.010219119879424306,0.0457012934412244,0.011859885638464811,0.05303902098596162,0.29500000000000004,0.9410973229149863,0.8066292625503153,0.9615789473684211,0.4236842105263157,0.0,0.11052631578947368,0.004332755632582322,30.0,24.353479853479858,0.37,0.003610629693818602,25.0,23.444871794871794,0.29,4.472135954999579,4.472135954999579
Qwen2.5-7B,Qwen2.5-7B,427,0.0,20,0.0,0.0,0.0,0.0,1.0,0.0,0.0,0.0,0.0,1.0,1.0,0.0014442518775274408,10.0,8.599999999999998,1.0,0.0014442518775274408,10.0,8.599999999999998,1.0,,
Qwen2.5-7B,Qwen2.5-7B,427,0.5,20,0.0,0.0,0.0,0.0,0.5949999999999999,0.8093445454749838,0.8204215521320786,0.8426315789473685,0.6599999999999999,0.0,0.0,0.006787983824378971,47.0,32.95111111111111,0.95,0.00389948006932409,27.0,32.463908730158735,0.5949999999999999,,
Qwen2.5-7B,Qwen2.5-7B,427,1.0,20,0.0,0.0,0.0,0.0,0.6649999999999999,0.8099844693897161,0.8169385018146628,0.888421052631579,0.7394736842105263,0.0,0.0,0.008232235701906412,57.0,31.50027777777778,0.95,0.005343731946851531,37.0,27.030436507936514,0.6649999999999999,,
Qwen2.5-7B,Qwen2.5-7B,427,2.0,20,0.0,0.0,0.0,0.0,0.37999999999999995,0.916181827017333,0.9438518426018426,0.9605263157894738,0.5199999999999999,0.0,0.005263157894736842,0.007943385326400924,55.0,27.907757936507938,0.63,0.005488157134604275,38.0,25.364724310776946,0.37999999999999995,,
Qwen2.5-7B,Qwen2.5-7B,442,0.0,20,0.0,0.0,0.0,0.0,0.38,0.15546558704453442,0.08421052631578947,0.10105263157894737,0.03368421052631579,0.6631578947368421,0.6631578947368421,0.0017331022530329288,12.0,34.4,0.9799999999999998,0.0005777007510109763,4.0,59.266666666666666,0.38,,
Qwen2.5-7B,Qwen2.5-7B,442,0.5,20,0.0,0.0,0.0,0.0,0.4600000000000001,0.5893412401152338,0.48872370319738745,0.8105263157894737,0.41684210526315785,0.0,0.021052631578947368,0.004910456383593298,34.0,35.284444444444446,0.975,0.002166377816291161,15.0,52.42511904761905,0.4600000000000001,,
Qwen2.5-7B,Qwen2.5-7B,442,1.0,20,0.0,0.0,0.0,0.0,0.67,0.7091318386861812,0.6678335845441108,0.8784210526315791,0.6836842105263158,0.0,0.0,0.006787983824378971,47.0,36.79952380952382,0.9349999999999999,0.004477180820335066,31.0,45.78277777777778,0.66,,
Qwen2.5-7B,Qwen2.5-7B,442,2.0,20,0.0,0.0,0.0,0.0,0.495,0.9586899589013814,0.9112379579484842,0.9794736842105264,0.673157894736842,0.0,0.031578947368421054,0.010109763142692086,70.0,26.658823529411766,0.6350000000000001,0.006499133448873483,45.0,30.596354166666664,0.4699999999999999,,
Qwen2.5-7B,Qwen2.5-7B,445,0.0,20,0.0,0.0,0.0,0.0,0.7200000000000001,0.15546558704453442,0.16842105263157894,0.10105263157894737,0.10105263157894737,0.6631578947368421,0.6631578947368421,0.0017331022530329288,12.0,25.44444444444445,0.8999999999999998,0.0012998266897746968,9.0,9.057142857142855,0.6199999999999999,,
Qwen2.5-7B,Qwen2.5-7B,445,0.5,20,0.0,0.0,0.0,0.0,0.41500000000000004,0.6728926122037577,0.7041763499658236,0.6763157894736842,0.408421052631579,0.010526315789473684,0.015789473684210527,0.005632582322357019,39.0,44.22513888888889,0.7550000000000001,0.0031773541305603697,22.0,26.040238095238095,0.38,,
Qwen2.5-7B,Qwen2.5-7B,445,1.0,20,0.0,0.0,0.0,0.0,0.4050000000000001,0.7353000637133763,0.7432289786237154,0.7521052631578946,0.3763157894736842,0.0,0.005263157894736842,0.006354708261120739,44.0,39.33732142857143,0.8150000000000001,0.002166377816291161,15.0,27.604166666666668,0.33999999999999997,,
Qwen2.5-7B,Qwen2.5-7B,445,2.0,20,0.0,0.0,0.0,0.0,0.37499999999999994,0.8598184056632812,0.8219175123122491,0.9021052631578947,0.43999999999999995,0.0,0.005263157894736842,0.00779896013864818,54.0,38.67216269841269,0.68,0.004188330444829578,29.0,27.477500000000003,0.34500000000000003,,
Qwen2.5-7B,Qwen2.5-7B,495,0.0,20,0.0,0.0,0.0,0.0,0.5999999999999999,0.0,0.0,0.0,0.0,1.0,1.0,0.0014442518775274408,10.0,26.3,1.0,0.0008665511265164644,6.0,15.666666666666668,0.5999999999999999,,
Qwen2.5-7B,Qwen2.5-7B,495,0.5,20,0.00615755971851825,0.02753744421224255,0.0,0.0,0.5549999999999999,0.5738078270199012,0.6568844459633933,0.6421052631578947,0.5168421052631579,0.0,0.0,0.0034662045060658577,24.0,34.20317460317461,0.8949999999999999,0.002455228191796649,17.0,24.638214285714284,0.5549999999999999,4.472135954999579,
Qwen2.5-7B,Qwen2.5-7B,495,1.0,20,0.0322117689035776,0.05747057705692968,0.0,0.0,0.525,0.6586641755217606,0.7038976228449915,0.8005263157894736,0.5326315789473683,0.0,0.0,0.005199306759098787,36.0,42.62797619047619,0.85,0.004043905257076834,28.0,29.22,0.525,1.7841484343489966,
Qwen2.5-7B,Qwen2.5-7B,495,2.0,20,0.018835495046283787,0.04655469871080502,0.0,0.0,0.41,0.9099207416115109,0.9073881673881674,0.9521052631578948,0.48473684210526313,0.0,0.0,0.006932409012131715,48.0,40.87635756056809,0.5850000000000001,0.005343731946851531,37.0,22.189598997493736,0.4050000000000001,2.4716472063201858,
Qwen2.5-7B,Qwen2.5-7B,506,0.0,20,1.0,0.0,1.0,0.0,0.5,0.0,0.0,0.0,0.0,1.0,1.0,0.0014442518775274408,10.0,49.70000000000001,1.0,0.0007221259387637204,5.0,46.20000000000001,0.5,0.0,0.0
Qwen2.5-7B,Qwen2.5-7B,506,0.5,20,0.9,0.20519567041703082,1.0,0.0,0.5999999999999999,0.5866792134593991,0.5962173060857272,0.716842105263158,0.5178947368421054,0.010526315789473684,0.021052631578947368,0.004477180820335066,31.0,27.977777777777778,0.9949999999999999,0.0025996533795493936,18.0,26.37047619047619,0.595,0.22799518935225646,0.0
Qwen2.5-7B,Qwen2.5-7B,506,1.0,20,0.875,0.22213082915965965,1.0,0.0,0.6399999999999999,0.6072388395917807,0.6282740505108926,0.8068421052631579,0.5531578947368421,0.0,0.0,0.006354708261120739,44.0,25.463472222222222,0.97,0.004043905257076834,28.0,22.103690476190476,0.62,0.25386380475389675,0.0
Qwen2.5-7B,Qwen2.5-7B,506,2.0,20,0.6565464876785729,0.43085023312419746,0.7315464876785729,0.4409837734957586,0.47999999999999987,0.8606213252239405,0.8599448942869995,0.9131578947368421,0.5310526315789474,0.0,0.0,0.00779896013864818,54.0,20.378404344193818,0.675,0.005343731946851531,37.0,21.512962962962963,0.43500000000000005,0.6562372066715402,0.6028103215902777
Qwen2.5-7B,Qwen2.5-7B,515,0.0,20,0.0,0.0,0.0,0.0,0.8000000000000002,0.0,0.0,0.0,0.0,1.0,1.0,0.0014442518775274408,10.0,30.700000000000006,1.0,0.0011554015020219526,8.0,14.75,0.8000000000000002,,
Qwen2.5-7B,Qwen2.5-7B,515,0.5,20,0.0,0.0,0.0,0.0,0.7400000000000002,0.5120638133796027,0.5741019214703426,0.6678947368421053,0.6294736842105263,0.0,0.0,0.0025996533795493936,18.0,35.316666666666656,0.885,0.002310803004043905,16.0,19.008458646616543,0.695,,
Qwen2.5-7B,Qwen2.5-7B,515,1.0,20,0.017723928678404773,0.0545531014138336,0.021139491720332516,0.0651057482697909,0.6899999999999998,0.6451153666594844,0.7059720396562502,0.7936842105263159,0.6573684210526315,0.0,0.0,0.004188330444829578,29.0,35.541250000000005,0.8750000000000002,0.0031773541305603697,22.0,18.356547619047618,0.6399999999999999,3.0779350562554626,3.0798161626171217
Qwen2.5-7B,Qwen2.5-7B,515,2.0,20,0.0,0.0,0.0,0.0,0.5,0.8865517369672494,0.8759322840901788,0.9505263157894738,0.5815789473684211,0.0,0.0,0.006065857885615251,42.0,33.782539682539685,0.655,0.004332755632582322,30.0,19.198452380952382,0.45499999999999996,,
Qwen2.5-7B,Qwen2.5-7B,544,0.0,20,0.0,0.0,0.0,0.0,0.4000000000000001,0.0,0.0,0.0,0.0,1.0,1.0,0.0012998266897746968,9.0,55.0,0.8999999999999998,0.0005777007510109763,4.0,14.75,0.4000000000000001,,
Qwen2.5-7B,Qwen2.5-7B,544,0.5,20,0.0,0.0,0.0,0.0,0.3950000000000001,0.28472404788194267,0.4305513784461153,0.49473684210526314,0.2642105263157894,0.031578947368421054,0.1631578947368421,0.001877527440785673,13.0,54.455555555555556,0.8899999999999999,0.0011554015020219526,8.0,12.391666666666667,0.39,,
Qwen2.5-7B,Qwen2.5-7B,544,1.0,20,0.0,0.0,0.0,0.0,0.37000000000000005,0.6067535405770699,0.7857226399331664,0.7800000000000001,0.3999999999999999,0.0,0.005263157894736842,0.0034662045060658577,24.0,53.299770258980786,0.7700000000000001,0.0025996533795493936,18.0,12.844736842105263,0.33000000000000007,,
Qwen2.5-7B,Qwen2.5-7B,544,2.0,20,0.0,0.0,0.0,0.0,0.25000000000000006,0.8603401797539812,0.9195676691729324,0.9368421052631579,0.31789473684210523,0.0,0.015789473684210527,0.00462160600808781,32.0,52.515211640211646,0.56,0.0030329289428076256,21.0,11.872549019607842,0.22000000000000003,,
Qwen2.5-7B,Qwen2.5-7B,636,0.0,20,0.0,0.0,0.0,0.0,0.20000000000000004,0.0,0.0,0.0,0.0,1.0,1.0,0.0011554015020219526,8.0,28.875,0.8000000000000002,0.00028885037550548814,2.0,54.0,0.20000000000000004,,
Qwen2.5-7B,Qwen2.5-7B,636,0.5,20,0.12520647622918663,0.14268491536038444,0.0,0.0,0.4050000000000001,0.6332909648242873,0.6188575605680868,0.6868421052631579,0.36947368421052623,0.0,0.005263157894736842,0.004910456383593298,34.0,31.014484126984126,0.7600000000000001,0.002310803004043905,16.0,45.14940476190476,0.385,1.1395969254753568,
Qwen2.5-7B,Qwen2.5-7B,636,1.0,20,0.13526877659646147,0.18752673942448705,0.0,0.0,0.325,0.8197465380427333,0.8805923900660744,0.8921052631578947,0.40368421052631587,0.0,0.005263157894736842,0.006932409012131715,48.0,31.63075396825397,0.6799999999999999,0.0033217793183131137,23.0,45.618295739348376,0.29999999999999993,1.3863268682019898,
Qwen2.5-7B,Qwen2.5-7B,636,2.0,20,0.12901396054259062,0.19431542950202713,0.0,0.0,0.26999999999999996,0.9317473023373709,0.9404488493962179,0.9505263157894738,0.37894736842105264,0.0,0.015789473684210527,0.006499133448873483,45.0,26.194166666666668,0.465,0.003755054881571346,26.0,32.72015873015873,0.24,1.5061581605959529,
Qwen2.5-7B,Qwen2.5-7B,640,0.0,20,0.0,0.0,0.0,0.0,0.5600000000000002,0.20728744939271257,0.23578947368421052,0.3031578947368421,0.23578947368421052,0.6631578947368421,0.6631578947368421,0.0015886770652801848,11.0,58.22539682539684,0.74,0.0012998266897746968,9.0,54.61714285714286,0.5399999999999998,,
Qwen2.5-7B,Qwen2.5-7B,640,0.5,20,0.0,0.0,0.0,0.0,0.595,0.5517007736528675,0.5693658388395231,0.7205263157894739,0.5152631578947369,0.005263157894736842,0.015789473684210527,0.003610629693818602,25.0,52.212003968253974,0.7950000000000002,0.0025996533795493936,18.0,47.28250000000001,0.525,,
Qwen2.5-7B,Qwen2.5-7B,640,1.0,20,0.0,0.0,0.0,0.0,0.6699999999999999,0.7174630172436511,0.7441735852726564,0.8021052631578948,0.5963157894736842,0.005263157894736842,0.005263157894736842,0.006499133448873483,45.0,44.092499999999994,0.845,0.004477180820335066,31.0,38.3075,0.5799999999999998,,
Qwen2.5-7B,Qwen2.5-7B,640,2.0,20,0.0,0.0,0.0,0.0,0.5850000000000001,0.8756128970517109,0.8344017094017094,0.9347368421052633,0.5810526315789474,0.0,0.0,0.006643558636626227,46.0,40.96756474519633,0.6300000000000001,0.005054881571346043,35.0,36.52218045112782,0.4700000000000001,,
Qwen2.5-7B,Qwen2.5-7B,681,0.0,20,0.0,0.0,0.0,0.0,0.29999999999999993,0.0,0.0,0.0,0.0,1.0,1.0,0.0008665511265164644,6.0,46.66666666666666,0.5999999999999999,0.0004332755632582322,3.0,36.33333333333334,0.29999999999999993,,
Qwen2.5-7B,Qwen2.5-7B,681,0.5,20,0.0,0.0,0.0,0.0,0.47000000000000003,0.5307355518578428,0.5588296498822816,0.5510526315789473,0.41000000000000003,0.005263157894736842,0.08421052631578947,0.003610629693818602,25.0,37.28109126984127,0.78,0.002166377816291161,15.0,24.856547619047618,0.43,,
Qwen2.5-7B,Qwen2.5-7B,681,1.0,20,0.0,0.0,0.0,0.0,0.575,0.6980024645569701,0.7239748993696362,0.7631578947368421,0.6031578947368421,0.0,0.005263157894736842,0.005632582322357019,39.0,33.16343253968254,0.85,0.0033217793183131137,23.0,21.92611111111111,0.5249999999999999,,
Qwen2.5-7B,Qwen2.5-7B,681,2.0,20,0.0,0.0,0.0,0.0,0.4699999999999999,0.9173963029348398,0.9181569307885097,0.9468421052631579,0.5868421052631579,0.0,0.0,0.00707683419988446,49.0,28.812385129490394,0.6199999999999999,0.004910456383593298,34.0,21.90764411027569,0.43,,
Qwen2.5-7B,Qwen2.5-7B,705,0.0,20,0.0,0.0,0.0,0.0,0.8000000000000002,0.0,0.0,0.0,0.0,1.0,1.0,0.0014442518775274408,10.0,27.600000000000005,1.0,0.0011554015020219526,8.0,20.625,0.8000000000000002,,
Qwen2.5-7B,Qwen2.5-7B,705,0.5,20,0.0,0.0,0.0,0.0,0.7450000000000001,0.5821786057080175,0.6551870790028685,0.52,0.5142105263157895,0.021052631578947368,0.021052631578947368,0.005054881571346043,35.0,31.636388888888895,0.9400000000000001,0.00389948006932409,27.0,23.561607142857145,0.7000000000000001,,
Qwen2.5-7B,Qwen2.5-7B,705,1.0,20,0.0,0.0,0.0,0.0,0.7250000000000001,0.6954450277647687,0.7703142471563524,0.7484210526315789,0.7078947368421052,0.0,0.0,0.005777007510109763,40.0,28.17873015873016,0.86,0.004910456383593298,34.0,17.845595238095235,0.6499999999999999,,
Qwen2.5-7B,Qwen2.5-7B,705,2.0,20,0.0,0.0,0.0,0.0,0.40499999999999997,0.8929952396471053,0.914002970713497,0.8894736842105263,0.5568421052631579,0.0,0.031578947368421054,0.008232235701906412,57.0,28.73130511463845,0.61,0.005054881571346043,35.0,12.800595238095237,0.34,,
Qwen2.5-7B,Qwen2.5-7B,722,0.0,20,0.0,0.0,0.0,0.0,0.8999999999999998,0.0,0.0,0.0,0.0,1.0,1.0,0.0012998266897746968,9.0,56.777777777777786,0.8999999999999998,0.0011554015020219526,8.0,63.625,0.8000000000000002,,
Qwen2.5-7B,Qwen2.5-7B,722,0.5,20,0.0,0.0,0.0,0.0,0.865,0.443187251345146,0.37237522711206916,0.631578947368421,0.5342105263157895,0.010526315789473684,0.031578947368421054,0.003755054881571346,26.0,61.746825396825386,0.8100000000000002,0.0033217793183131137,23.0,64.66686507936507,0.745,,
Qwen2.5-7B,Qwen2.5-7B,722,1.0,20,0.0,0.0,0.0,0.0,0.8350000000000002,0.5775399381320434,0.5280736368894264,0.7421052631578947,0.6873684210526315,0.0,0.0,0.004766031195840554,33.0,60.819444444444436,0.76,0.004188330444829578,29.0,63.398809523809526,0.7150000000000001,,
Qwen2.5-7B,Qwen2.5-7B,722,2.0,20,0.0,0.0,0.0,0.0,0.58,0.8374532688763991,0.7415035987404409,0.9421052631578949,0.6621052631578948,0.0,0.005263157894736842,0.006354708261120739,44.0,65.32140873015874,0.5800000000000002,0.00462160600808781,32.0,78.12239858906526,0.4999999999999999,,
Qwen2.5-7B,Qwen2.5-7B,748,0.0,20,0.0,0.0,0.0,0.0,0.6999999999999998,0.0,0.0,0.0,0.0,1.0,1.0,0.0010109763142692085,7.0,60.71428571428572,0.6999999999999998,0.0005777007510109763,4.0,5.25,0.4000000000000001,,
Qwen2.5-7B,Qwen2.5-7B,748,0.5,20,0.0,0.0,0.0,0.0,0.735,0.560880904441276,0.5746299022614813,0.8205263157894735,0.6931578947368421,0.0,0.0,0.003610629693818602,25.0,43.21597222222222,0.8,0.0027440785673021376,19.0,24.965654761904762,0.56,,
Qwen2.5-7B,Qwen2.5-7B,748,1.0,20,0.0,0.0,0.0,0.0,0.605,0.7813256597475273,0.7911573222099538,0.9189473684210527,0.6910526315789475,0.0,0.015789473684210527,0.00462160600808781,32.0,43.4157329598506,0.6750000000000002,0.003755054881571346,26.0,17.7031512605042,0.4699999999999999,,
Qwen2.5-7B,Qwen2.5-7B,748,2.0,20,0.0,0.0,0.0,0.0,0.47999999999999987,0.9475737069811944,0.9029071272724523,0.9831578947368421,0.6563157894736842,0.0,0.031578947368421054,0.005632582322357019,39.0,38.636531279178335,0.5199999999999999,0.004766031195840554,33.0,18.709871031746033,0.425,,
Qwen2.5-7B,Qwen2.5-7B,751,0.0,20,0.0,0.0,0.0,0.0,0.8800000000000001,0.11228070175438598,0.10105263157894738,0.20210526315789473,0.16842105263157894,0.6631578947368421,0.6631578947368421,0.0014442518775274408,10.0,22.955555555555552,0.8999999999999998,0.0012998266897746968,9.0,24.95,0.8000000000000002,,
Qwen2.5-7B,Qwen2.5-7B,751,0.5,20,0.0,0.0,0.0,0.0,0.8250000000000002,0.5996511383353489,0.6067617762354605,0.8421052631578947,0.7405263157894736,0.0,0.0,0.004332755632582322,30.0,22.69251984126984,0.9049999999999999,0.004043905257076834,28.0,24.169027777777778,0.8100000000000002,,
Qwen2.5-7B,Qwen2.5-7B,751,1.0,20,0.0,0.0,0.0,0.0,0.76,0.7686854269017785,0.7681933842731059,0.9273684210526318,0.7752631578947369,0.0,0.0,0.00779896013864818,54.0,19.184444444444445,0.8700000000000001,0.006499133448873483,45.0,20.98472222222222,0.73,,
Qwen2.5-7B,Qwen2.5-7B,751,2.0,20,0.0,0.0,0.0,0.0,0.41500000000000004,0.9390504770698677,0.8539021942969311,0.9789473684210527,0.5268421052631579,0.0,0.015789473684210527,0.005921432697862507,41.0,20.55224089635854,0.4600000000000001,0.004477180820335066,31.0,20.225070028011203,0.39999999999999997,,
Qwen2.5-7B,Qwen2.5-7B,774,0.0,20,0.0,0.0,0.0,0.0,0.5,0.06124401913875596,0.11228070175438598,0.03368421052631579,0.03368421052631579,0.6631578947368421,0.6631578947368421,0.0015886770652801848,11.0,32.3,1.0,0.0008665511265164644,6.0,36.2,0.5,,
Qwen2.5-7B,Qwen2.5-7B,774,0.5,20,0.0,0.0,0.0,0.0,0.485,0.31576449865923556,0.5282769423558897,0.32894736842105265,0.32789473684210524,0.031578947368421054,0.03684210526315789,0.002455228191796649,17.0,40.306666666666665,0.99,0.0015886770652801848,11.0,52.220000000000006,0.485,,
Qwen2.5-7B,Qwen2.5-7B,774,1.0,20,0.0,0.0,0.0,0.0,0.4700000000000001,0.37673913805492754,0.600829156223893,0.5836842105263157,0.3905263157894736,0.0,0.005263157894736842,0.003610629693818602,25.0,45.37555555555556,0.9649999999999999,0.0027440785673021376,19.0,63.654999999999994,0.4700000000000001,,
Qwen2.5-7B,Qwen2.5-7B,774,2.0,20,0.0,0.0,0.0,0.0,0.48000000000000015,0.7264591183444044,0.792039510197405,0.8615789473684213,0.51,0.0,0.0,0.004766031195840554,33.0,46.094007936507936,0.835,0.0034662045060658577,24.0,67.64583333333334,0.47000000000000003,,
Qwen2.5-7B,Qwen2.5-7B,776,0.0,20,0.0,0.0,0.0,0.0,0.8000000000000002,0.06124401913875596,0.07485380116959064,0.03368421052631579,0.03368421052631579,0.6631578947368421,0.6631578947368421,0.0014442518775274408,10.0,61.09777777777778,0.9799999999999998,0.0011554015020219526,8.0,7.671428571428573,0.7799999999999999,,
Qwen2.5-7B,Qwen2.5-7B,776,0.5,20,0.0,0.0,0.0,0.0,0.68,0.43709886604623444,0.4451919571656413,0.48631578947368426,0.47,0.02631578947368421,0.02631578947368421,0.002310803004043905,16.0,72.66771825396825,0.865,0.002021952628538417,14.0,12.003869047619046,0.6649999999999999,,
Qwen2.5-7B,Qwen2.5-7B,776,1.0,20,0.0,0.0,0.0,0.0,0.74,0.5000162994899836,0.5557924969767075,0.593157894736842,0.5521052631578947,0.0,0.0,0.003755054881571346,26.0,75.33113095238095,0.9049999999999999,0.0034662045060658577,24.0,19.90815476190476,0.7049999999999998,,
Qwen2.5-7B,Qwen2.5-7B,776,2.0,20,0.0,0.0,0.0,0.0,0.495,0.8750702145337147,0.8999057083267611,0.9210526315789476,0.6026315789473684,0.0,0.005263157894736842,0.005488157134604275,38.0,85.52385129490392,0.61,0.004766031195840554,33.0,35.08822751322751,0.45499999999999996,,
Qwen2.5-7B,Qwen2.5-7B,820,0.0,20,0.0,0.0,0.0,0.0,0.5999999999999999,0.0,0.0,0.0,0.0,1.0,1.0,0.0014442518775274408,10.0,57.0,1.0,0.0008665511265164644,6.0,33.66666666666666,0.5999999999999999,,
Qwen2.5-7B,Qwen2.5-7B,820,0.5,20,0.04557314929845545,0.11161253938229113,0.054867161237002984,0.1352378824714789,0.57,0.5090146038172353,0.6424901268322321,0.7436842105263158,0.49473684210526314,0.0,0.0,0.00389948006932409,27.0,47.660694444444445,0.9399999999999998,0.0030329289428076256,21.0,21.75559523809524,0.55,2.449085505400301,2.464823756550996
Qwen2.5-7B,Qwen2.5-7B,820,1.0,20,0.014453241315894394,0.06463686015509675,0.016666666666666666,0.07453559924999299,0.5149999999999999,0.6590808563641382,0.7967479304321411,0.8594736842105264,0.5631578947368421,0.0,0.0,0.006065857885615251,42.0,44.97595238095238,0.9,0.004332755632582322,30.0,20.449047619047622,0.485,4.472135954999579,4.47213595499958
Qwen2.5-7B,Qwen2.5-7B,820,2.0,20,0.06105122877766633,0.1618486680009785,0.08868528072345416,0.2451646716833545,0.395,0.8954658070732701,0.919134272160588,0.9678947368421055,0.5215789473684211,0.0,0.015789473684210527,0.007365684575389948,51.0,40.36488095238095,0.6799999999999999,0.004766031195840554,33.0,26.67885154061625,0.385,2.651030474593588,2.764434748172557
Qwen2.5-7B,Qwen2.5-7B,829,0.0,20,0.0,0.0,0.0,0.0,0.8000000000000002,0.0,0.0,0.0,0.0,1.0,1.0,0.0012998266897746968,9.0,11.222222222222223,0.8999999999999998,0.0010109763142692085,7.0,4.7142857142857135,0.6999999999999998,,
Qwen2.5-7B,Qwen2.5-7B,829,0.5,20,0.0,0.0,0.0,0.0,0.7950000000000002,0.40709360814623974,0.481778207172944,0.49631578947368427,0.49631578947368427,0.021052631578947368,0.021052631578947368,0.002455228191796649,17.0,11.569583333333334,0.95,0.002166377816291161,15.0,5.549107142857143,0.75,,
Qwen2.5-7B,Qwen2.5-7B,829,1.0,20,0.03379588167762147,0.10522415569982527,0.0,0.0,0.7700000000000001,0.6168031572830335,0.6733380070222176,0.7310526315789473,0.6973684210526315,0.0,0.0,0.004910456383593298,34.0,15.452361111111113,0.9399999999999998,0.004043905257076834,28.0,9.969166666666668,0.72,3.1135200644728633,
Qwen2.5-7B,Qwen2.5-7B,829,2.0,20,0.02153382790366965,0.09630220601677428,0.0,0.0,0.5600000000000002,0.8661791197052725,0.8763567134619765,0.9426315789473685,0.6863157894736841,0.0,0.005263157894736842,0.005777007510109763,40.0,13.675595238095237,0.7,0.004766031195840554,33.0,8.56957671957672,0.5199999999999999,4.47213595499958,
Qwen2.5-7B,Qwen2.5-7B,837,0.0,20,0.0,0.0,0.0,0.0,0.8999999999999998,0.0,0.0,0.0,0.0,1.0,1.0,0.0012998266897746968,9.0,33.44444444444444,0.8999999999999998,0.0012998266897746968,9.0,33.44444444444444,0.8999999999999998,,
Qwen2.5-7B,Qwen2.5-7B,837,0.5,20,0.0,0.0,0.0,0.0,0.9049999999999999,0.48884805006790494,0.4974331409045031,0.7410526315789474,0.6442105263157895,0.005263157894736842,0.010526315789473684,0.004477180820335066,31.0,31.404444444444447,0.99,0.004188330444829578,29.0,26.334305555555556,0.9049999999999999,,
Qwen2.5-7B,Qwen2.5-7B,837,1.0,20,0.0,0.0,0.0,0.0,0.805,0.7017473110417547,0.6706438736701894,0.9000000000000001,0.7731578947368423,0.0,0.0,0.006932409012131715,48.0,36.19152777777778,0.9549999999999998,0.004766031195840554,33.0,32.37420634920635,0.7950000000000002,,
Qwen2.5-7B,Qwen2.5-7B,837,2.0,20,0.0,0.0,0.0,0.0,0.515,0.9357448671989573,0.8931226522015997,0.9752631578947369,0.6810526315789476,0.0,0.005263157894736842,0.007221259387637204,50.0,30.717606516290726,0.5599999999999999,0.005199306759098787,36.0,30.567085537918867,0.48,,
Qwen2.5-7B,Qwen2.5-7B,920,0.0,20,0.0,0.0,0.0,0.0,0.8999999999999998,0.0,0.0,0.0,0.0,1.0,1.0,0.0014442518775274408,10.0,48.20000000000001,1.0,0.0012998266897746968,9.0,39.44444444444444,0.8999999999999998,,
Qwen2.5-7B,Qwen2.5-7B,920,0.5,20,0.0,0.0,0.0,0.0,0.6100000000000001,0.5826898127672122,0.5414354066985646,0.7526315789473684,0.6042105263157895,0.0,0.0,0.004043905257076834,28.0,52.81613095238096,0.8300000000000001,0.0027440785673021376,19.0,43.53946428571429,0.58,,
Qwen2.5-7B,Qwen2.5-7B,920,1.0,20,0.0,0.0,0.0,0.0,0.62,0.6834945949303535,0.6394368497000076,0.8089473684210529,0.6363157894736842,0.0,0.0,0.005199306759098787,36.0,45.47410714285715,0.8150000000000001,0.003610629693818602,25.0,34.15708333333333,0.595,,
Qwen2.5-7B,Qwen2.5-7B,920,2.0,20,0.0,0.0,0.0,0.0,0.49499999999999994,0.8668786246297654,0.85935123356176,0.9147368421052635,0.5905263157894738,0.0,0.0,0.007365684575389948,51.0,41.00553467000836,0.6849999999999999,0.00462160600808781,32.0,30.38327067669173,0.485,,
Qwen2.5-7B,Qwen2.5-7B,957,0.0,20,0.0,0.0,0.0,0.0,0.5999999999999999,0.06124401913875596,0.09624060150375939,0.13473684210526315,0.03368421052631579,0.6631578947368421,0.6631578947368421,0.0011554015020219526,8.0,28.53571428571429,0.7200000000000001,0.0008665511265164644,6.0,13.046666666666667,0.5199999999999999,,
Qwen2.5-7B,Qwen2.5-7B,957,0.5,20,0.0,0.0,0.0,0.0,0.57,0.29112644665276244,0.2507414369256474,0.5094736842105264,0.31842105263157894,0.010526315789473684,0.06315789473684211,0.001877527440785673,13.0,28.819047619047627,0.7,0.0015886770652801848,11.0,12.603333333333333,0.5,,
Qwen2.5-7B,Qwen2.5-7B,957,1.0,20,0.0,0.0,0.0,0.0,0.55,0.48166983558237425,0.44110655426444906,0.6578947368421053,0.36947368421052623,0.0,0.005263157894736842,0.002455228191796649,17.0,31.285912698412698,0.71,0.0017331022530329288,12.0,14.48261904761905,0.495,,
Qwen2.5-7B,Qwen2.5-7B,957,2.0,20,0.0,0.0,0.0,0.0,0.53,0.885785364468964,0.8790575506364979,0.9431578947368422,0.6126315789473684,0.0,0.0,0.006499133448873483,45.0,31.085555555555555,0.6599999999999999,0.005488157134604275,38.0,18.451666666666664,0.5050000000000001,,
Qwen2.5-7B-FT,Qwen2.5-7B-FT,83,0.0,20,0.0,0.0,0.0,0.0,0.8999999999999998,0.0,0.0,0.0,0.0,1.0,1.0,0.0012998266897746968,9.0,46.222222222222214,0.8999999999999998,0.0012998266897746968,9.0,46.222222222222214,0.8999999999999998,,
Qwen2.5-7B-FT,Qwen2.5-7B-FT,83,0.5,20,0.0,0.0,0.0,0.0,0.9549999999999998,0.6916503478461682,0.6847741121967129,0.8089473684210529,0.8000000000000003,0.0,0.0,0.00462160600808781,32.0,36.86099206349206,0.9,0.00462160600808781,32.0,36.86099206349206,0.9,,
Qwen2.5-7B-FT,Qwen2.5-7B-FT,83,1.0,20,0.0,0.0,0.0,0.0,0.9549999999999998,0.7978165227309761,0.7870192474319083,0.9005263157894738,0.8873684210526317,0.0,0.0,0.006354708261120739,44.0,32.76198412698413,0.9,0.006354708261120739,44.0,32.76198412698413,0.9,,
Qwen2.5-7B-FT,Qwen2.5-7B-FT,83,2.0,20,0.0,0.0,0.0,0.0,0.73,0.9300454438469755,0.9072767849625435,0.985263157894737,0.8105263157894737,0.0,0.0,0.007365684575389948,51.0,24.957414369256476,0.6199999999999999,0.00707683419988446,49.0,24.43611111111111,0.6099999999999999,,
Qwen2.5-7B-FT,Qwen2.5-7B-FT,86,0.0,20,0.0,0.0,0.0,0.0,0.6999999999999998,0.0,0.0,0.0,0.0,1.0,1.0,0.0011554015020219526,8.0,11.25,0.8000000000000002,0.0008665511265164644,6.0,10.5,0.5999999999999999,,
Qwen2.5-7B-FT,Qwen2.5-7B-FT,86,0.5,20,0.014804095548293261,0.06620592798277151,0.014804095548293261,0.06620592798277151,0.89,0.6806960691798563,0.6256312783363867,0.8415789473684212,0.8563157894736843,0.0,0.0,0.005777007510109763,40.0,14.630257936507936,0.785,0.005054881571346043,35.0,14.320416666666668,0.7349999999999999,4.47213595499958,4.47213595499958
Qwen2.5-7B-FT,Qwen2.5-7B-FT,86,1.0,20,0.05614425479544869,0.11585053386680608,0.05614425479544869,0.11585053386680608,0.8850000000000001,0.830966079414222,0.8064830989443991,0.9415789473684212,0.8968421052631581,0.0,0.0,0.008087810514153668,56.0,21.982301587301585,0.8200000000000001,0.006932409012131715,48.0,21.92079365079365,0.7749999999999999,2.063444145601118,2.063444145601118
Qwen2.5-7B-FT,Qwen2.5-7B-FT,86,2.0,20,0.0,0.0,0.0,0.0,0.685,0.9410049245921822,0.9138405806439861,0.985263157894737,0.7684210526315788,0.0,0.0,0.008376660889659156,58.0,22.907242063492063,0.665,0.007510109763142692,52.0,22.370853174603177,0.635,,
Qwen2.5-7B-FT,Qwen2.5-7B-FT,92,0.0,20,0.0,0.0,0.0,0.0,1.0,0.0,0.0,0.0,0.0,1.0,1.0,0.0014442518775274408,10.0,20.699999999999996,1.0,0.0014442518775274408,10.0,20.699999999999996,1.0,,
Qwen2.5-7B-FT,Qwen2.5-7B-FT,92,0.5,20,0.0,0.0,0.0,0.0,0.99,0.492137686874529,0.4852379199747621,0.5489473684210526,0.5468421052631579,0.0,0.0,0.00389948006932409,27.0,17.477222222222228,0.95,0.00389948006932409,27.0,17.477222222222228,0.95,,
Qwen2.5-7B-FT,Qwen2.5-7B-FT,92,1.0,20,0.0,0.0,0.0,0.0,0.97,0.6890321816985905,0.6776491516739197,0.8136842105263158,0.8484210526315789,0.0,0.0,0.006210283073367995,43.0,19.213333333333335,0.9199999999999999,0.006210283073367995,43.0,19.213333333333335,0.9199999999999999,,
Qwen2.5-7B-FT,Qwen2.5-7B-FT,92,2.0,20,0.0,0.0,0.0,0.0,0.6799999999999999,0.9154386061903986,0.8797975059855865,0.9794736842105264,0.7694736842105264,0.0,0.0,0.006354708261120739,44.0,26.889702380952382,0.63,0.005777007510109763,40.0,20.16682539682539,0.595,,
Qwen2.5-7B-FT,Qwen2.5-7B-FT,126,0.0,20,0.0,0.0,0.0,0.0,1.0,0.06124401913875596,0.06124401913875596,0.20210526315789473,0.20210526315789473,0.6631578947368421,0.6631578947368421,0.0015886770652801848,11.0,43.14,1.0,0.0015886770652801848,11.0,43.14,1.0,,
Qwen2.5-7B-FT,Qwen2.5-7B-FT,126,0.5,20,0.0,0.0,0.0,0.0,1.0,0.612381349300854,0.612381349300854,0.7778947368421053,0.7778947368421053,0.0,0.0,0.005343731946851531,37.0,43.13,1.0,0.005343731946851531,37.0,43.13,1.0,,
Qwen2.5-7B-FT,Qwen2.5-7B-FT,126,1.0,20,0.0,0.0,0.0,0.0,0.985,0.7712634119632653,0.7663444214250796,0.9231578947368422,0.9284210526315791,0.0,0.0,0.008087810514153668,56.0,43.45,0.985,0.007943385326400924,55.0,43.31777777777778,0.9799999999999999,,
Qwen2.5-7B-FT,Qwen2.5-7B-FT,126,2.0,20,0.0,0.0,0.0,0.0,0.745,0.925214844088072,0.9048787766241326,0.9763157894736844,0.8463157894736842,0.0,0.0,0.008809936452917388,61.0,32.22928153717628,0.74,0.008376660889659156,58.0,32.274498746867174,0.725,,
Qwen2.5-7B-FT,Qwen2.5-7B-FT,181,0.0,20,0.0,0.0,0.0,0.0,1.0,0.0,0.0,0.0,0.0,1.0,1.0,0.0012998266897746968,9.0,15.0,0.8999999999999998,0.0012998266897746968,9.0,15.0,0.8999999999999998,,
Qwen2.5-7B-FT,Qwen2.5-7B-FT,181,0.5,20,0.0,0.0,0.0,0.0,0.9949999999999999,0.5561871771159697,0.5561871771159697,0.8136842105263159,0.8136842105263159,0.0,0.0,0.00389948006932409,27.0,11.526250000000001,0.9199999999999999,0.00389948006932409,27.0,11.526250000000001,0.9199999999999999,,
Qwen2.5-7B-FT,Qwen2.5-7B-FT,181,1.0,20,0.0,0.0,0.0,0.0,0.97,0.7902579785376755,0.7839883096146336,0.9157894736842105,0.915263157894737,0.0,0.0,0.006787983824378971,47.0,10.768888888888888,0.89,0.006499133448873483,45.0,10.480555555555556,0.8799999999999999,,
Qwen2.5-7B-FT,Qwen2.5-7B-FT,181,2.0,20,0.0,0.0,0.0,0.0,0.8100000000000002,0.9045242750839948,0.880501995221117,0.9594736842105264,0.85,0.0,0.0,0.007365684575389948,51.0,12.00013888888889,0.695,0.007221259387637204,50.0,11.69061507936508,0.6899999999999998,,
Qwen2.5-7B-FT,Qwen2.5-7B-FT,197,0.0,20,0.0,0.0,0.0,0.0,0.6999999999999998,0.0,0.0,0.0,0.0,1.0,1.0,0.0010109763142692085,7.0,24.285714285714285,0.6999999999999998,0.0010109763142692085,7.0,24.285714285714285,0.6999999999999998,,
Qwen2.5-7B-FT,Qwen2.5-7B-FT,197,0.5,20,0.0,0.0,0.0,0.0,0.765,0.5724566807461544,0.5845329378224116,0.6778947368421053,0.6073684210526316,0.0,0.0,0.004477180820335066,31.0,23.15498015873016,0.755,0.004477180820335066,31.0,23.15498015873016,0.755,,
Qwen2.5-7B-FT,Qwen2.5-7B-FT,197,1.0,20,0.0,0.0,0.0,0.0,0.905,0.7460994445011473,0.7289746991914174,0.8715789473684211,0.8242105263157896,0.0,0.0,0.007510109763142692,52.0,20.732996031746033,0.8550000000000001,0.007510109763142692,52.0,20.732996031746033,0.8550000000000001,,
Qwen2.5-7B-FT,Qwen2.5-7B-FT,197,2.0,20,0.0,0.0,0.0,0.0,0.7249999999999999,0.9360009867289484,0.9109992312469093,0.9810526315789474,0.7842105263157896,0.0,0.0,0.008376660889659156,58.0,20.522142857142857,0.655,0.008087810514153668,56.0,20.348035714285718,0.6449999999999999,,
Qwen2.5-7B-FT,Qwen2.5-7B-FT,367,0.0,20,0.0,0.0,0.0,0.0,1.0,0.0,0.0,0.0,0.0,1.0,1.0,0.0011554015020219526,8.0,5.0,0.8000000000000002,0.0011554015020219526,8.0,5.0,0.8000000000000002,,
Qwen2.5-7B-FT,Qwen2.5-7B-FT,367,0.5,20,0.052600734340123176,0.0939797257681051,0.053148534038683935,0.09487148945988504,0.9649999999999999,0.6664050161225085,0.655848034834103,0.8826315789473687,0.876842105263158,0.0,0.0,0.004766031195840554,33.0,8.933055555555557,0.805,0.004766031195840554,33.0,8.933055555555557,0.805,1.7866618583767289,1.7850255171823408
Qwen2.5-7B-FT,Qwen2.5-7B-FT,367,1.0,20,0.0792553919849681,0.11393794654343403,0.07962221248474413,0.11428129869677381,0.975,0.8096443627525589,0.8050036070966493,0.9400000000000002,0.9363157894736841,0.0,0.0,0.007221259387637204,50.0,8.34422619047619,0.7500000000000001,0.007221259387637204,50.0,8.34422619047619,0.7500000000000001,1.437604984214121,1.4352941865144788
Qwen2.5-7B-FT,Qwen2.5-7B-FT,367,2.0,20,0.051379209615940113,0.10830143025386194,0.05754604649035663,0.12237932017130063,0.71,0.9377355928520993,0.9104049154320052,0.9826315789473685,0.7789473684210526,0.0,0.0,0.006787983824378971,47.0,8.737380952380951,0.535,0.006787983824378971,47.0,8.737380952380951,0.535,2.107884318645922,2.1266329771552344
Qwen2.5-7B-FT,Qwen2.5-7B-FT,400,0.0,20,0.0,0.0,0.0,0.0,0.8999999999999998,0.06124401913875596,0.0,0.03368421052631579,0.0,0.6631578947368421,1.0,0.0011554015020219526,8.0,21.0,0.8000000000000002,0.0011554015020219526,8.0,21.0,0.8000000000000002,,
Qwen2.5-7B-FT,Qwen2.5-7B-FT,400,0.5,20,0.0,0.0,0.0,0.0,0.96,0.6780412420668247,0.6579777954515204,0.8842105263157894,0.9047368421052633,0.0,0.0,0.005632582322357019,39.0,18.78115079365079,0.845,0.005632582322357019,39.0,18.78115079365079,0.845,,
Qwen2.5-7B-FT,Qwen2.5-7B-FT,400,1.0,20,0.01934264036172708,0.08650291742630577,0.01934264036172708,0.08650291742630577,0.9800000000000001,0.8216206796661417,0.8178010781697436,0.9563157894736843,0.9563157894736843,0.0,0.0,0.008232235701906412,57.0,19.51652777777778,0.9299999999999999,0.008232235701906412,57.0,19.51652777777778,0.9299999999999999,4.4721359549995805,4.4721359549995805
Qwen2.5-7B-FT,Qwen2.5-7B-FT,400,2.0,20,0.05,0.1582144737642392,0.05,0.1582144737642392,0.735,0.9297354842213894,0.9054577508834475,0.9805263157894737,0.8068421052631579,0.0,0.0,0.008087810514153668,56.0,17.430476190476192,0.6599999999999999,0.00779896013864818,54.0,17.181369047619047,0.6499999999999999,3.1642894752847837,3.1642894752847837
Qwen2.5-7B-FT,Qwen2.5-7B-FT,421,0.0,20,0.0,0.0,0.0,0.0,0.8999999999999998,0.0,0.0,0.0,0.0,1.0,1.0,0.0012998266897746968,9.0,15.555555555555554,0.8999999999999998,0.0012998266897746968,9.0,15.555555555555554,0.8999999999999998,,
Qwen2.5-7B-FT,Qwen2.5-7B-FT,421,0.5,20,0.0,0.0,0.0,0.0,0.99,0.4669611966980387,0.463335874651664,0.7868421052631579,0.7936842105263159,0.0,0.0,0.004332755632582322,30.0,20.935555555555556,0.99,0.004332755632582322,30.0,20.935555555555556,0.99,,
Qwen2.5-7B-FT,Qwen2.5-7B-FT,421,1.0,20,0.0,0.0,0.0,0.0,0.9800000000000001,0.6546810087057766,0.6460060076662244,0.8847368421052633,0.8857894736842106,0.0,0.0,0.006499133448873483,45.0,17.44986111111111,0.96,0.006499133448873483,45.0,17.44986111111111,0.96,,
Qwen2.5-7B-FT,Qwen2.5-7B-FT,421,2.0,20,0.0,0.0,0.0,0.0,0.8099999999999999,0.8951778472238389,0.8706533610867977,0.9673684210526317,0.8473684210526318,0.0,0.0,0.0085210860774119,59.0,20.998015873015873,0.8,0.0085210860774119,59.0,20.998015873015873,0.8,,
Qwen2.5-7B-FT,Qwen2.5-7B-FT,427,0.0,20,0.0,0.0,0.0,0.0,0.8999999999999998,0.0,0.0,0.13473684210526315,0.13473684210526315,0.6631578947368421,0.6631578947368421,0.0012998266897746968,9.0,23.444444444444446,0.8999999999999998,0.0011554015020219526,8.0,25.0,0.8000000000000002,,
Qwen2.5-7B-FT,Qwen2.5-7B-FT,427,0.5,20,0.0,0.0,0.0,0.0,0.9799999999999999,0.6295779040361084,0.6210417046833455,0.8189473684210528,0.8557894736842107,0.0,0.0,0.004910456383593298,34.0,20.065277777777776,0.865,0.00462160600808781,32.0,20.15396825396825,0.845,,
Qwen2.5-7B-FT,Qwen2.5-7B-FT,427,1.0,20,0.0,0.0,0.0,0.0,0.9799999999999999,0.6970703625579787,0.692532319331855,0.9157894736842107,0.9247368421052634,0.0,0.0,0.006643558636626227,46.0,17.002083333333335,0.8600000000000001,0.006354708261120739,44.0,16.4156746031746,0.85,,
Qwen2.5-7B-FT,Qwen2.5-7B-FT,427,2.0,20,0.0,0.0,0.0,0.0,0.8100000000000002,0.8622719692678549,0.8302076934932971,0.9594736842105264,0.8700000000000001,0.0,0.0,0.006499133448873483,45.0,15.581488095238097,0.7150000000000001,0.006065857885615251,42.0,15.188869047619047,0.7000000000000001,,
Qwen2.5-7B-FT,Qwen2.5-7B-FT,442,0.0,20,0.0,0.0,0.0,0.0,1.0,0.0,0.0,0.0,0.0,1.0,1.0,0.0014442518775274408,10.0,8.099999999999998,1.0,0.0014442518775274408,10.0,8.099999999999998,1.0,,
Qwen2.5-7B-FT,Qwen2.5-7B-FT,442,0.5,20,0.0,0.0,0.0,0.0,1.0,0.7356801695036989,0.7356801695036989,0.9115789473684213,0.9115789473684213,0.0,0.0,0.006065857885615251,42.0,13.58388888888889,0.9949999999999999,0.006065857885615251,42.0,13.58388888888889,0.9949999999999999,,
Qwen2.5-7B-FT,Qwen2.5-7B-FT,442,1.0,20,0.0,0.0,0.0,0.0,0.975,0.7835981097460647,0.7809544861697786,0.9415789473684211,0.9421052631578949,0.0,0.0,0.006643558636626227,46.0,12.363472222222224,0.95,0.006643558636626227,46.0,12.363472222222224,0.95,,
Qwen2.5-7B-FT,Qwen2.5-7B-FT,442,2.0,20,0.0,0.0,0.0,0.0,0.825,0.9091895114463143,0.8903612253714095,0.9800000000000001,0.8900000000000001,0.0,0.0,0.008376660889659156,58.0,13.37107142857143,0.7900000000000001,0.008232235701906412,57.0,13.368293650793651,0.7850000000000001,,
Qwen2.5-7B-FT,Qwen2.5-7B-FT,445,0.0,20,0.0,0.0,0.0,0.0,0.6999999999999998,0.0,0.0,0.0,0.0,1.0,1.0,0.0010109763142692085,7.0,18.714285714285715,0.6999999999999998,0.0008665511265164644,6.0,9.0,0.5999999999999999,,
Qwen2.5-7B-FT,Qwen2.5-7B-FT,445,0.5,20,0.0,0.0,0.0,0.0,0.7900000000000003,0.3990281648176386,0.3613835725677831,0.6036842105263157,0.5089473684210527,0.0,0.0,0.002166377816291161,15.0,16.78015873015873,0.845,0.002021952628538417,14.0,9.141071428571427,0.75,,
Qwen2.5-7B-FT,Qwen2.5-7B-FT,445,1.0,20,0.0,0.0,0.0,0.0,0.835,0.668196887391934,0.6058023555391977,0.8010526315789475,0.7421052631578947,0.0,0.0,0.005921432697862507,41.0,19.669007936507935,0.8699999999999999,0.005632582322357019,39.0,16.00972222222222,0.8099999999999999,,
Qwen2.5-7B-FT,Qwen2.5-7B-FT,445,2.0,20,0.0,0.0,0.0,0.0,0.79,0.8379897272851893,0.7859145030236361,0.9584210526315791,0.8284210526315792,0.0,0.0,0.006932409012131715,48.0,16.458869047619046,0.765,0.006499133448873483,45.0,15.957619047619048,0.75,,
Qwen2.5-7B-FT,Qwen2.5-7B-FT,495,0.0,20,0.0,0.0,0.0,0.0,0.7200000000000001,0.11228070175438598,0.042105263157894736,0.10105263157894737,0.23578947368421052,0.6631578947368421,0.6631578947368421,0.0011554015020219526,8.0,43.22857142857143,0.7200000000000001,0.0011554015020219526,8.0,43.22857142857143,0.7200000000000001,,
Qwen2.5-7B-FT,Qwen2.5-7B-FT,495,0.5,20,0.019519002499605084,0.08729163288421056,0.0,0.0,0.8099999999999999,0.5904005205320995,0.5298680851312432,0.7857894736842106,0.7178947368421055,0.0,0.0,0.00462160600808781,32.0,37.03065476190476,0.8150000000000001,0.004477180820335066,31.0,37.35496031746032,0.8099999999999999,4.47213595499958,
Qwen2.5-7B-FT,Qwen2.5-7B-FT,495,1.0,20,0.019519002499605084,0.08729163288421056,0.0,0.0,0.8550000000000001,0.7734572994266249,0.7324901517471177,0.922105263157895,0.8294736842105265,0.0,0.0,0.006643558636626227,46.0,48.84861111111111,0.8450000000000001,0.006499133448873483,45.0,49.271527777777784,0.8400000000000002,4.47213595499958,
Qwen2.5-7B-FT,Qwen2.5-7B-FT,495,2.0,20,0.019519002499605084,0.08729163288421056,0.0,0.0,0.68,0.9360294117647059,0.9065572636857466,0.9863157894736844,0.7705263157894738,0.0,0.0,0.007365684575389948,51.0,35.27738095238095,0.6599999999999999,0.007221259387637204,50.0,35.54273182957393,0.655,4.47213595499958,
Qwen2.5-7B-FT,Qwen2.5-7B-FT,506,0.0,20,1.0,0.0,1.0,0.0,1.0,0.11228070175438598,0.11228070175438598,0.16842105263157894,0.16842105263157894,0.6631578947368421,0.6631578947368421,0.0012998266897746968,9.0,10.5,0.7799999999999999,0.0012998266897746968,9.0,10.5,0.7799999999999999,0.0,0.0
Qwen2.5-7B-FT,Qwen2.5-7B-FT,506,0.5,20,1.0,0.0,1.0,0.0,0.975,0.6503424851722065,0.6407647924830586,0.7947368421052632,0.7884210526315789,0.0,0.0,0.00462160600808781,32.0,12.105952380952381,0.825,0.004477180820335066,31.0,12.15109126984127,0.82,0.0,0.0
Qwen2.5-7B-FT,Qwen2.5-7B-FT,506,1.0,20,0.9657732438392864,0.15306670684933052,0.9657732438392864,0.15306670684933052,0.925,0.7888682468157375,0.7708349864201665,0.880526315789474,0.8394736842105266,0.0,0.0,0.006210283073367995,43.0,12.308392857142858,0.8,0.005777007510109763,40.0,12.28954365079365,0.7849999999999999,0.15849135169746142,0.15849135169746142
Qwen2.5-7B-FT,Qwen2.5-7B-FT,506,2.0,20,0.7148532884159963,0.3586817302489904,0.7740800445767098,0.3502771212035284,0.745,0.8894947993047636,0.8490506547975587,0.9563157894736845,0.7863157894736841,0.0,0.0,0.00707683419988446,49.0,12.316071428571428,0.7,0.006787983824378971,47.0,11.855,0.69,0.5017557253513841,0.45250762328470884
Qwen2.5-7B-FT,Qwen2.5-7B-FT,515,0.0,20,0.6131471927654584,0.0,0.6131471927654584,0.0,0.8999999999999998,0.0,0.0,0.0,0.0,1.0,1.0,0.0012998266897746968,9.0,25.77777777777778,0.8999999999999998,0.0012998266897746968,9.0,25.77777777777778,0.8999999999999998,0.0,0.0
Qwen2.5-7B-FT,Qwen2.5-7B-FT,515,0.5,20,0.4905177542123667,0.2516302985676573,0.4905177542123667,0.2516302985676573,0.8949999999999999,0.421194375799639,0.41109691478112537,0.6705263157894737,0.6599999999999999,0.0,0.0,0.004188330444829578,29.0,22.75900793650794,0.8899999999999999,0.004043905257076834,28.0,22.856924603174605,0.885,0.512989176042577,0.512989176042577
Qwen2.5-7B-FT,Qwen2.5-7B-FT,515,1.0,20,0.3306573596382729,0.26585424747460923,0.3306573596382729,0.26585424747460923,0.95,0.7146826600969504,0.70765533872732,0.9105263157894737,0.9047368421052633,0.0,0.0,0.006354708261120739,44.0,24.760694444444447,0.93,0.006210283073367995,43.0,24.208611111111114,0.9250000000000002,0.8040173301009966,0.8040173301009966
Qwen2.5-7B-FT,Qwen2.5-7B-FT,515,2.0,20,0.14197207891481875,0.25652860624540424,0.14197207891481875,0.25652860624540424,0.6199999999999999,0.9338391224449152,0.8975044770602455,0.9821052631578948,0.7578947368421054,0.0,0.005263157894736842,0.006643558636626227,46.0,18.111838624338628,0.6099999999999999,0.006499133448873483,45.0,18.54649470899471,0.5999999999999999,1.8068947655497656,1.8068947655497656
Qwen2.5-7B-FT,Qwen2.5-7B-FT,544,0.0,20,0.0,0.0,0.0,0.0,1.0,0.0,0.0,0.06736842105263158,0.06736842105263158,0.6631578947368421,0.6631578947368421,0.0011554015020219526,8.0,5.625,0.8000000000000002,0.0011554015020219526,8.0,5.625,0.8000000000000002,,
Qwen2.5-7B-FT,Qwen2.5-7B-FT,544,0.5,20,0.0,0.0,0.0,0.0,0.975,0.5976386259938892,0.5922666295692611,0.8010526315789475,0.8163157894736843,0.0,0.0,0.004766031195840554,33.0,16.364285714285714,0.7950000000000002,0.00462160600808781,32.0,16.31369047619048,0.785,,
Qwen2.5-7B-FT,Qwen2.5-7B-FT,544,1.0,20,0.0,0.0,0.0,0.0,0.9799999999999999,0.6966373182201356,0.6905429911505763,0.8978947368421054,0.8942105263157895,0.0,0.0,0.006787983824378971,47.0,20.328670634920634,0.8150000000000001,0.006787983824378971,47.0,20.328670634920634,0.8150000000000001,,
Qwen2.5-7B-FT,Qwen2.5-7B-FT,544,2.0,20,0.0,0.0,0.0,0.0,0.8500000000000002,0.9000770922404051,0.8798608033376651,0.9789473684210527,0.8763157894736842,0.0,0.0,0.007221259387637204,50.0,22.235912698412697,0.7449999999999999,0.007221259387637204,50.0,22.235912698412697,0.7449999999999999,,
Qwen2.5-7B-FT,Qwen2.5-7B-FT,636,0.0,20,0.0,0.0,0.0,0.0,0.8999999999999998,0.0,0.0,0.0,0.0,1.0,1.0,0.0011554015020219526,8.0,27.5,0.8000000000000002,0.0011554015020219526,8.0,27.5,0.8000000000000002,,
Qwen2.5-7B-FT,Qwen2.5-7B-FT,636,0.5,20,0.0,0.0,0.0,0.0,0.885,0.4796549941286783,0.4847189360347255,0.6289473684210526,0.6121052631578947,0.0,0.0,0.00389948006932409,27.0,33.70625,0.78,0.00389948006932409,27.0,33.70625,0.78,,
Qwen2.5-7B-FT,Qwen2.5-7B-FT,636,1.0,20,0.06131471927654584,0.188722723925743,0.0,0.0,0.875,0.683108317551042,0.6412318383371014,0.8178947368421055,0.7273684210526316,0.0,0.0,0.005488157134604275,38.0,28.048412698412697,0.7849999999999999,0.005199306759098787,36.0,28.40257936507937,0.77,3.077935056255462,
Qwen2.5-7B-FT,Qwen2.5-7B-FT,636,2.0,20,0.03065735963827292,0.1371038803236732,0.0,0.0,0.655,0.9151943584451325,0.8700469121521753,0.9689473684210528,0.7289473684210527,0.0,0.0,0.006787983824378971,47.0,16.744702380952383,0.6049999999999999,0.006499133448873483,45.0,16.835178571428575,0.595,4.472135954999579,
Qwen2.5-7B-FT,Qwen2.5-7B-FT,640,0.0,20,1.0,0.0,0.0,0.0,0.7799999999999999,0.15546558704453442,0.16842105263157894,0.16842105263157894,0.16842105263157894,0.6631578947368421,0.6631578947368421,0.0014442518775274408,10.0,16.78571428571429,0.7799999999999999,0.0012998266897746968,9.0,17.514285714285712,0.6799999999999999,0.0,
Qwen2.5-7B-FT,Qwen2.5-7B-FT,640,0.5,20,0.75,0.4442616583193193,0.0,0.0,0.8699999999999999,0.7151211881513739,0.7264043296744536,0.8789473684210528,0.8368421052631579,0.0,0.0,0.005488157134604275,38.0,21.093075396825398,0.825,0.005199306759098787,36.0,21.47371031746032,0.7449999999999999,0.5923488777590924,
Qwen2.5-7B-FT,Qwen2.5-7B-FT,640,1.0,20,0.5,0.512989176042577,0.0,0.0,0.9049999999999999,0.8877564137381639,0.8917304387128813,0.9568421052631579,0.9363157894736844,0.0,0.0,0.008809936452917388,61.0,14.981031746031741,0.7899999999999999,0.008232235701906412,57.0,14.484424603174602,0.725,1.025978352085154,
Qwen2.5-7B-FT,Qwen2.5-7B-FT,640,2.0,20,0.15,0.36634754853252327,0.0,0.0,0.7550000000000001,0.937678109101443,0.917164451905164,0.9868421052631579,0.8157894736842105,0.0,0.0,0.008087810514153668,56.0,13.114285714285714,0.6449999999999999,0.007221259387637204,50.0,11.01845238095238,0.605,2.442316990216822,
Qwen2.5-7B-FT,Qwen2.5-7B-FT,681,0.0,20,0.0,0.0,0.0,0.0,0.9199999999999999,0.09186602870813397,0.09186602870813397,0.20210526315789473,0.20210526315789473,0.6631578947368421,0.6631578947368421,0.0015886770652801848,11.0,25.30222222222222,0.9199999999999999,0.0015886770652801848,11.0,25.30222222222222,0.9199999999999999,,
Qwen2.5-7B-FT,Qwen2.5-7B-FT,681,0.5,20,0.0,0.0,0.0,0.0,0.975,0.7193882787861932,0.7193882787861932,0.8968421052631581,0.8968421052631581,0.0,0.0,0.005777007510109763,40.0,21.04111111111111,0.9349999999999999,0.005777007510109763,40.0,21.04111111111111,0.9349999999999999,,
Qwen2.5-7B-FT,Qwen2.5-7B-FT,681,1.0,20,0.0,0.0,0.0,0.0,0.975,0.8688736805895028,0.8650987116915095,0.9736842105263158,0.9663157894736844,0.0,0.0,0.008376660889659156,58.0,16.976249999999997,0.925,0.008376660889659156,58.0,16.976249999999997,0.925,,
Qwen2.5-7B-FT,Qwen2.5-7B-FT,681,2.0,20,0.0,0.0,0.0,0.0,0.775,0.9249606213676606,0.9112440419284156,0.9784210526315791,0.8973684210526316,0.0,0.0,0.008232235701906412,57.0,11.032330827067668,0.75,0.007943385326400924,55.0,11.051879699248119,0.74,,
Qwen2.5-7B-FT,Qwen2.5-7B-FT,705,0.0,20,0.0,0.0,0.0,0.0,1.0,0.0,0.0,0.0,0.0,1.0,1.0,0.0008665511265164644,6.0,1.8333333333333335,0.5999999999999999,0.0008665511265164644,6.0,1.8333333333333335,0.5999999999999999,,
Qwen2.5-7B-FT,Qwen2.5-7B-FT,705,0.5,20,0.0,0.0,0.0,0.0,0.97,0.6582337253389885,0.64453167231805,0.8484210526315792,0.8821052631578951,0.0,0.0,0.00462160600808781,32.0,7.056726190476192,0.65,0.004332755632582322,30.0,5.025059523809524,0.6299999999999999,,
Qwen2.5-7B-FT,Qwen2.5-7B-FT,705,1.0,20,0.0,0.0,0.0,0.0,0.9299999999999999,0.812602843538154,0.7941115761241637,0.925263157894737,0.921578947368421,0.0,0.0,0.006065857885615251,42.0,7.764742063492062,0.7150000000000001,0.005632582322357019,39.0,6.986468253968253,0.7,,
Qwen2.5-7B-FT,Qwen2.5-7B-FT,705,2.0,20,0.0,0.0,0.0,0.0,0.67,0.959398366918328,0.9377568630200209,0.9926315789473684,0.7563157894736842,0.0,0.0,0.006787983824378971,47.0,12.272142857142857,0.495,0.006787983824378971,47.0,12.272142857142857,0.495,,
Qwen2.5-7B-FT,Qwen2.5-7B-FT,722,0.0,20,0.0,0.0,0.0,0.0,1.0,0.06124401913875596,0.06124401913875596,0.03368421052631579,0.03368421052631579,0.6631578947368421,0.6631578947368421,0.0015886770652801848,11.0,26.580000000000002,1.0,0.0015886770652801848,11.0,26.580000000000002,1.0,,
Qwen2.5-7B-FT,Qwen2.5-7B-FT,722,0.5,20,0.0,0.0,0.0,0.0,0.9800000000000001,0.628033696609548,0.6170630006388519,0.8310526315789474,0.8484210526315789,0.0,0.0,0.004332755632582322,30.0,36.53625,0.8550000000000001,0.004188330444829578,29.0,36.502222222222215,0.85,,
Qwen2.5-7B-FT,Qwen2.5-7B-FT,722,1.0,20,0.01173196815056891,0.05246695658906915,0.0,0.0,0.95,0.829481013550388,0.819971553576328,0.9431578947368422,0.9310526315789476,0.0,0.0,0.007654534950895436,53.0,30.21293650793651,0.8100000000000002,0.00707683419988446,49.0,29.97871031746032,0.7849999999999999,4.47213595499958,
Qwen2.5-7B-FT,Qwen2.5-7B-FT,722,2.0,20,0.0,0.0,0.0,0.0,0.76,0.9232551192222042,0.9052276874855089,0.9752631578947369,0.8778947368421053,0.0,0.0,0.007510109763142692,52.0,34.32103174603175,0.66,0.00707683419988446,49.0,34.81286549707603,0.645,,
Qwen2.5-7B-FT,Qwen2.5-7B-FT,748,0.0,20,0.0,0.0,0.0,0.0,1.0,0.0,0.0,0.0,0.0,1.0,1.0,0.0010109763142692085,7.0,16.857142857142854,0.6999999999999998,0.0010109763142692085,7.0,16.857142857142854,0.6999999999999998,,
Qwen2.5-7B-FT,Qwen2.5-7B-FT,748,0.5,20,0.0,0.0,0.0,0.0,0.9949999999999999,0.5096789175736544,0.5059138230190862,0.8563157894736841,0.8563157894736841,0.0,0.0,0.002310803004043905,16.0,22.82827380952381,0.6599999999999999,0.002310803004043905,16.0,22.82827380952381,0.6599999999999999,,
Qwen2.5-7B-FT,Qwen2.5-7B-FT,748,1.0,20,0.0,0.0,0.0,0.0,0.9499999999999998,0.7693492587744665,0.7574159735987585,0.9315789473684211,0.9178947368421054,0.0,0.0,0.005199306759098787,36.0,15.137142857142857,0.6749999999999999,0.005199306759098787,36.0,15.137142857142857,0.6749999999999999,,
Qwen2.5-7B-FT,Qwen2.5-7B-FT,748,2.0,20,0.0,0.0,0.0,0.0,0.74,0.9141907917368239,0.8806477707019502,0.9789473684210528,0.7826315789473685,0.0,0.0,0.005632582322357019,39.0,12.911369047619047,0.51,0.005488157134604275,38.0,12.932202380952381,0.505,,
Qwen2.5-7B-FT,Qwen2.5-7B-FT,751,0.0,20,0.0,0.0,0.0,0.0,1.0,0.0,0.0,0.0,0.0,1.0,1.0,0.0011554015020219526,8.0,9.5,0.8000000000000002,0.0011554015020219526,8.0,9.5,0.8000000000000002,,
Qwen2.5-7B-FT,Qwen2.5-7B-FT,751,0.5,20,0.0,0.0,0.0,0.0,0.975,0.7339798899885263,0.7267940118017517,0.8936842105263159,0.8984210526315792,0.0,0.0,0.005632582322357019,39.0,14.83172619047619,0.8150000000000001,0.005199306759098787,36.0,15.185714285714287,0.7900000000000001,,
Qwen2.5-7B-FT,Qwen2.5-7B-FT,751,1.0,20,0.0,0.0,0.0,0.0,0.9099999999999999,0.8565929323288374,0.8426922243789197,0.9584210526315791,0.9194736842105266,0.0,0.0,0.00707683419988446,49.0,17.178551587301587,0.785,0.006643558636626227,46.0,15.81376984126984,0.76,,
Qwen2.5-7B-FT,Qwen2.5-7B-FT,751,2.0,20,0.0,0.0,0.0,0.0,0.54,0.9666481582979872,0.9425725590199275,0.9921052631578947,0.6594736842105262,0.0,0.0,0.006787983824378971,47.0,17.547519841269843,0.4849999999999999,0.006499133448873483,45.0,16.872519841269842,0.4749999999999999,,
Qwen2.5-7B-FT,Qwen2.5-7B-FT,774,0.0,20,0.0,0.0,0.0,0.0,1.0,0.0,0.0,0.06736842105263158,0.06736842105263158,0.6631578947368421,0.6631578947368421,0.0014442518775274408,10.0,33.29999999999999,1.0,0.0014442518775274408,10.0,33.29999999999999,1.0,,
Qwen2.5-7B-FT,Qwen2.5-7B-FT,774,0.5,20,0.0,0.0,0.0,0.0,0.9199999999999997,0.6450608988534685,0.6131358562318314,0.8278947368421053,0.8278947368421053,0.0,0.0,0.00462160600808781,32.0,20.459444444444443,0.9299999999999997,0.004477180820335066,31.0,21.13791666666667,0.9049999999999999,,
Qwen2.5-7B-FT,Qwen2.5-7B-FT,774,1.0,20,0.0,0.0,0.0,0.0,0.9049999999999999,0.7882506834682165,0.7677917786547818,0.9189473684210527,0.8915789473684212,0.0,0.0,0.00707683419988446,49.0,27.896666666666665,0.9,0.006787983824378971,47.0,28.82702380952381,0.8700000000000001,,
Qwen2.5-7B-FT,Qwen2.5-7B-FT,774,2.0,20,0.0,0.0,0.0,0.0,0.705,0.9364235375590682,0.9131905946650529,0.9826315789473685,0.7678947368421053,0.0,0.0,0.00779896013864818,54.0,19.97327380952381,0.6599999999999999,0.007654534950895436,53.0,20.544305555555553,0.6399999999999999,,
Qwen2.5-7B-FT,Qwen2.5-7B-FT,776,0.0,20,0.0,0.0,0.0,0.0,1.0,0.0,0.0,0.0,0.0,1.0,1.0,0.0014442518775274408,10.0,12.400000000000002,1.0,0.0014442518775274408,10.0,12.400000000000002,1.0,,
Qwen2.5-7B-FT,Qwen2.5-7B-FT,776,0.5,20,0.0,0.0,0.0,0.0,0.9949999999999999,0.4234677603098655,0.41887901572112096,0.7863157894736842,0.7863157894736842,0.0,0.0,0.0033217793183131137,23.0,23.415,0.975,0.0033217793183131137,23.0,23.415,0.975,,
Qwen2.5-7B-FT,Qwen2.5-7B-FT,776,1.0,20,0.0,0.0,0.0,0.0,0.9649999999999999,0.665634656021653,0.6500388676510968,0.9078947368421054,0.9026315789473685,0.0,0.0,0.005343731946851531,37.0,25.43708333333334,0.9049999999999999,0.005054881571346043,35.0,25.200138888888894,0.8949999999999999,,
Qwen2.5-7B-FT,Qwen2.5-7B-FT,776,2.0,20,0.0,0.0,0.0,0.0,0.8099999999999999,0.8528934888821642,0.8174325816082783,0.9763157894736842,0.8526315789473687,0.0,0.0,0.006643558636626227,46.0,27.668472222222228,0.74,0.006499133448873483,45.0,27.95418650793651,0.7250000000000002,,
Qwen2.5-7B-FT,Qwen2.5-7B-FT,820,0.0,20,0.0,0.0,0.0,0.0,1.0,0.0,0.0,0.0,0.0,1.0,1.0,0.0014442518775274408,10.0,32.0,1.0,0.0014442518775274408,10.0,32.0,1.0,,
Qwen2.5-7B-FT,Qwen2.5-7B-FT,820,0.5,20,0.01934264036172708,0.08650291742630577,0.01934264036172708,0.08650291742630577,0.9400000000000001,0.6121103780120808,0.6062751605979161,0.8294736842105265,0.8057894736842106,0.0,0.0,0.004477180820335066,31.0,36.54363095238095,0.9199999999999999,0.004477180820335066,31.0,36.54363095238095,0.9199999999999999,4.4721359549995805,4.4721359549995805
Qwen2.5-7B-FT,Qwen2.5-7B-FT,820,1.0,20,0.06587646826539674,0.1619524314041746,0.06587646826539674,0.1619524314041746,0.9,0.8179004317473845,0.8071988217863646,0.9226315789473685,0.8868421052631579,0.0,0.0,0.007510109763142692,52.0,37.3799007936508,0.8700000000000001,0.007365684575389948,51.0,37.16378968253969,0.865,2.4584261371103913,2.4584261371103913
Qwen2.5-7B-FT,Qwen2.5-7B-FT,820,2.0,20,0.1911732909393883,0.2713276147630626,0.2077324383928644,0.29265629656788766,0.765,0.9101565187478502,0.8801506989742285,0.98,0.8163157894736843,0.0,0.0,0.008087810514153668,56.0,29.087162698412698,0.705,0.007943385326400924,55.0,28.72168650793651,0.7,1.4192757441680872,1.4088136587238962
Qwen2.5-7B-FT,Qwen2.5-7B-FT,829,0.0,20,0.0,0.0,0.0,0.0,0.8999999999999998,0.0,0.0,0.0,0.0,1.0,1.0,0.0014442518775274408,10.0,22.800000000000004,1.0,0.0012998266897746968,9.0,13.777777777777777,0.8999999999999998,,
Qwen2.5-7B-FT,Qwen2.5-7B-FT,829,0.5,20,0.0,0.0,0.0,0.0,0.8799999999999999,0.6641851612439849,0.626010656010656,0.7821052631578947,0.7300000000000001,0.0,0.0,0.00462160600808781,32.0,22.830238095238094,0.8699999999999999,0.004188330444829578,29.0,15.784920634920635,0.79,,
Qwen2.5-7B-FT,Qwen2.5-7B-FT,829,1.0,20,0.0,0.0,0.0,0.0,0.8699999999999999,0.7851696449586298,0.7572559651390921,0.8794736842105264,0.8036842105263158,0.0,0.0,0.006065857885615251,42.0,21.18734126984127,0.8700000000000001,0.005343731946851531,37.0,16.88434523809524,0.795,,
Qwen2.5-7B-FT,Qwen2.5-7B-FT,829,2.0,20,0.0,0.0,0.0,0.0,0.72,0.9208336728043018,0.8883323693850012,0.9831578947368421,0.7842105263157895,0.0,0.0,0.007510109763142692,52.0,22.697162698412697,0.6599999999999999,0.006787983824378971,47.0,17.385555555555555,0.63,,
Qwen2.5-7B-FT,Qwen2.5-7B-FT,837,0.0,20,0.0,0.0,0.0,0.0,1.0,0.0,0.0,0.0,0.0,1.0,1.0,0.0014442518775274408,10.0,15.5,1.0,0.0014442518775274408,10.0,15.5,1.0,,
Qwen2.5-7B-FT,Qwen2.5-7B-FT,837,0.5,20,0.0,0.0,0.0,0.0,0.99,0.4684471668682194,0.4651239111765426,0.7978947368421054,0.7984210526315791,0.0,0.0,0.0034662045060658577,24.0,15.348888888888888,0.9949999999999999,0.0033217793183131137,23.0,15.376666666666665,0.99,,
Qwen2.5-7B-FT,Qwen2.5-7B-FT,837,1.0,20,0.0,0.0,0.0,0.0,0.97,0.6861445846894763,0.6798860792630143,0.8831578947368424,0.8810526315789475,0.0,0.0,0.00707683419988446,49.0,19.24722222222222,0.9799999999999999,0.006787983824378971,47.0,18.920555555555556,0.97,,
Qwen2.5-7B-FT,Qwen2.5-7B-FT,837,2.0,20,0.0,0.0,0.0,0.0,0.785,0.9008056939303886,0.8739784596208746,0.9752631578947369,0.8215789473684212,0.0,0.0,0.008809936452917388,61.0,21.930476190476192,0.795,0.008665511265164644,60.0,21.819960317460318,0.78,,
Qwen2.5-7B-FT,Qwen2.5-7B-FT,920,0.0,20,0.0,0.0,0.0,0.0,1.0,0.0,0.0,0.0,0.0,1.0,1.0,0.0014442518775274408,10.0,15.800000000000002,1.0,0.0014442518775274408,10.0,15.800000000000002,1.0,,
Qwen2.5-7B-FT,Qwen2.5-7B-FT,920,0.5,20,0.0,0.0,0.0,0.0,0.9899999999999999,0.5967583757831435,0.591699149663546,0.8421052631578947,0.85,0.0,0.0,0.004766031195840554,33.0,24.241666666666667,0.9899999999999999,0.004766031195840554,33.0,24.241666666666667,0.9899999999999999,,
Qwen2.5-7B-FT,Qwen2.5-7B-FT,920,1.0,20,0.0,0.0,0.0,0.0,0.9200000000000002,0.8333258219475019,0.8182716516279332,0.9500000000000002,0.9331578947368422,0.0,0.0,0.008665511265164644,60.0,23.299087301587303,0.9099999999999999,0.007943385326400924,55.0,22.022519841269844,0.8799999999999999,,
Qwen2.5-7B-FT,Qwen2.5-7B-FT,920,2.0,20,0.0,0.0,0.0,0.0,0.725,0.914817138304999,0.8844995462913421,0.9742105263157896,0.8257894736842107,0.0,0.0,0.007943385326400924,55.0,15.237222222222224,0.6950000000000001,0.007510109763142692,52.0,14.168968253968254,0.68,,
Qwen2.5-7B-FT,Qwen2.5-7B-FT,957,0.0,20,0.0,0.0,0.0,0.0,1.0,0.0,0.0,0.06736842105263158,0.06736842105263158,0.6631578947368421,0.6631578947368421,0.0014442518775274408,10.0,26.899999999999995,1.0,0.0014442518775274408,10.0,26.899999999999995,1.0,,
Qwen2.5-7B-FT,Qwen2.5-7B-FT,957,0.5,20,0.0,0.0,0.0,0.0,0.865,0.4051251964409859,0.3798965654228812,0.7189473684210526,0.6847368421052633,0.0,0.0,0.0028885037550548816,20.0,25.14013888888889,0.8600000000000001,0.0027440785673021376,19.0,25.01027777777778,0.8550000000000001,,
Qwen2.5-7B-FT,Qwen2.5-7B-FT,957,1.0,20,0.03065735963827292,0.1371038803236732,0.03065735963827292,0.1371038803236732,0.9099999999999999,0.5445458780985096,0.5248208297550403,0.8484210526315791,0.8436842105263158,0.0,0.0,0.005054881571346043,35.0,23.35958333333333,0.9049999999999999,0.004766031195840554,33.0,22.801944444444445,0.8900000000000002,4.472135954999579,4.472135954999579
Qwen2.5-7B-FT,Qwen2.5-7B-FT,957,2.0,20,0.0,0.0,0.0,0.0,0.825,0.8524213001842545,0.8203296376825788,0.9705263157894739,0.8652631578947371,0.0,0.0,0.007365684575389948,51.0,18.394444444444442,0.7850000000000001,0.007221259387637204,50.0,17.137301587301586,0.7800000000000001,,
claude-opus-4-6,Claude Opus 4.6,83,0.0,20,0.4284853705314505,0.009799288590468521,0.4284853705314505,0.009799288590468521,1.0,0.018181818181818174,0.018181818181818174,0.33157894736842103,0.33157894736842103,0.1368421052631579,0.1368421052631579,0.0015886770652801848,11.0,36.440000000000005,1.0,0.0015886770652801848,11.0,36.440000000000005,1.0,0.022869598974439805,0.022869598974439805
claude-opus-4-6,Claude Opus 4.6,83,0.5,20,0.43450151173655643,0.03235182969193648,0.43450151173655643,0.03235182969193648,1.0,0.05231259968102073,0.05231259968102073,0.5163157894736842,0.5163157894736842,0.05263157894736842,0.05263157894736842,0.0017331022530329288,12.0,37.39000000000001,1.0,0.0017331022530329288,12.0,37.39000000000001,1.0,0.07445734667904168,0.07445734667904168
claude-opus-4-6,Claude Opus 4.6,83,1.0,20,0.4341427301697235,0.015501192858215208,0.4341427301697235,0.015501192858215208,1.0,0.0909090909090909,0.0909090909090909,0.41473684210526324,0.41473684210526324,0.031578947368421054,0.031578947368421054,0.0015886770652801848,11.0,38.300000000000004,1.0,0.0015886770652801848,11.0,38.300000000000004,1.0,0.03570529178769199,0.03570529178769199
claude-opus-4-6,Claude Opus 4.6,86,0.0,20,0.4692787260227564,5.695323946259567e-17,0.4692787260227564,5.695323946259567e-17,1.0,0.048803827751196155,0.048803827751196155,0.3794736842105263,0.3794736842105263,0.15789473684210525,0.15789473684210525,0.0015886770652801848,11.0,62.835,1.0,0.0015886770652801848,11.0,62.835,1.0,1.2136335253312523e-16,1.2136335253312523e-16
claude-opus-4-6,Claude Opus 4.6,86,0.5,20,0.4692787260227564,5.695323946259567e-17,0.4692787260227564,5.695323946259567e-17,1.0,0.05231259968102073,0.05231259968102073,0.2826315789473684,0.2826315789473684,0.24210526315789474,0.24210526315789474,0.0017331022530329288,12.0,63.285000000000004,1.0,0.0017331022530329288,12.0,63.285000000000004,1.0,1.2136335253312523e-16,1.2136335253312523e-16
claude-opus-4-6,Claude Opus 4.6,86,1.0,20,0.4692787260227564,5.695323946259567e-17,0.4692787260227564,5.695323946259567e-17,1.0,0.108133971291866,0.108133971291866,0.30421052631578943,0.30421052631578943,0.1631578947368421,0.1631578947368421,0.0017331022530329288,12.0,63.290000000000006,1.0,0.0017331022530329288,12.0,63.290000000000006,1.0,1.2136335253312523e-16,1.2136335253312523e-16
claude-opus-4-6,Claude Opus 4.6,92,0.0,20,0.0,0.0,0.0,0.0,1.0,0.1167464114832536,0.1167464114832536,0.31000000000000005,0.31000000000000005,0.2631578947368421,0.2631578947368421,0.001877527440785673,13.0,53.470000000000006,1.0,0.001877527440785673,13.0,53.470000000000006,1.0,,
claude-opus-4-6,Claude Opus 4.6,92,0.5,20,0.0,0.0,0.0,0.0,1.0,0.06842105263157892,0.06842105263157892,0.23368421052631574,0.23368421052631574,0.2894736842105263,0.2894736842105263,0.001877527440785673,13.0,55.02000000000002,1.0,0.001877527440785673,13.0,55.02000000000002,1.0,,
claude-opus-4-6,Claude Opus 4.6,92,1.0,20,0.0,0.0,0.0,0.0,1.0,0.18333946754999383,0.18333946754999383,0.4026315789473685,0.4026315789473685,0.08421052631578947,0.08421052631578947,0.002166377816291161,15.0,55.035000000000004,1.0,0.002166377816291161,15.0,55.035000000000004,1.0,,
claude-opus-4-6,Claude Opus 4.6,126,0.0,20,0.0,0.0,0.0,0.0,1.0,0.0,0.0,0.10526315789473684,0.10526315789473684,0.5157894736842106,0.5157894736842106,0.0014442518775274408,10.0,52.79999999999999,1.0,0.0014442518775274408,10.0,52.79999999999999,1.0,,
claude-opus-4-6,Claude Opus 4.6,126,0.5,20,0.0,0.0,0.0,0.0,1.0,0.0,0.0,0.020000000000000004,0.020000000000000004,0.9,0.9,0.0014442518775274408,10.0,52.79999999999999,1.0,0.0014442518775274408,10.0,52.79999999999999,1.0,,
claude-opus-4-6,Claude Opus 4.6,126,1.0,20,0.0,0.0,0.0,0.0,1.0,0.018181818181818174,0.018181818181818174,0.09842105263157892,0.09842105263157892,0.531578947368421,0.531578947368421,0.0015886770652801848,11.0,53.25999999999999,1.0,0.0015886770652801848,11.0,53.25999999999999,1.0,,
claude-opus-4-6,Claude Opus 4.6,181,0.0,20,0.0,0.0,0.0,0.0,1.0,0.13604465709728866,0.13604465709728866,0.3484210526315789,0.3484210526315789,0.2,0.2,0.0017331022530329288,12.0,39.96666666666667,0.8999999999999998,0.0017331022530329288,12.0,39.96666666666667,0.8999999999999998,,
claude-opus-4-6,Claude Opus 4.6,181,0.5,20,0.0,0.0,0.0,0.0,1.0,0.09617224880382771,0.09617224880382771,0.21947368421052632,0.21947368421052632,0.38421052631578945,0.38421052631578945,0.0015886770652801848,11.0,38.89444444444444,0.8999999999999998,0.0015886770652801848,11.0,38.89444444444444,0.8999999999999998,,
claude-opus-4-6,Claude Opus 4.6,181,1.0,20,0.0,0.0,0.0,0.0,1.0,0.06826156299840509,0.06826156299840509,0.3526315789473684,0.3526315789473684,0.2631578947368421,0.2631578947368421,0.0015886770652801848,11.0,38.64444444444444,0.8999999999999998,0.0015886770652801848,11.0,38.64444444444444,0.8999999999999998,,
claude-opus-4-6,Claude Opus 4.6,197,0.0,20,0.0,0.0,0.0,0.0,1.0,0.19727640780272357,0.19727640780272357,0.3178947368421053,0.3178947368421053,0.23684210526315788,0.23684210526315788,0.002021952628538417,14.0,70.465,1.0,0.002021952628538417,14.0,70.465,1.0,,
claude-opus-4-6,Claude Opus 4.6,197,0.5,20,0.0,0.0,0.0,0.0,1.0,0.14951539688381793,0.14951539688381793,0.3942105263157895,0.3942105263157895,0.3473684210526316,0.3473684210526316,0.002021952628538417,14.0,81.08000000000003,1.0,0.002021952628538417,14.0,81.08000000000003,1.0,,
claude-opus-4-6,Claude Opus 4.6,197,1.0,20,0.0,0.0,0.0,0.0,1.0,0.15119617224880383,0.15119617224880383,0.3952631578947368,0.3952631578947368,0.23684210526315788,0.23684210526315788,0.002021952628538417,14.0,79.92000000000002,1.0,0.002021952628538417,14.0,79.92000000000002,1.0,,
claude-opus-4-6,Claude Opus 4.6,367,0.0,20,0.0,0.0,0.0,0.0,1.0,0.08038277511961721,0.08038277511961721,0.2821052631578947,0.2821052631578947,0.3473684210526316,0.3473684210526316,0.0011554015020219526,8.0,5.798214285714286,0.7700000000000001,0.0011554015020219526,8.0,5.798214285714286,0.7700000000000001,,
claude-opus-4-6,Claude Opus 4.6,367,0.5,20,0.0,0.0,0.0,0.0,1.0,0.09856459330143538,0.09856459330143538,0.3263157894736842,0.3263157894736842,0.3684210526315789,0.3684210526315789,0.0011554015020219526,8.0,4.727678571428571,0.7350000000000001,0.0011554015020219526,8.0,4.727678571428571,0.7350000000000001,,
claude-opus-4-6,Claude Opus 4.6,367,1.0,20,0.0,0.0,0.0,0.0,1.0,0.018181818181818177,0.018181818181818177,0.17105263157894737,0.17105263157894737,0.4,0.4,0.0011554015020219526,8.0,6.695535714285714,0.7950000000000002,0.0011554015020219526,8.0,6.695535714285714,0.7950000000000002,,
claude-opus-4-6,Claude Opus 4.6,400,0.0,20,0.07975767905282148,0.09046608426994637,0.07975767905282148,0.09046608426994637,1.0,0.09473684210526312,0.09473684210526312,0.05210526315789473,0.05210526315789473,0.4789473684210526,0.4789473684210526,0.0014442518775274408,10.0,30.270000000000003,0.9549999999999998,0.0014442518775274408,10.0,30.270000000000003,0.9549999999999998,1.134261745631201,1.134261745631201
claude-opus-4-6,Claude Opus 4.6,400,0.5,20,0.035447857356809546,0.07273746855177814,0.035447857356809546,0.07273746855177814,1.0,0.07878787878787877,0.07878787878787877,0.10736842105263161,0.10736842105263161,0.4473684210526316,0.4473684210526316,0.0015886770652801848,11.0,29.596666666666664,0.9799999999999999,0.0015886770652801848,11.0,29.596666666666664,0.9799999999999999,2.0519567041703084,2.0519567041703084
claude-opus-4-6,Claude Opus 4.6,400,1.0,20,0.044309821696011935,0.07874061946601445,0.044309821696011935,0.07874061946601445,1.0,0.08979266347687398,0.08979266347687398,0.14578947368421055,0.14578947368421055,0.3631578947368421,0.3631578947368421,0.0015886770652801848,11.0,29.659999999999997,0.975,0.0015886770652801848,11.0,29.659999999999997,0.975,1.777046633277277,1.777046633277277
claude-opus-4-6,Claude Opus 4.6,421,0.0,20,0.0,0.0,0.0,0.0,1.0,0.0,0.0,0.053684210526315786,0.053684210526315786,0.7315789473684211,0.7315789473684211,0.0014442518775274408,10.0,35.29999999999999,1.0,0.0014442518775274408,10.0,35.29999999999999,1.0,,
claude-opus-4-6,Claude Opus 4.6,421,0.5,20,0.0,0.0,0.0,0.0,1.0,0.0,0.0,0.05368421052631579,0.05368421052631579,0.7315789473684211,0.7315789473684211,0.0014442518775274408,10.0,35.29999999999999,1.0,0.0014442518775274408,10.0,35.29999999999999,1.0,,
claude-opus-4-6,Claude Opus 4.6,421,1.0,20,0.0,0.0,0.0,0.0,1.0,0.0,0.0,0.08736842105263157,0.08736842105263157,0.5842105263157895,0.5842105263157895,0.0014442518775274408,10.0,35.29999999999999,1.0,0.0014442518775274408,10.0,35.29999999999999,1.0,,
claude-opus-4-6,Claude Opus 4.6,427,0.0,20,0.0,0.0,0.0,0.0,1.0,0.0,0.0,0.18947368421052632,0.18947368421052632,0.2631578947368421,0.2631578947368421,0.0012998266897746968,9.0,31.444444444444446,0.8999999999999998,0.0012998266897746968,9.0,31.444444444444446,0.8999999999999998,,
claude-opus-4-6,Claude Opus 4.6,427,0.5,20,0.0,0.0,0.0,0.0,1.0,0.018181818181818174,0.018181818181818174,0.18631578947368416,0.18631578947368416,0.33157894736842103,0.33157894736842103,0.0014442518775274408,10.0,31.47222222222222,0.8999999999999998,0.0014442518775274408,10.0,31.47222222222222,0.8999999999999998,,
claude-opus-4-6,Claude Opus 4.6,427,1.0,20,0.0,0.0,0.0,0.0,1.0,0.05167464114832535,0.05167464114832535,0.2942105263157895,0.2942105263157895,0.18421052631578946,0.18421052631578946,0.0017331022530329288,12.0,32.16111111111111,0.8999999999999998,0.0017331022530329288,12.0,32.16111111111111,0.8999999999999998,,
claude-opus-4-6,Claude Opus 4.6,442,0.0,20,0.0,0.0,0.0,0.0,1.0,0.03444976076555023,0.03444976076555023,0.41473684210526307,0.41473684210526307,0.1631578947368421,0.1631578947368421,0.0014442518775274408,10.0,45.72222222222222,0.8999999999999998,0.0014442518775274408,10.0,45.72222222222222,0.8999999999999998,,
claude-opus-4-6,Claude Opus 4.6,442,0.5,20,0.0,0.0,0.0,0.0,1.0,0.08708133971291863,0.08708133971291863,0.3905263157894737,0.3905263157894737,0.09473684210526316,0.09473684210526316,0.0014442518775274408,10.0,45.91111111111111,0.8999999999999998,0.0014442518775274408,10.0,45.91111111111111,0.8999999999999998,,
claude-opus-4-6,Claude Opus 4.6,442,1.0,20,0.0,0.0,0.0,0.0,1.0,0.08915470494417863,0.08915470494417863,0.5436842105263159,0.5436842105263159,0.010526315789473684,0.010526315789473684,0.0015886770652801848,11.0,46.205555555555556,0.8999999999999998,0.0015886770652801848,11.0,46.205555555555556,0.8999999999999998,,
claude-opus-4-6,Claude Opus 4.6,445,0.0,20,0.0,0.0,0.0,0.0,1.0,0.10430622009569375,0.10430622009569375,0.35315789473684206,0.35315789473684206,0.22105263157894736,0.22105263157894736,0.0015886770652801848,11.0,18.454999999999995,1.0,0.0015886770652801848,11.0,18.454999999999995,1.0,,
claude-opus-4-6,Claude Opus 4.6,445,0.5,20,0.0,0.0,0.0,0.0,1.0,0.09856459330143538,0.09856459330143538,0.26842105263157895,0.26842105263157895,0.41578947368421054,0.41578947368421054,0.0017331022530329288,12.0,18.049999999999994,1.0,0.0017331022530329288,12.0,18.049999999999994,1.0,,
claude-opus-4-6,Claude Opus 4.6,445,1.0,20,0.0,0.0,0.0,0.0,1.0,0.10239234449760763,0.10239234449760763,0.43263157894736853,0.43263157894736853,0.10526315789473684,0.10526315789473684,0.0017331022530329288,12.0,18.449999999999996,1.0,0.0017331022530329288,12.0,18.449999999999996,1.0,,
claude-opus-4-6,Claude Opus 4.6,495,0.0,20,0.0,0.0,0.0,0.0,1.0,0.17224880382775118,0.17224880382775118,0.42000000000000004,0.42000000000000004,0.1368421052631579,0.1368421052631579,0.0017331022530329288,12.0,26.48,1.0,0.0017331022530329288,12.0,26.48,1.0,,
claude-opus-4-6,Claude Opus 4.6,495,0.5,20,0.0,0.0,0.0,0.0,1.0,0.16124401913875594,0.16124401913875594,0.4610526315789475,0.4610526315789475,0.13157894736842105,0.13157894736842105,0.0017331022530329288,12.0,26.68,1.0,0.0017331022530329288,12.0,26.68,1.0,,
claude-opus-4-6,Claude Opus 4.6,495,1.0,20,0.0,0.0,0.0,0.0,1.0,0.20341062446325606,0.20341062446325606,0.5252631578947369,0.5252631578947369,0.11052631578947368,0.11052631578947368,0.001877527440785673,13.0,26.310000000000002,1.0,0.001877527440785673,13.0,26.310000000000002,1.0,,
claude-opus-4-6,Claude Opus 4.6,506,0.0,20,1.0,0.0,1.0,0.0,1.0,0.06427432216905901,0.06427432216905901,0.0863157894736842,0.0863157894736842,0.7157894736842105,0.7157894736842105,0.0014442518775274408,10.0,16.327777777777776,0.805,0.0014442518775274408,10.0,16.327777777777776,0.805,0.0,0.0
claude-opus-4-6,Claude Opus 4.6,506,0.5,20,1.0,0.0,1.0,0.0,1.0,0.12248803827751195,0.12248803827751195,0.20210526315789476,0.20210526315789476,0.3631578947368421,0.3631578947368421,0.0014442518775274408,10.0,15.643055555555554,0.8100000000000002,0.0014442518775274408,10.0,15.643055555555554,0.8100000000000002,0.0,0.0
claude-opus-4-6,Claude Opus 4.6,506,1.0,20,1.0,0.0,1.0,0.0,1.0,0.15390749601275913,0.15390749601275913,0.26789473684210524,0.26789473684210524,0.16842105263157894,0.16842105263157894,0.0014442518775274408,10.0,14.974305555555555,0.8200000000000001,0.0014442518775274408,10.0,14.974305555555555,0.8200000000000001,0.0,0.0
claude-opus-4-6,Claude Opus 4.6,515,0.0,20,0.6131471927654584,0.0,0.6131471927654584,0.0,1.0,0.0,0.0,0.2447368421052631,0.2447368421052631,0.4473684210526316,0.4473684210526316,0.0012998266897746968,9.0,54.333333333333336,0.8999999999999998,0.0012998266897746968,9.0,54.333333333333336,0.8999999999999998,0.0,0.0
claude-opus-4-6,Claude Opus 4.6,515,0.5,20,0.6131471927654584,0.0,0.6131471927654584,0.0,1.0,0.0,0.0,0.10526315789473684,0.10526315789473684,0.7157894736842105,0.7157894736842105,0.0012998266897746968,9.0,54.333333333333336,0.8999999999999998,0.0012998266897746968,9.0,54.333333333333336,0.8999999999999998,0.0,0.0
claude-opus-4-6,Claude Opus 4.6,515,1.0,20,0.6131471927654584,0.0,0.6131471927654584,0.0,1.0,0.0,0.0,0.31000000000000005,0.31000000000000005,0.18421052631578946,0.18421052631578946,0.0012998266897746968,9.0,54.333333333333336,0.8999999999999998,0.0012998266897746968,9.0,54.333333333333336,0.8999999999999998,0.0,0.0
claude-opus-4-6,Claude Opus 4.6,544,0.0,20,0.0,0.0,0.0,0.0,1.0,0.16650717703349283,0.16650717703349283,0.28,0.28,0.2,0.2,0.0017331022530329288,12.0,42.96500000000001,1.0,0.0017331022530329288,12.0,42.96500000000001,1.0,,
claude-opus-4-6,Claude Opus 4.6,544,0.5,20,0.0,0.0,0.0,0.0,1.0,0.17256778309409884,0.17256778309409884,0.3163157894736843,0.3163157894736843,0.14210526315789473,0.14210526315789473,0.0017331022530329288,12.0,43.35000000000001,1.0,0.0017331022530329288,12.0,43.35000000000001,1.0,,
claude-opus-4-6,Claude Opus 4.6,544,1.0,20,0.0,0.0,0.0,0.0,1.0,0.19106858054226472,0.19106858054226472,0.4247368421052632,0.4247368421052632,0.10526315789473684,0.10526315789473684,0.002166377816291161,15.0,42.309999999999995,1.0,0.002166377816291161,15.0,42.309999999999995,1.0,,
claude-opus-4-6,Claude Opus 4.6,636,0.0,20,0.0,0.0,0.0,0.0,1.0,0.018181818181818174,0.018181818181818174,0.15263157894736842,0.15263157894736842,0.48947368421052634,0.48947368421052634,0.0015886770652801848,11.0,53.389999999999986,1.0,0.0015886770652801848,11.0,53.389999999999986,1.0,,
claude-opus-4-6,Claude Opus 4.6,636,0.5,20,0.0,0.0,0.0,0.0,0.985,0.21749478591583854,0.2007735247208931,0.3957894736842105,0.3952631578947368,0.15263157894736842,0.15263157894736842,0.002021952628538417,14.0,53.65333333333333,0.985,0.002021952628538417,14.0,53.65333333333333,0.985,,
claude-opus-4-6,Claude Opus 4.6,636,1.0,20,0.0,0.0,0.0,0.0,0.9700000000000001,0.33518236149815095,0.3090303848198585,0.5663157894736842,0.5573684210526316,0.0,0.0,0.002455228191796649,17.0,51.72916666666667,0.975,0.002310803004043905,16.0,51.970833333333324,0.9700000000000001,,
claude-opus-4-6,Claude Opus 4.6,640,0.0,20,0.0,0.0,0.0,0.0,1.0,0.18341307814992022,0.18341307814992022,0.3173684210526316,0.3173684210526316,0.24210526315789474,0.24210526315789474,0.001877527440785673,13.0,27.139999999999997,1.0,0.001877527440785673,13.0,27.139999999999997,1.0,,
claude-opus-4-6,Claude Opus 4.6,640,0.5,20,0.0,0.0,0.0,0.0,1.0,0.12248803827751197,0.12248803827751197,0.16473684210526315,0.16473684210526315,0.5,0.5,0.0017331022530329288,12.0,25.279999999999994,1.0,0.0017331022530329288,12.0,25.279999999999994,1.0,,
claude-opus-4-6,Claude Opus 4.6,640,1.0,20,0.0,0.0,0.0,0.0,1.0,0.10239234449760767,0.10239234449760767,0.16526315789473686,0.16526315789473686,0.631578947368421,0.631578947368421,0.0017331022530329288,12.0,25.109999999999992,1.0,0.0017331022530329288,12.0,25.109999999999992,1.0,,
claude-opus-4-6,Claude Opus 4.6,681,0.0,20,0.0,0.0,0.0,0.0,1.0,0.21754385964912282,0.21754385964912282,0.4721052631578948,0.4721052631578948,0.19473684210526315,0.19473684210526315,0.001877527440785673,13.0,28.97999999999999,1.0,0.001877527440785673,13.0,28.97999999999999,1.0,,
claude-opus-4-6,Claude Opus 4.6,681,0.5,20,0.0,0.0,0.0,0.0,1.0,0.2428168322905165,0.2428168322905165,0.5342105263157895,0.5342105263157895,0.05789473684210526,0.05789473684210526,0.002021952628538417,14.0,27.554999999999996,1.0,0.002021952628538417,14.0,27.554999999999996,1.0,,
claude-opus-4-6,Claude Opus 4.6,681,1.0,20,0.0,0.0,0.0,0.0,1.0,0.2331247699668752,0.2331247699668752,0.5263157894736843,0.5263157894736843,0.021052631578947368,0.021052631578947368,0.002021952628538417,14.0,26.340000000000003,1.0,0.002021952628538417,14.0,26.340000000000003,1.0,,
claude-opus-4-6,Claude Opus 4.6,705,0.0,20,0.0,0.0,0.0,0.0,1.0,0.05071770334928228,0.05071770334928228,0.18631578947368424,0.18631578947368424,0.4263157894736842,0.4263157894736842,0.0014442518775274408,10.0,44.977777777777774,0.9099999999999999,0.0014442518775274408,10.0,44.977777777777774,0.9099999999999999,,
claude-opus-4-6,Claude Opus 4.6,705,0.5,20,0.0,0.0,0.0,0.0,1.0,0.169377990430622,0.169377990430622,0.22526315789473683,0.22526315789473683,0.13157894736842105,0.13157894736842105,0.0015886770652801848,11.0,44.68055555555556,0.9049999999999999,0.0015886770652801848,11.0,44.68055555555556,0.9049999999999999,,
claude-opus-4-6,Claude Opus 4.6,705,1.0,20,0.0,0.0,0.0,0.0,1.0,0.16925530609741135,0.16925530609741135,0.4868421052631579,0.4868421052631579,0.06315789473684211,0.06315789473684211,0.0017331022530329288,12.0,42.67777777777778,0.8999999999999998,0.0017331022530329288,12.0,42.67777777777778,0.8999999999999998,,
claude-opus-4-6,Claude Opus 4.6,722,0.0,20,0.0,0.0,0.0,0.0,1.0,0.09473684210526313,0.09473684210526313,0.3736842105263158,0.3736842105263158,0.12631578947368421,0.12631578947368421,0.0015886770652801848,11.0,78.655,1.0,0.0015886770652801848,11.0,78.655,1.0,,
claude-opus-4-6,Claude Opus 4.6,722,0.5,20,0.0,0.0,0.0,0.0,1.0,0.09282296650717702,0.09282296650717702,0.32894736842105265,0.32894736842105265,0.2631578947368421,0.2631578947368421,0.0015886770652801848,11.0,83.55999999999999,1.0,0.0015886770652801848,11.0,83.55999999999999,1.0,,
claude-opus-4-6,Claude Opus 4.6,722,1.0,20,0.0,0.0,0.0,0.0,1.0,0.11770334928229663,0.11770334928229663,0.38894736842105265,0.38894736842105265,0.08947368421052632,0.08947368421052632,0.0015886770652801848,11.0,81.42999999999999,1.0,0.0015886770652801848,11.0,81.42999999999999,1.0,,
claude-opus-4-6,Claude Opus 4.6,748,0.0,20,0.0,0.0,0.0,0.0,1.0,0.0,0.0,0.06736842105263156,0.06736842105263156,0.6631578947368421,0.6631578947368421,0.0012998266897746968,9.0,38.33333333333334,0.8999999999999998,0.0012998266897746968,9.0,38.33333333333334,0.8999999999999998,,
claude-opus-4-6,Claude Opus 4.6,748,0.5,20,0.0,0.0,0.0,0.0,1.0,0.0,0.0,0.037894736842105266,0.037894736842105266,0.8105263157894737,0.8105263157894737,0.0012998266897746968,9.0,38.33333333333334,0.8999999999999998,0.0012998266897746968,9.0,38.33333333333334,0.8999999999999998,,
claude-opus-4-6,Claude Opus 4.6,748,1.0,20,0.0,0.0,0.0,0.0,1.0,0.018181818181818177,0.018181818181818177,0.14473684210526316,0.14473684210526316,0.45789473684210524,0.45789473684210524,0.0014442518775274408,10.0,39.594444444444456,0.8999999999999998,0.0014442518775274408,10.0,39.594444444444456,0.8999999999999998,,
claude-opus-4-6,Claude Opus 4.6,751,0.0,20,0.0,0.0,0.0,0.0,1.0,0.03444976076555023,0.03444976076555023,0.07578947368421053,0.07578947368421053,0.7210526315789474,0.7210526315789474,0.0015886770652801848,11.0,19.769999999999992,1.0,0.0015886770652801848,11.0,19.769999999999992,1.0,,
claude-opus-4-6,Claude Opus 4.6,751,0.5,20,0.0,0.0,0.0,0.0,1.0,0.09489633173843696,0.09489633173843696,0.09789473684210526,0.09789473684210526,0.5,0.5,0.001877527440785673,13.0,19.714999999999996,1.0,0.001877527440785673,13.0,19.714999999999996,1.0,,
claude-opus-4-6,Claude Opus 4.6,751,1.0,20,0.0,0.0,0.0,0.0,1.0,0.06507177033492821,0.06507177033492821,0.13842105263157897,0.13842105263157897,0.3736842105263158,0.3736842105263158,0.0017331022530329288,12.0,19.779999999999998,1.0,0.0017331022530329288,12.0,19.779999999999998,1.0,,
claude-opus-4-6,Claude Opus 4.6,774,0.0,20,0.0,0.0,0.0,0.0,1.0,0.22680652680652683,0.22680652680652683,0.45052631578947366,0.45052631578947366,0.18421052631578946,0.18421052631578946,0.0017331022530329288,12.0,64.46888888888887,0.9649999999999999,0.0017331022530329288,12.0,64.46888888888887,0.9649999999999999,,
claude-opus-4-6,Claude Opus 4.6,774,0.5,20,0.0,0.0,0.0,0.0,1.0,0.25203042571463624,0.25203042571463624,0.4394736842105264,0.4394736842105264,0.08421052631578947,0.08421052631578947,0.001877527440785673,13.0,62.34222222222222,0.97,0.001877527440785673,13.0,62.34222222222222,0.97,,
claude-opus-4-6,Claude Opus 4.6,774,1.0,20,0.0,0.0,0.0,0.0,1.0,0.24304993252361676,0.24304993252361676,0.5136842105263157,0.5136842105263157,0.06842105263157895,0.06842105263157895,0.002021952628538417,14.0,61.81388888888889,0.99,0.002021952628538417,14.0,61.81388888888889,0.99,,
claude-opus-4-6,Claude Opus 4.6,776,0.0,20,0.2095244800301775,0.1407752019997868,0.2095244800301775,0.1407752019997868,1.0,0.08038277511961721,0.08038277511961721,0.21789473684210528,0.21789473684210528,0.3736842105263158,0.3736842105263158,0.0015886770652801848,11.0,66.12,1.0,0.0015886770652801848,11.0,66.12,1.0,0.6718794957969166,0.6718794957969166
claude-opus-4-6,Claude Opus 4.6,776,0.5,20,0.1776267050618654,0.14887310917522148,0.1776267050618654,0.14887310917522148,1.0,0.09186602870813394,0.09186602870813394,0.21263157894736842,0.21263157894736842,0.2736842105263158,0.2736842105263158,0.0015886770652801848,11.0,64.66,1.0,0.0015886770652801848,11.0,64.66,1.0,0.838123463042174,0.838123463042174
claude-opus-4-6,Claude Opus 4.6,776,1.0,20,0.14931848089738126,0.15323687188450252,0.14931848089738126,0.15323687188450252,1.0,0.0956937799043062,0.0956937799043062,0.43157894736842106,0.43157894736842106,0.18421052631578946,0.18421052631578946,0.0015886770652801848,11.0,63.2,1.0,0.0015886770652801848,11.0,63.2,1.0,1.0262418353279001,1.0262418353279001
claude-opus-4-6,Claude Opus 4.6,820,0.0,20,1.0,0.0,1.0,0.0,1.0,0.10239234449760762,0.10239234449760762,0.1531578947368421,0.1531578947368421,0.3473684210526316,0.3473684210526316,0.0015886770652801848,11.0,48.96999999999999,1.0,0.0015886770652801848,11.0,48.96999999999999,1.0,0.0,0.0
claude-opus-4-6,Claude Opus 4.6,820,0.5,20,1.0,0.0,1.0,0.0,1.0,0.0,0.0,0.02,0.02,0.9,0.9,0.0014442518775274408,10.0,50.39999999999999,1.0,0.0014442518775274408,10.0,50.39999999999999,1.0,0.0,0.0
claude-opus-4-6,Claude Opus 4.6,820,1.0,20,1.0,0.0,1.0,0.0,1.0,0.14945405471721257,0.14945405471721257,0.3052631578947369,0.3052631578947369,0.13157894736842105,0.13157894736842105,0.001877527440785673,13.0,48.51,1.0,0.001877527440785673,13.0,48.51,1.0,0.0,0.0
claude-opus-4-6,Claude Opus 4.6,829,0.0,20,0.8,0.41039134083406165,0.0,0.0,0.9199999999999999,0.21551956815114706,0.20529505582137159,0.5431578947368422,0.4647368421052632,0.11578947368421053,0.11578947368421053,0.001877527440785673,13.0,32.23777777777778,0.985,0.0017331022530329288,12.0,26.21333333333333,0.9049999999999999,0.512989176042577,
claude-opus-4-6,Claude Opus 4.6,829,0.5,20,0.8,0.41039134083406165,0.0,0.0,0.9199999999999999,0.18309409888357253,0.16843700159489633,0.5468421052631579,0.483157894736842,0.12631578947368421,0.12631578947368421,0.0017331022530329288,12.0,32.71666666666667,0.99,0.0015886770652801848,11.0,26.70333333333333,0.9099999999999998,0.512989176042577,
claude-opus-4-6,Claude Opus 4.6,829,1.0,20,0.85,0.36634754853252327,0.0,0.0,0.9149999999999998,0.16714513556618818,0.15727272727272723,0.55,0.4789473684210526,0.07894736842105263,0.07894736842105263,0.0015886770652801848,11.0,33.85611111111111,0.9949999999999999,0.0014442518775274408,10.0,27.45888888888889,0.9099999999999999,0.4309971159206156,
claude-opus-4-6,Claude Opus 4.6,837,0.0,20,0.0,0.0,0.0,0.0,1.0,0.0832535885167464,0.0832535885167464,0.3968421052631578,0.3968421052631578,0.37894736842105264,0.37894736842105264,0.001877527440785673,13.0,23.384999999999998,1.0,0.001877527440785673,13.0,23.384999999999998,1.0,,
claude-opus-4-6,Claude Opus 4.6,837,0.5,20,0.0,0.0,0.0,0.0,1.0,0.17208931419457732,0.17208931419457732,0.5057894736842105,0.5057894736842105,0.16842105263157894,0.16842105263157894,0.002166377816291161,15.0,25.144999999999996,1.0,0.002166377816291161,15.0,25.144999999999996,1.0,,
claude-opus-4-6,Claude Opus 4.6,837,1.0,20,0.0,0.0,0.0,0.0,1.0,0.20345619292987718,0.20345619292987718,0.4447368421052632,0.4447368421052632,0.06315789473684211,0.06315789473684211,0.002310803004043905,16.0,26.21,1.0,0.002310803004043905,16.0,26.21,1.0,,
claude-opus-4-6,Claude Opus 4.6,920,0.0,20,0.0,0.0,0.0,0.0,1.0,0.13036437246963561,0.13036437246963561,0.3878947368421052,0.3878947368421052,0.10526315789473684,0.10526315789473684,0.001877527440785673,13.0,69.45666666666668,0.9949999999999999,0.001877527440785673,13.0,69.45666666666668,0.9949999999999999,,
claude-opus-4-6,Claude Opus 4.6,920,0.5,20,0.0,0.0,0.0,0.0,1.0,0.2200220831799779,0.2200220831799779,0.4373684210526317,0.4373684210526317,0.05263157894736842,0.05263157894736842,0.002021952628538417,14.0,66.26666666666668,0.9949999999999999,0.002021952628538417,14.0,66.26666666666668,0.9949999999999999,,
claude-opus-4-6,Claude Opus 4.6,920,1.0,20,0.0,0.0,0.0,0.0,1.0,0.19349773033983564,0.19349773033983564,0.37684210526315787,0.37684210526315787,0.06842105263157895,0.06842105263157895,0.002021952628538417,14.0,68.11666666666667,0.9949999999999999,0.002021952628538417,14.0,68.11666666666667,0.9949999999999999,,
claude-opus-4-6,Claude Opus 4.6,957,0.0,20,0.0,0.0,0.0,0.0,1.0,0.03444976076555023,0.03444976076555023,0.21263157894736845,0.21263157894736845,0.2631578947368421,0.2631578947368421,0.0015886770652801848,11.0,37.709999999999994,1.0,0.0015886770652801848,11.0,37.709999999999994,1.0,,
claude-opus-4-6,Claude Opus 4.6,957,0.5,20,0.0,0.0,0.0,0.0,1.0,0.14912280701754382,0.14912280701754382,0.32578947368421046,0.32578947368421046,0.15789473684210525,0.15789473684210525,0.001877527440785673,13.0,38.49499999999999,1.0,0.001877527440785673,13.0,38.49499999999999,1.0,,
claude-opus-4-6,Claude Opus 4.6,957,1.0,20,0.0,0.0,0.0,0.0,1.0,0.1435406698564593,0.1435406698564593,0.35894736842105257,0.35894736842105257,0.15789473684210525,0.15789473684210525,0.001877527440785673,13.0,38.24999999999999,1.0,0.001877527440785673,13.0,38.24999999999999,1.0,,
claude-sonnet-4-6,Claude Sonnet 4.6,83,0.0,20,0.9815464876785729,0.08252661594868199,0.9815464876785729,0.08252661594868199,1.0,0.20278493436388173,0.20278493436388173,0.45842105263157906,0.45842105263157906,0.1,0.1,0.002166377816291161,15.0,38.03333333333333,0.8999999999999998,0.002166377816291161,15.0,38.03333333333333,0.8999999999999998,0.08407815318443378,0.08407815318443378
claude-sonnet-4-6,Claude Sonnet 4.6,83,0.5,20,0.9815464876785729,0.08252661594868199,0.9815464876785729,0.08252661594868199,1.0,0.30746797062586534,0.30746797062586534,0.7089473684210529,0.7089473684210529,0.02631578947368421,0.02631578947368421,0.002021952628538417,14.0,38.28222222222222,0.9099999999999999,0.002021952628538417,14.0,38.28222222222222,0.9099999999999999,0.08407815318443378,0.08407815318443378
claude-sonnet-4-6,Claude Sonnet 4.6,83,1.0,20,0.9815464876785729,0.08252661594868199,0.9815464876785729,0.08252661594868199,1.0,0.3021750179644917,0.3021750179644917,0.683157894736842,0.683157894736842,0.005263157894736842,0.005263157894736842,0.002166377816291161,15.0,36.09444444444444,0.8999999999999998,0.002166377816291161,15.0,36.09444444444444,0.8999999999999998,0.08407815318443378,0.08407815318443378
claude-sonnet-4-6,Claude Sonnet 4.6,86,0.0,20,0.2960819109658653,5.695323946259567e-17,0.2960819109658653,5.695323946259567e-17,1.0,0.13397129186602866,0.13397129186602866,0.24421052631578952,0.24421052631578952,0.24210526315789474,0.24210526315789474,0.0017331022530329288,12.0,56.21,1.0,0.0017331022530329288,12.0,56.21,1.0,1.9235636272680537e-16,1.9235636272680537e-16
claude-sonnet-4-6,Claude Sonnet 4.6,86,0.5,20,0.2720614332243989,0.06784284901231641,0.2720614332243989,0.06784284901231641,1.0,0.19631947000368055,0.19631947000368055,0.5063157894736842,0.5063157894736842,0.04736842105263158,0.04736842105263158,0.001877527440785673,13.0,57.785000000000004,1.0,0.001877527440785673,13.0,57.785000000000004,1.0,0.2493659178673773,0.2493659178673773
claude-sonnet-4-6,Claude Sonnet 4.6,86,1.0,20,0.28630898733236365,0.051676145475941404,0.28630898733236365,0.051676145475941404,1.0,0.22785109627214892,0.22785109627214892,0.6431578947368422,0.6431578947368422,0.010526315789473684,0.010526315789473684,0.002021952628538417,14.0,56.589999999999996,1.0,0.002021952628538417,14.0,56.589999999999996,1.0,0.18049082551485823,0.18049082551485823
claude-sonnet-4-6,Claude Sonnet 4.6,92,0.0,20,0.0,0.0,0.0,0.0,1.0,0.12440191387559806,0.12440191387559806,0.5773684210526316,0.5773684210526316,0.04736842105263158,0.04736842105263158,0.001877527440785673,13.0,33.000000000000014,1.0,0.001877527440785673,13.0,33.000000000000014,1.0,,
claude-sonnet-4-6,Claude Sonnet 4.6,92,0.5,20,0.0,0.0,0.0,0.0,1.0,0.12440191387559806,0.12440191387559806,0.5057894736842106,0.5057894736842106,0.031578947368421054,0.031578947368421054,0.001877527440785673,13.0,32.655000000000015,1.0,0.001877527440785673,13.0,32.655000000000015,1.0,,
claude-sonnet-4-6,Claude Sonnet 4.6,92,1.0,20,0.0,0.0,0.0,0.0,1.0,0.0755980861244019,0.0755980861244019,0.5057894736842105,0.5057894736842105,0.05789473684210526,0.05789473684210526,0.0017331022530329288,12.0,30.67500000000001,1.0,0.0017331022530329288,12.0,30.67500000000001,1.0,,
claude-sonnet-4-6,Claude Sonnet 4.6,126,0.0,20,0.0,0.0,0.0,0.0,1.0,0.21196172248803824,0.21196172248803824,0.6473684210526315,0.6473684210526315,0.02631578947368421,0.02631578947368421,0.001877527440785673,13.0,55.39000000000001,1.0,0.001877527440785673,13.0,55.39000000000001,1.0,,
claude-sonnet-4-6,Claude Sonnet 4.6,126,0.5,20,0.0,0.0,0.0,0.0,1.0,0.1663354189669979,0.1663354189669979,0.623157894736842,0.623157894736842,0.03684210526315789,0.03684210526315789,0.002021952628538417,14.0,49.394999999999996,1.0,0.002021952628538417,14.0,49.394999999999996,1.0,,
claude-sonnet-4-6,Claude Sonnet 4.6,126,1.0,20,0.0,0.0,0.0,0.0,1.0,0.1848362164151638,0.1848362164151638,0.5215789473684211,0.5215789473684211,0.021052631578947368,0.021052631578947368,0.001877527440785673,13.0,54.864999999999995,1.0,0.001877527440785673,13.0,54.864999999999995,1.0,,
claude-sonnet-4-6,Claude Sonnet 4.6,181,0.0,20,0.0,0.0,0.0,0.0,1.0,0.32357817620975515,0.32357817620975515,0.6594736842105262,0.6594736842105262,0.04736842105263158,0.04736842105263158,0.002166377816291161,15.0,39.74055555555555,0.9949999999999999,0.002166377816291161,15.0,39.74055555555555,0.9949999999999999,,
claude-sonnet-4-6,Claude Sonnet 4.6,181,0.5,20,0.0,0.0,0.0,0.0,1.0,0.33872793872793877,0.33872793872793877,0.7173684210526317,0.7173684210526317,0.005263157894736842,0.005263157894736842,0.002166377816291161,15.0,40.33666666666667,0.985,0.002166377816291161,15.0,40.33666666666667,0.985,,
claude-sonnet-4-6,Claude Sonnet 4.6,181,1.0,20,0.0,0.0,0.0,0.0,1.0,0.34615209352051457,0.34615209352051457,0.7594736842105264,0.7594736842105264,0.005263157894736842,0.005263157894736842,0.002166377816291161,15.0,37.94333333333333,0.9649999999999999,0.002166377816291161,15.0,37.94333333333333,0.9649999999999999,,
claude-sonnet-4-6,Claude Sonnet 4.6,197,0.0,20,0.0,0.0,0.0,0.0,0.99,0.3845330108488003,0.3756573251310093,0.7300000000000001,0.7289473684210527,0.1,0.1,0.002455228191796649,17.0,32.905,1.0,0.002310803004043905,16.0,30.875,0.99,,
claude-sonnet-4-6,Claude Sonnet 4.6,197,0.5,20,0.0,0.0,0.0,0.0,0.99,0.4135320819531346,0.4060377341956288,0.6857894736842106,0.6863157894736842,0.15789473684210525,0.15789473684210525,0.0028885037550548816,20.0,32.04,1.0,0.0027440785673021376,19.0,30.01666666666667,0.99,,
claude-sonnet-4-6,Claude Sonnet 4.6,197,1.0,20,0.0,0.0,0.0,0.0,1.0,0.35903219587430113,0.35903219587430113,0.6973684210526315,0.6973684210526315,0.015789473684210527,0.015789473684210527,0.002310803004043905,16.0,28.064999999999998,1.0,0.002310803004043905,16.0,28.064999999999998,1.0,,
claude-sonnet-4-6,Claude Sonnet 4.6,367,0.0,20,0.0,0.0,0.0,0.0,1.0,0.09298245614035085,0.09298245614035085,0.12631578947368421,0.12631578947368421,0.4789473684210526,0.4789473684210526,0.0012998266897746968,9.0,6.872321428571428,0.775,0.0012998266897746968,9.0,6.872321428571428,0.775,,
claude-sonnet-4-6,Claude Sonnet 4.6,367,0.5,20,0.0,0.0,0.0,0.0,1.0,0.13492822966507176,0.13492822966507176,0.2236842105263158,0.2236842105263158,0.10526315789473684,0.10526315789473684,0.0014442518775274408,10.0,6.083630952380952,0.7700000000000001,0.0014442518775274408,10.0,6.083630952380952,0.7700000000000001,,
claude-sonnet-4-6,Claude Sonnet 4.6,367,1.0,20,0.0,0.0,0.0,0.0,1.0,0.2569132621764201,0.2569132621764201,0.3273684210526316,0.3273684210526316,0.005263157894736842,0.005263157894736842,0.0017331022530329288,12.0,4.975992063492063,0.765,0.0017331022530329288,12.0,4.975992063492063,0.765,,
claude-sonnet-4-6,Claude Sonnet 4.6,400,0.0,20,0.18319588333334275,0.007341247542339253,0.1874118880296637,0.0059688831276915435,0.9449999999999997,0.11770334928229662,0.07736842105263154,0.5236842105263158,0.4521052631578948,0.14210526315789473,0.14210526315789473,0.0014442518775274408,10.0,34.25555555555555,0.8999999999999998,0.0012998266897746968,9.0,32.5375,0.8450000000000001,0.04007321239299432,0.031849010169231015
claude-sonnet-4-6,Claude Sonnet 4.6,400,0.5,20,0.1764975908525218,0.04297962198651686,0.1799724591104424,0.044772340377298964,0.9599999999999997,0.1129186602870813,0.07368421052631577,0.6089473684210526,0.5778947368421053,0.021052631578947368,0.021052631578947368,0.0014442518775274408,10.0,32.68888888888889,0.9049999999999999,0.0012998266897746968,9.0,31.377777777777784,0.865,0.24351393001409208,0.24877328786080455
claude-sonnet-4-6,Claude Sonnet 4.6,400,1.0,20,0.1736926253170835,0.060288348751451754,0.17845987103908972,0.06276345170371996,0.9549999999999997,0.1939393939393939,0.16149920255183411,0.6847368421052633,0.676842105263158,0.010526315789473684,0.010526315789473684,0.0017331022530329288,12.0,31.10055555555556,0.9099999999999999,0.0015886770652801848,11.0,29.41513888888889,0.865,0.34709791875960616,0.3516950412340727
claude-sonnet-4-6,Claude Sonnet 4.6,421,0.0,20,0.0,0.0,0.0,0.0,1.0,0.21464850938535152,0.21464850938535152,0.5194736842105264,0.5194736842105264,0.10526315789473684,0.10526315789473684,0.002021952628538417,14.0,28.78,1.0,0.002021952628538417,14.0,28.78,1.0,,
claude-sonnet-4-6,Claude Sonnet 4.6,421,0.5,20,0.0,0.0,0.0,0.0,1.0,0.1371488160961845,0.1371488160961845,0.5363157894736842,0.5363157894736842,0.14210526315789473,0.14210526315789473,0.001877527440785673,13.0,31.365000000000002,1.0,0.001877527440785673,13.0,31.365000000000002,1.0,,
claude-sonnet-4-6,Claude Sonnet 4.6,421,1.0,20,0.0,0.0,0.0,0.0,1.0,0.1765427554901239,0.1765427554901239,0.6163157894736842,0.6163157894736842,0.005263157894736842,0.005263157894736842,0.001877527440785673,13.0,31.750000000000007,1.0,0.001877527440785673,13.0,31.750000000000007,1.0,,
claude-sonnet-4-6,Claude Sonnet 4.6,427,0.0,20,0.0,0.0,0.0,0.0,1.0,0.08516746411483253,0.08516746411483253,0.16999999999999998,0.16999999999999998,0.2,0.2,0.0015886770652801848,11.0,25.038888888888884,0.8999999999999998,0.0015886770652801848,11.0,25.038888888888884,0.8999999999999998,,
claude-sonnet-4-6,Claude Sonnet 4.6,427,0.5,20,0.0,0.0,0.0,0.0,1.0,0.10893141945773523,0.10893141945773523,0.3321052631578947,0.3321052631578947,0.03684210526315789,0.03684210526315789,0.0017331022530329288,12.0,23.934444444444445,0.9149999999999998,0.0017331022530329288,12.0,23.934444444444445,0.9149999999999998,,
claude-sonnet-4-6,Claude Sonnet 4.6,427,1.0,20,0.0,0.0,0.0,0.0,1.0,0.18644338118022327,0.18644338118022327,0.4215789473684211,0.4215789473684211,0.005263157894736842,0.005263157894736842,0.0017331022530329288,12.0,23.721111111111107,0.9199999999999999,0.0017331022530329288,12.0,23.721111111111107,0.9199999999999999,,
claude-sonnet-4-6,Claude Sonnet 4.6,442,0.0,20,0.0,0.0,0.0,0.0,1.0,0.0,0.0,0.2578947368421053,0.2578947368421053,0.22631578947368422,0.22631578947368422,0.0014442518775274408,10.0,42.29999999999999,1.0,0.0014442518775274408,10.0,42.29999999999999,1.0,,
claude-sonnet-4-6,Claude Sonnet 4.6,442,0.5,20,0.0,0.0,0.0,0.0,1.0,0.05071770334928228,0.05071770334928228,0.3642105263157895,0.3642105263157895,0.06315789473684211,0.06315789473684211,0.0017331022530329288,12.0,42.21999999999999,1.0,0.0017331022530329288,12.0,42.21999999999999,1.0,,
claude-sonnet-4-6,Claude Sonnet 4.6,442,1.0,20,0.0,0.0,0.0,0.0,1.0,0.06411483253588515,0.06411483253588515,0.3663157894736842,0.3663157894736842,0.05789473684210526,0.05789473684210526,0.0017331022530329288,12.0,42.289999999999985,1.0,0.0017331022530329288,12.0,42.289999999999985,1.0,,
claude-sonnet-4-6,Claude Sonnet 4.6,445,0.0,20,0.0,0.0,0.0,0.0,1.0,0.08803827751196171,0.08803827751196171,0.6663157894736843,0.6663157894736843,0.06842105263157895,0.06842105263157895,0.0017331022530329288,12.0,15.220000000000004,1.0,0.0017331022530329288,12.0,15.220000000000004,1.0,,
claude-sonnet-4-6,Claude Sonnet 4.6,445,0.5,20,0.0,0.0,0.0,0.0,1.0,0.12089314194577348,0.12089314194577348,0.5842105263157895,0.5842105263157895,0.06315789473684211,0.06315789473684211,0.0017331022530329288,12.0,15.23,1.0,0.0017331022530329288,12.0,15.23,1.0,,
claude-sonnet-4-6,Claude Sonnet 4.6,445,1.0,20,0.0,0.0,0.0,0.0,1.0,0.0755980861244019,0.0755980861244019,0.5821052631578948,0.5821052631578948,0.015789473684210527,0.015789473684210527,0.0015886770652801848,11.0,15.635000000000005,1.0,0.0015886770652801848,11.0,15.635000000000005,1.0,,
claude-sonnet-4-6,Claude Sonnet 4.6,495,0.0,20,0.0,0.0,0.0,0.0,1.0,0.1472089314194577,0.1472089314194577,0.3421052631578948,0.3421052631578948,0.15789473684210525,0.15789473684210525,0.0017331022530329288,12.0,32.114999999999995,1.0,0.0017331022530329288,12.0,32.114999999999995,1.0,,
claude-sonnet-4-6,Claude Sonnet 4.6,495,0.5,20,0.0,0.0,0.0,0.0,1.0,0.17336523125996808,0.17336523125996808,0.3873684210526317,0.3873684210526317,0.08947368421052632,0.08947368421052632,0.001877527440785673,13.0,31.845000000000006,1.0,0.001877527440785673,13.0,31.845000000000006,1.0,,
claude-sonnet-4-6,Claude Sonnet 4.6,495,1.0,20,0.0,0.0,0.0,0.0,1.0,0.23084809926915187,0.23084809926915187,0.4836842105263158,0.4836842105263158,0.015789473684210527,0.015789473684210527,0.002021952628538417,14.0,36.055,1.0,0.002021952628538417,14.0,36.055,1.0,,
claude-sonnet-4-6,Claude Sonnet 4.6,506,0.0,20,1.0,0.0,1.0,0.0,1.0,0.20079744816586925,0.20079744816586925,0.30684210526315786,0.30684210526315786,0.1,0.1,0.0017331022530329288,12.0,26.136666666666667,0.9099999999999999,0.0017331022530329288,12.0,26.136666666666667,0.9099999999999999,0.0,0.0
claude-sonnet-4-6,Claude Sonnet 4.6,506,0.5,20,1.0,0.0,1.0,0.0,1.0,0.253490369279843,0.253490369279843,0.45631578947368423,0.45631578947368423,0.010526315789473684,0.010526315789473684,0.002021952628538417,14.0,23.526666666666664,0.93,0.002021952628538417,14.0,23.526666666666664,0.93,0.0,0.0
claude-sonnet-4-6,Claude Sonnet 4.6,506,1.0,20,1.0,0.0,1.0,0.0,1.0,0.24216660532450007,0.24216660532450007,0.5489473684210526,0.5489473684210526,0.0,0.0,0.0017331022530329288,12.0,20.416111111111114,0.89,0.0017331022530329288,12.0,20.416111111111114,0.89,0.0,0.0
claude-sonnet-4-6,Claude Sonnet 4.6,515,0.0,20,0.21905517382888456,0.1340164953713316,0.21905517382888456,0.1340164953713316,1.0,0.17223653539443015,0.17223653539443015,0.45684210526315794,0.45684210526315794,0.2,0.2,0.002166377816291161,15.0,43.91111111111111,0.8999999999999998,0.002166377816291161,15.0,43.91111111111111,0.8999999999999998,0.6117933351166537,0.6117933351166537
claude-sonnet-4-6,Claude Sonnet 4.6,515,0.5,20,0.21910052221163046,0.12132888063639684,0.21910052221163046,0.12132888063639684,1.0,0.15520794994479203,0.15520794994479203,0.518421052631579,0.518421052631579,0.1,0.1,0.002166377816291161,15.0,44.28055555555555,0.9049999999999999,0.002166377816291161,15.0,44.28055555555555,0.9049999999999999,0.5537589751575516,0.5537589751575516
claude-sonnet-4-6,Claude Sonnet 4.6,515,1.0,20,0.26144226114972685,0.09613226147105346,0.26144226114972685,0.09613226147105346,1.0,0.16997038049669624,0.16997038049669624,0.5684210526315788,0.5684210526315788,0.05789473684210526,0.05789473684210526,0.001877527440785673,13.0,45.19055555555555,0.9049999999999999,0.001877527440785673,13.0,45.19055555555555,0.9049999999999999,0.3676997783307838,0.3676997783307838
claude-sonnet-4-6,Claude Sonnet 4.6,544,0.0,20,0.0,0.0,0.0,0.0,1.0,0.17480063795853268,0.17480063795853268,0.4026315789473684,0.4026315789473684,0.07368421052631578,0.07368421052631578,0.001877527440785673,13.0,26.05,1.0,0.001877527440785673,13.0,26.05,1.0,,
claude-sonnet-4-6,Claude Sonnet 4.6,544,0.5,20,0.0,0.0,0.0,0.0,1.0,0.17480063795853273,0.17480063795853273,0.49894736842105264,0.49894736842105264,0.03684210526315789,0.03684210526315789,0.001877527440785673,13.0,23.504999999999995,1.0,0.001877527440785673,13.0,23.504999999999995,1.0,,
claude-sonnet-4-6,Claude Sonnet 4.6,544,1.0,20,0.0,0.0,0.0,0.0,1.0,0.18816621974516712,0.18816621974516712,0.5163157894736842,0.5163157894736842,0.015789473684210527,0.015789473684210527,0.002166377816291161,15.0,25.38,1.0,0.002166377816291161,15.0,25.38,1.0,,
claude-sonnet-4-6,Claude Sonnet 4.6,636,0.0,20,0.0,0.0,0.0,0.0,1.0,0.18915470494417863,0.18915470494417863,0.21105263157894733,0.21105263157894733,0.3105263157894737,0.3105263157894737,0.0015886770652801848,11.0,31.188888888888897,0.9099999999999999,0.0015886770652801848,11.0,31.188888888888897,0.9099999999999999,,
claude-sonnet-4-6,Claude Sonnet 4.6,636,0.5,20,0.0,0.0,0.0,0.0,1.0,0.25134865134865136,0.25134865134865136,0.3347368421052631,0.3347368421052631,0.15789473684210525,0.15789473684210525,0.002021952628538417,14.0,31.003333333333337,0.9199999999999999,0.002021952628538417,14.0,31.003333333333337,0.9199999999999999,,
claude-sonnet-4-6,Claude Sonnet 4.6,636,1.0,20,0.0,0.0,0.0,0.0,1.0,0.3207827260458839,0.3207827260458839,0.4721052631578947,0.4721052631578947,0.005263157894736842,0.005263157894736842,0.002310803004043905,16.0,34.06777777777778,0.9399999999999998,0.002310803004043905,16.0,34.06777777777778,0.9399999999999998,,
claude-sonnet-4-6,Claude Sonnet 4.6,640,0.0,20,0.0,0.0,0.0,0.0,1.0,0.25048810838284524,0.25048810838284524,0.47684210526315784,0.47684210526315784,0.03684210526315789,0.03684210526315789,0.002166377816291161,15.0,30.67277777777778,0.9949999999999999,0.002166377816291161,15.0,30.67277777777778,0.9949999999999999,,
claude-sonnet-4-6,Claude Sonnet 4.6,640,0.5,20,0.0,0.0,0.0,0.0,0.9799999999999999,0.3112151006887849,0.29268126610231876,0.6152631578947368,0.6152631578947368,0.010526315789473684,0.010526315789473684,0.002310803004043905,16.0,29.83833333333333,0.99,0.002166377816291161,15.0,27.655555555555555,0.97,,
claude-sonnet-4-6,Claude Sonnet 4.6,640,1.0,20,0.0,0.0,0.0,0.0,0.9949999999999999,0.2335839598997494,0.22769397269397273,0.47578947368421054,0.47684210526315784,0.02631578947368421,0.02631578947368421,0.002310803004043905,16.0,31.37611111111111,0.985,0.002310803004043905,16.0,31.37611111111111,0.985,,
claude-sonnet-4-6,Claude Sonnet 4.6,681,0.0,20,0.0,0.0,0.0,0.0,1.0,0.16634768740031894,0.16634768740031894,0.5989473684210526,0.5989473684210526,0.015789473684210527,0.015789473684210527,0.001877527440785673,13.0,18.07,1.0,0.001877527440785673,13.0,18.07,1.0,,
claude-sonnet-4-6,Claude Sonnet 4.6,681,0.5,20,0.0,0.0,0.0,0.0,1.0,0.18520426941479573,0.18520426941479573,0.6031578947368421,0.6031578947368421,0.015789473684210527,0.015789473684210527,0.001877527440785673,13.0,17.21,1.0,0.001877527440785673,13.0,17.21,1.0,,
claude-sonnet-4-6,Claude Sonnet 4.6,681,1.0,20,0.0,0.0,0.0,0.0,1.0,0.18814869341185125,0.18814869341185125,0.6289473684210526,0.6289473684210526,0.0,0.0,0.002021952628538417,14.0,18.290000000000003,1.0,0.002021952628538417,14.0,18.290000000000003,1.0,,
claude-sonnet-4-6,Claude Sonnet 4.6,705,0.0,20,0.0,0.0,0.0,0.0,1.0,0.1277511961722488,0.1277511961722488,0.3726315789473685,0.3726315789473685,0.18421052631578946,0.18421052631578946,0.0014442518775274408,10.0,39.79305555555556,0.885,0.0014442518775274408,10.0,39.79305555555556,0.885,,
claude-sonnet-4-6,Claude Sonnet 4.6,705,0.5,20,0.0,0.0,0.0,0.0,1.0,0.22793522267206476,0.22793522267206476,0.4663157894736842,0.4663157894736842,0.015789473684210527,0.015789473684210527,0.0015886770652801848,11.0,35.520138888888894,0.8450000000000001,0.0015886770652801848,11.0,35.520138888888894,0.8450000000000001,,
claude-sonnet-4-6,Claude Sonnet 4.6,705,1.0,20,0.0,0.0,0.0,0.0,1.0,0.3205706574127627,0.3205706574127627,0.5521052631578948,0.5521052631578948,0.0,0.0,0.001877527440785673,13.0,37.809623015873015,0.8300000000000001,0.001877527440785673,13.0,37.809623015873015,0.8300000000000001,,
claude-sonnet-4-6,Claude Sonnet 4.6,722,0.0,20,0.0,0.0,0.0,0.0,1.0,0.0,0.0,0.4052631578947368,0.4052631578947368,0.12105263157894737,0.12105263157894737,0.0014442518775274408,10.0,82.79999999999998,1.0,0.0014442518775274408,10.0,82.79999999999998,1.0,,
claude-sonnet-4-6,Claude Sonnet 4.6,722,0.5,20,0.0,0.0,0.0,0.0,1.0,0.0,0.0,0.37421052631578944,0.37421052631578944,0.20526315789473684,0.20526315789473684,0.0014442518775274408,10.0,82.79999999999998,1.0,0.0014442518775274408,10.0,82.79999999999998,1.0,,
claude-sonnet-4-6,Claude Sonnet 4.6,722,1.0,20,0.0,0.0,0.0,0.0,1.0,0.11403508771929824,0.11403508771929824,0.42684210526315786,0.42684210526315786,0.042105263157894736,0.042105263157894736,0.001877527440785673,13.0,82.015,1.0,0.001877527440785673,13.0,82.015,1.0,,
claude-sonnet-4-6,Claude Sonnet 4.6,748,0.0,20,0.0,0.0,0.0,0.0,1.0,0.048803827751196155,0.048803827751196155,0.4247368421052631,0.4247368421052631,0.15789473684210525,0.15789473684210525,0.0012998266897746968,9.0,57.543055555555554,0.885,0.0012998266897746968,9.0,57.543055555555554,0.885,,
claude-sonnet-4-6,Claude Sonnet 4.6,748,0.5,20,0.0,0.0,0.0,0.0,1.0,0.06507177033492821,0.06507177033492821,0.5173684210526315,0.5173684210526315,0.09473684210526316,0.09473684210526316,0.0012998266897746968,9.0,58.011111111111106,0.8799999999999999,0.0012998266897746968,9.0,58.011111111111106,0.8799999999999999,,
claude-sonnet-4-6,Claude Sonnet 4.6,748,1.0,20,0.0,0.0,0.0,0.0,1.0,0.06602870813397127,0.06602870813397127,0.5531578947368422,0.5531578947368422,0.05263157894736842,0.05263157894736842,0.0012998266897746968,9.0,57.45,0.89,0.0012998266897746968,9.0,57.45,0.89,,
claude-sonnet-4-6,Claude Sonnet 4.6,751,0.0,20,0.0,0.0,0.0,0.0,1.0,0.17797816218868853,0.17797816218868853,0.33842105263157896,0.33842105263157896,0.11052631578947368,0.11052631578947368,0.001877527440785673,13.0,19.194999999999997,1.0,0.001877527440785673,13.0,19.194999999999997,1.0,,
claude-sonnet-4-6,Claude Sonnet 4.6,751,0.5,20,0.0,0.0,0.0,0.0,1.0,0.22174492174492175,0.22174492174492175,0.46263157894736845,0.46263157894736845,0.02631578947368421,0.02631578947368421,0.002310803004043905,16.0,18.095,1.0,0.002310803004043905,16.0,18.095,1.0,,
claude-sonnet-4-6,Claude Sonnet 4.6,751,1.0,20,0.0,0.0,0.0,0.0,0.9949999999999999,0.31911421911421917,0.3127726659305607,0.6231578947368421,0.6252631578947369,0.0,0.0,0.002310803004043905,16.0,17.21388888888889,0.9949999999999999,0.002310803004043905,16.0,17.21388888888889,0.9949999999999999,,
claude-sonnet-4-6,Claude Sonnet 4.6,774,0.0,20,0.0,0.0,0.0,0.0,1.0,0.1014354066985646,0.1014354066985646,0.3215789473684211,0.3215789473684211,0.1631578947368421,0.1631578947368421,0.0017331022530329288,12.0,75.775,1.0,0.0017331022530329288,12.0,75.775,1.0,,
claude-sonnet-4-6,Claude Sonnet 4.6,774,0.5,20,0.0,0.0,0.0,0.0,1.0,0.18862716231137283,0.18862716231137283,0.5010526315789474,0.5010526315789474,0.042105263157894736,0.042105263157894736,0.002021952628538417,14.0,75.395,1.0,0.002021952628538417,14.0,75.395,1.0,,
claude-sonnet-4-6,Claude Sonnet 4.6,774,1.0,20,0.0,0.0,0.0,0.0,1.0,0.2629615998037051,0.2629615998037051,0.6063157894736841,0.6063157894736841,0.015789473684210527,0.015789473684210527,0.002310803004043905,16.0,75.49499999999999,1.0,0.002310803004043905,16.0,75.49499999999999,1.0,,
claude-sonnet-4-6,Claude Sonnet 4.6,776,0.0,20,0.0,0.0,0.0,0.0,0.985,0.2691887060308113,0.252857318120476,0.5815789473684211,0.6010526315789473,0.07368421052631578,0.07368421052631578,0.002166377816291161,15.0,64.52000000000001,1.0,0.001877527440785673,13.0,61.05291666666666,0.985,,
claude-sonnet-4-6,Claude Sonnet 4.6,776,0.5,20,0.0,0.0,0.0,0.0,0.9549999999999998,0.2505827505827506,0.2121089436878911,0.7094736842105264,0.7236842105263158,0.06315789473684211,0.06315789473684211,0.002166377816291161,15.0,75.20500000000001,1.0,0.001877527440785673,13.0,60.423055555555564,0.9549999999999998,,
claude-sonnet-4-6,Claude Sonnet 4.6,776,1.0,20,0.0,0.0,0.0,0.0,0.9199999999999999,0.23506844033159824,0.19085943296469615,0.656842105263158,0.7273684210526317,0.021052631578947368,0.021052631578947368,0.002310803004043905,16.0,82.57000000000001,1.0,0.002021952628538417,14.0,59.02125000000001,0.9199999999999999,,
claude-sonnet-4-6,Claude Sonnet 4.6,820,0.0,20,1.0,0.0,1.0,0.0,0.985,0.1625567415041099,0.14299043062200956,0.4321052631578947,0.4378947368421052,0.06842105263157895,0.06842105263157895,0.002021952628538417,14.0,60.845000000000006,1.0,0.001877527440785673,13.0,60.67111111111111,0.985,0.0,0.0
claude-sonnet-4-6,Claude Sonnet 4.6,820,0.5,20,1.0,0.0,1.0,0.0,0.985,0.1488038277511962,0.1278468899521531,0.5389473684210526,0.5231578947368422,0.05789473684210526,0.05789473684210526,0.001877527440785673,13.0,62.69999999999999,1.0,0.0017331022530329288,12.0,62.621666666666655,0.985,0.0,0.0
claude-sonnet-4-6,Claude Sonnet 4.6,820,1.0,20,1.0,0.0,1.0,0.0,0.9949999999999999,0.1599681020733652,0.15245614035087718,0.39210526315789473,0.38842105263157883,0.05789473684210526,0.05789473684210526,0.001877527440785673,13.0,62.28000000000001,1.0,0.0017331022530329288,12.0,62.25388888888889,0.9949999999999999,0.0,0.0
claude-sonnet-4-6,Claude Sonnet 4.6,829,0.0,20,0.0,0.0,0.0,0.0,1.0,0.14306220095693775,0.14306220095693775,0.5205263157894737,0.5205263157894737,0.30526315789473685,0.30526315789473685,0.0015886770652801848,11.0,29.926111111111112,0.9650000000000001,0.0015886770652801848,11.0,29.926111111111112,0.9650000000000001,,
claude-sonnet-4-6,Claude Sonnet 4.6,829,0.5,20,0.0,0.0,0.0,0.0,0.99,0.28365844681634156,0.2726487547540179,0.738421052631579,0.7468421052631578,0.005263157894736842,0.005263157894736842,0.002166377816291161,15.0,33.599444444444444,0.9249999999999998,0.002021952628538417,14.0,33.24444444444444,0.9149999999999998,,
claude-sonnet-4-6,Claude Sonnet 4.6,829,1.0,20,0.0,0.0,0.0,0.0,0.9949999999999999,0.32535534640797803,0.3195394955921272,0.7863157894736842,0.7721052631578946,0.0,0.0,0.002166377816291161,15.0,33.292777777777786,0.945,0.002021952628538417,14.0,33.11888888888889,0.9400000000000001,,
claude-sonnet-4-6,Claude Sonnet 4.6,837,0.0,20,0.0,0.0,0.0,0.0,1.0,0.19696969696969696,0.19696969696969696,0.15105263157894736,0.15105263157894736,0.3157894736842105,0.3157894736842105,0.002166377816291161,15.0,23.95,1.0,0.002166377816291161,15.0,23.95,1.0,,
claude-sonnet-4-6,Claude Sonnet 4.6,837,0.5,20,0.0,0.0,0.0,0.0,1.0,0.30026990553306343,0.30026990553306343,0.5052631578947369,0.5052631578947369,0.02631578947368421,0.02631578947368421,0.002166377816291161,15.0,28.964999999999996,1.0,0.002166377816291161,15.0,28.964999999999996,1.0,,
claude-sonnet-4-6,Claude Sonnet 4.6,837,1.0,20,0.0,0.0,0.0,0.0,1.0,0.344445028655555,0.344445028655555,0.5578947368421052,0.5578947368421052,0.010526315789473684,0.010526315789473684,0.002310803004043905,16.0,27.360000000000003,1.0,0.002310803004043905,16.0,27.360000000000003,1.0,,
claude-sonnet-4-6,Claude Sonnet 4.6,920,0.0,20,0.0,0.0,0.0,0.0,0.9499999999999998,0.22134707397865291,0.18826156299840507,0.5,0.4094736842105263,0.07368421052631578,0.07368421052631578,0.001877527440785673,13.0,58.084999999999994,1.0,0.0017331022530329288,12.0,54.599444444444444,0.9499999999999998,,
claude-sonnet-4-6,Claude Sonnet 4.6,920,0.5,20,0.0,0.0,0.0,0.0,0.9499999999999998,0.19851551956815117,0.1638676236044657,0.528421052631579,0.5210526315789473,0.08947368421052632,0.08947368421052632,0.001877527440785673,13.0,60.220000000000006,1.0,0.0017331022530329288,12.0,56.673333333333346,0.9499999999999998,,
claude-sonnet-4-6,Claude Sonnet 4.6,920,1.0,20,0.0,0.0,0.0,0.0,0.925,0.18149920255183416,0.1615311004784689,0.5268421052631579,0.5094736842105263,0.031578947368421054,0.031578947368421054,0.0017331022530329288,12.0,62.68000000000001,1.0,0.0015886770652801848,11.0,57.45333333333334,0.925,,
claude-sonnet-4-6,Claude Sonnet 4.6,957,0.0,20,0.0,0.0,0.0,0.0,1.0,0.16131762973868236,0.16131762973868236,0.5552631578947368,0.5552631578947368,0.05789473684210526,0.05789473684210526,0.001877527440785673,13.0,33.32000000000001,1.0,0.001877527440785673,13.0,33.32000000000001,1.0,,
claude-sonnet-4-6,Claude Sonnet 4.6,957,0.5,20,0.0,0.0,0.0,0.0,1.0,0.16523125996810206,0.16523125996810206,0.5478947368421052,0.5478947368421052,0.05263157894736842,0.05263157894736842,0.0017331022530329288,12.0,32.22,1.0,0.0017331022530329288,12.0,32.22,1.0,,
claude-sonnet-4-6,Claude Sonnet 4.6,957,1.0,20,0.0,0.0,0.0,0.0,1.0,0.1381180223285486,0.1381180223285486,0.51,0.51,0.04736842105263158,0.04736842105263158,0.001877527440785673,13.0,31.90500000000001,1.0,0.001877527440785673,13.0,31.90500000000001,1.0,,
gpt-5.2,GPT-5.2,83,0.0,20,0.19362656753194335,0.17981705768639647,0.19362656753194335,0.17981705768639647,1.0,0.4500280660986217,0.4500280660986217,0.7415789473684211,0.7415789473684211,0.06315789473684211,0.06315789473684211,0.0030329289428076256,21.0,40.872499999999995,0.9800000000000001,0.0030329289428076256,21.0,40.872499999999995,0.9800000000000001,0.9286796743774912,0.9286796743774912
gpt-5.2,GPT-5.2,83,0.5,20,0.2137243122648133,0.17903852697814363,0.2137243122648133,0.17903852697814363,1.0,0.33123718386876283,0.33123718386876283,0.6168421052631579,0.6168421052631579,0.015789473684210527,0.015789473684210527,0.002455228191796649,17.0,42.675,1.0,0.002455228191796649,17.0,42.675,1.0,0.8377078165833911,0.8377078165833911
gpt-5.2,GPT-5.2,83,1.0,20,0.10686215613240665,0.16747520674622415,0.10686215613240665,0.16747520674622415,0.975,0.36442899206057106,0.34049678391783655,0.6721052631578949,0.6621052631578948,0.015789473684210527,0.015789473684210527,0.0031773541305603697,22.0,44.17444444444445,0.9949999999999999,0.0028885037550548816,20.0,42.751111111111115,0.975,1.5672078199387574,1.5672078199387574
gpt-5.2,GPT-5.2,83,2.0,20,0.1606818225162015,0.18246530526242108,0.16335779621126195,0.18549786752957195,0.975,0.5685226393471463,0.5523762523980463,0.7921052631578948,0.7936842105263159,0.0,0.0,0.004188330444829578,29.0,42.40236111111111,0.97,0.00389948006932409,27.0,38.61152777777778,0.9550000000000001,1.1355690544524608,1.1355311581803995
gpt-5.2,GPT-5.2,86,0.0,20,0.4692787260227564,5.695323946259567e-17,0.4692787260227564,5.695323946259567e-17,0.93,0.3330844594002489,0.2913305115936695,0.6368421052631579,0.605263157894737,0.07894736842105263,0.08421052631578947,0.0027440785673021376,19.0,55.61055555555555,0.9949999999999999,0.002455228191796649,17.0,56.958948412698405,0.925,1.2136335253312523e-16,1.2136335253312523e-16
gpt-5.2,GPT-5.2,86,0.5,20,0.4692787260227564,5.695323946259567e-17,0.4692787260227564,5.695323946259567e-17,0.9450000000000001,0.25516238147817094,0.20817036764405183,0.6089473684210527,0.5810526315789474,0.015789473684210527,0.015789473684210527,0.002021952628538417,14.0,55.17999999999999,0.9949999999999999,0.0017331022530329288,12.0,56.10902777777777,0.9400000000000001,1.2136335253312523e-16,1.2136335253312523e-16
gpt-5.2,GPT-5.2,86,1.0,20,0.47606132469437873,0.030332703387694858,0.4692787260227564,5.695323946259567e-17,0.9099999999999999,0.2984454142348879,0.24315656565656565,0.5463157894736843,0.49,0.005263157894736842,0.005263157894736842,0.0027440785673021376,19.0,55.879999999999995,1.0,0.002310803004043905,16.0,57.13505952380952,0.9099999999999999,0.06371595803790155,1.2136335253312523e-16
gpt-5.2,GPT-5.2,86,2.0,20,0.4763420746657479,0.03158825542901956,0.4692787260227564,5.695323946259567e-17,0.9049999999999999,0.41849739527758106,0.3738354919933867,0.6631578947368421,0.6252631578947369,0.0,0.0,0.0034662045060658577,24.0,56.129999999999995,1.0,0.0027440785673021376,19.0,57.27194444444444,0.9049999999999999,0.06631422481666191,1.2136335253312523e-16
gpt-5.2,GPT-5.2,92,0.0,20,0.0,0.0,0.0,0.0,1.0,0.2521408416145259,0.2521408416145259,0.49105263157894735,0.49105263157894735,0.05263157894736842,0.05263157894736842,0.002455228191796649,17.0,40.040000000000006,1.0,0.002455228191796649,17.0,40.040000000000006,1.0,,
gpt-5.2,GPT-5.2,92,0.5,20,0.0,0.0,0.0,0.0,1.0,0.15888847994111152,0.15888847994111152,0.3510526315789473,0.3510526315789473,0.23684210526315788,0.23684210526315788,0.002310803004043905,16.0,39.855000000000004,1.0,0.002310803004043905,16.0,39.855000000000004,1.0,,
gpt-5.2,GPT-5.2,92,1.0,20,0.0,0.0,0.0,0.0,1.0,0.27402772665930564,0.27402772665930564,0.6036842105263158,0.6036842105263158,0.010526315789473684,0.010526315789473684,0.0025996533795493936,18.0,41.7,1.0,0.0025996533795493936,18.0,41.7,1.0,,
gpt-5.2,GPT-5.2,92,2.0,20,0.0,0.0,0.0,0.0,1.0,0.3614087666719247,0.3614087666719247,0.761578947368421,0.761578947368421,0.0,0.0,0.0028885037550548816,20.0,40.47,1.0,0.0028885037550548816,20.0,40.47,1.0,,
gpt-5.2,GPT-5.2,126,0.0,20,0.0,0.0,0.0,0.0,1.0,0.3983665457349667,0.3983665457349667,0.7378947368421052,0.7378947368421052,0.07894736842105263,0.07894736842105263,0.002455228191796649,17.0,65.82944444444443,0.975,0.002455228191796649,17.0,65.82944444444443,0.975,,
gpt-5.2,GPT-5.2,126,0.5,20,0.0,0.0,0.0,0.0,1.0,0.433798966771103,0.433798966771103,0.671578947368421,0.671578947368421,0.05263157894736842,0.05263157894736842,0.0027440785673021376,19.0,50.11833333333333,0.9349999999999998,0.0027440785673021376,19.0,50.11833333333333,0.9349999999999998,,
gpt-5.2,GPT-5.2,126,1.0,20,0.0,0.0,0.0,0.0,1.0,0.4829245058347226,0.4829245058347226,0.8121052631578948,0.8121052631578948,0.005263157894736842,0.005263157894736842,0.0027440785673021376,19.0,55.150555555555556,0.9599999999999997,0.0027440785673021376,19.0,55.150555555555556,0.9599999999999997,,
gpt-5.2,GPT-5.2,126,2.0,20,0.0,0.0,0.0,0.0,0.9549999999999998,0.5611340242145195,0.537698764943347,0.8915789473684212,0.8836842105263158,0.0,0.0,0.0030329289428076256,21.0,55.66888888888889,0.9649999999999999,0.0025996533795493936,18.0,54.33478174603175,0.9249999999999998,,
gpt-5.2,GPT-5.2,181,0.0,20,0.0,0.0,0.0,0.0,0.9949999999999999,0.22654888970678444,0.2201533554165133,0.6436842105263159,0.6436842105263159,0.021052631578947368,0.021052631578947368,0.001877527440785673,13.0,39.85902777777778,0.8949999999999999,0.001877527440785673,13.0,39.85902777777778,0.8949999999999999,,
gpt-5.2,GPT-5.2,181,0.5,20,0.0,0.0,0.0,0.0,1.0,0.30046795309953195,0.30046795309953195,0.6447368421052632,0.6447368421052632,0.010526315789473684,0.010526315789473684,0.002455228191796649,17.0,41.54444444444445,0.8999999999999998,0.002455228191796649,17.0,41.54444444444445,0.8999999999999998,,
gpt-5.2,GPT-5.2,181,1.0,20,0.0,0.0,0.0,0.0,1.0,0.3386385544280282,0.3386385544280282,0.68,0.68,0.0,0.0,0.0030329289428076256,21.0,45.96666666666666,0.8999999999999998,0.0030329289428076256,21.0,45.96666666666666,0.8999999999999998,,
gpt-5.2,GPT-5.2,181,2.0,20,0.0,0.0,0.0,0.0,0.9949999999999999,0.4021636258478364,0.3968468373731531,0.7231578947368421,0.7231578947368421,0.0,0.0,0.0031773541305603697,22.0,45.09513888888889,0.8949999999999999,0.0031773541305603697,22.0,45.09513888888889,0.8949999999999999,,
gpt-5.2,GPT-5.2,197,0.0,20,0.0,0.0,0.0,0.0,0.985,0.43867239571573935,0.4251819388042299,0.6705263157894737,0.6642105263157896,0.03684210526315789,0.03684210526315789,0.0028885037550548816,20.0,61.57555555555556,0.9949999999999999,0.0027440785673021376,19.0,59.85055555555556,0.985,,
gpt-5.2,GPT-5.2,197,0.5,20,0.0,0.0,0.0,0.0,0.985,0.34507772928825564,0.3321717755928282,0.5321052631578947,0.5394736842105263,0.05263157894736842,0.05263157894736842,0.0028885037550548816,20.0,45.144444444444446,0.9949999999999999,0.0027440785673021376,19.0,42.342777777777776,0.9799999999999999,,
gpt-5.2,GPT-5.2,197,1.0,20,0.0,0.0,0.0,0.0,0.96,0.40845163608321505,0.3869505932663827,0.591578947368421,0.67,0.0,0.0,0.0033217793183131137,23.0,52.59055555555555,0.9949999999999999,0.0031773541305603697,22.0,44.428888888888885,0.9549999999999998,,
gpt-5.2,GPT-5.2,197,2.0,20,0.0,0.0,0.0,0.0,0.97,0.5525140236440546,0.5388558526097226,0.7905263157894736,0.8163157894736843,0.0,0.0,0.003755054881571346,26.0,58.355000000000004,0.9949999999999999,0.003610629693818602,25.0,53.465555555555554,0.97,,
gpt-5.2,GPT-5.2,367,0.0,20,0.0,0.0,0.0,0.0,1.0,0.16666666666666663,0.16666666666666663,0.3073684210526315,0.3073684210526315,0.15789473684210525,0.15789473684210525,0.0014442518775274408,10.0,1.797619047619048,0.6599999999999998,0.0014442518775274408,10.0,1.797619047619048,0.6599999999999998,,
gpt-5.2,GPT-5.2,367,0.5,20,0.0,0.0,0.0,0.0,1.0,0.1429027113237639,0.1429027113237639,0.5410526315789475,0.5410526315789475,0.07368421052631578,0.07368421052631578,0.0012998266897746968,9.0,1.748809523809524,0.6749999999999999,0.0012998266897746968,9.0,1.748809523809524,0.6749999999999999,,
gpt-5.2,GPT-5.2,367,1.0,20,0.0,0.0,0.0,0.0,1.0,0.15374800637958533,0.15374800637958533,0.6226315789473684,0.6226315789473684,0.0,0.0,0.0014442518775274408,10.0,1.805952380952381,0.6549999999999998,0.0014442518775274408,10.0,1.805952380952381,0.6549999999999998,,
gpt-5.2,GPT-5.2,367,2.0,20,0.01934264036172708,0.08650291742630577,0.01934264036172708,0.08650291742630577,1.0,0.20844068212489267,0.20844068212489267,0.6505263157894737,0.6505263157894737,0.005263157894736842,0.005263157894736842,0.0017331022530329288,12.0,2.1630952380952384,0.6749999999999998,0.0017331022530329288,12.0,2.1630952380952384,0.6749999999999998,4.4721359549995805,4.4721359549995805
gpt-5.2,GPT-5.2,400,0.0,20,0.17566152501979576,0.04212898920569324,0.17728023670311804,0.04248589952275625,0.9700000000000001,0.2178260336155073,0.18740031897926637,0.5989473684210526,0.5410526315789475,0.09473684210526316,0.09473684210526316,0.0017331022530329288,12.0,23.562896825396827,0.8749999999999998,0.0017331022530329288,12.0,23.562896825396827,0.8749999999999998,0.2398304876434701,0.23965389663770117
gpt-5.2,GPT-5.2,400,0.5,20,0.16502941931305282,0.056833699088519006,0.16664813099637513,0.05741516801570324,0.9700000000000001,0.24344602765655396,0.21404490246595506,0.6131578947368421,0.541578947368421,0.015789473684210527,0.015789473684210527,0.0017331022530329288,12.0,23.677896825396825,0.8799999999999999,0.0017331022530329288,12.0,23.677896825396825,0.8799999999999999,0.344385257641295,0.3445293245860172
gpt-5.2,GPT-5.2,400,1.0,20,0.14954771685864024,0.07711821129968373,0.15035707270030138,0.07750808675512183,0.99,0.2602257391731076,0.24875720770457613,0.6094736842105264,0.5905263157894737,0.010526315789473684,0.010526315789473684,0.002021952628538417,14.0,24.43285714285714,0.9049999999999999,0.002021952628538417,14.0,24.43285714285714,0.9049999999999999,0.515676286603423,0.5154934541031835
gpt-5.2,GPT-5.2,400,2.0,20,0.1389156111518973,0.08257070201935637,0.1389156111518973,0.08257070201935637,0.99,0.2956149114043851,0.2851709693814957,0.7036842105263157,0.6910526315789475,0.0,0.0,0.002166377816291161,15.0,24.55833333333333,0.9149999999999998,0.002166377816291161,15.0,24.55833333333333,0.9149999999999998,0.594394692825916,0.594394692825916
gpt-5.2,GPT-5.2,421,0.0,20,0.0,0.0,0.0,0.0,1.0,0.2626671574039995,0.2626671574039995,0.5794736842105263,0.5794736842105263,0.15263157894736842,0.15263157894736842,0.002166377816291161,15.0,19.150000000000002,1.0,0.002166377816291161,15.0,19.150000000000002,1.0,,
gpt-5.2,GPT-5.2,421,0.5,20,0.0,0.0,0.0,0.0,1.0,0.21995373048004627,0.21995373048004627,0.6757894736842106,0.6757894736842106,0.02631578947368421,0.02631578947368421,0.002455228191796649,17.0,22.479999999999997,1.0,0.002455228191796649,17.0,22.479999999999997,1.0,,
gpt-5.2,GPT-5.2,421,1.0,20,0.0,0.0,0.0,0.0,1.0,0.2875422822791244,0.2875422822791244,0.6994736842105264,0.6994736842105264,0.0,0.0,0.0025996533795493936,18.0,21.520000000000003,1.0,0.0025996533795493936,18.0,21.520000000000003,1.0,,
gpt-5.2,GPT-5.2,421,2.0,20,0.0,0.0,0.0,0.0,1.0,0.2835094729831572,0.2835094729831572,0.7368421052631579,0.7368421052631579,0.0,0.0,0.0025996533795493936,18.0,20.2,1.0,0.0025996533795493936,18.0,20.2,1.0,,
gpt-5.2,GPT-5.2,427,0.0,20,0.0,0.0,0.0,0.0,1.0,0.4008469600574864,0.4008469600574864,0.51,0.51,0.015789473684210527,0.015789473684210527,0.0028885037550548816,20.0,25.248333333333335,0.9349999999999998,0.0028885037550548816,20.0,25.248333333333335,0.9349999999999998,,
gpt-5.2,GPT-5.2,427,0.5,20,0.0,0.0,0.0,0.0,1.0,0.3925605096657729,0.3925605096657729,0.5352631578947369,0.5352631578947369,0.0,0.0,0.0027440785673021376,19.0,24.28944444444445,0.9399999999999997,0.0027440785673021376,19.0,24.28944444444445,0.9399999999999997,,
gpt-5.2,GPT-5.2,427,1.0,20,0.0,0.0,0.0,0.0,1.0,0.4280561543719439,0.4280561543719439,0.616842105263158,0.616842105263158,0.0,0.0,0.0025996533795493936,18.0,28.127777777777776,0.9649999999999999,0.0025996533795493936,18.0,28.127777777777776,0.9649999999999999,,
gpt-5.2,GPT-5.2,427,2.0,20,0.0,0.0,0.0,0.0,1.0,0.482218658534448,0.482218658534448,0.6594736842105263,0.6594736842105263,0.0,0.0,0.0027440785673021376,19.0,25.330000000000002,0.9549999999999998,0.0027440785673021376,19.0,25.330000000000002,0.9549999999999998,,
gpt-5.2,GPT-5.2,442,0.0,20,0.0,0.0,0.0,0.0,0.9949999999999999,0.3545068966121597,0.35105333263227995,0.5515789473684211,0.5494736842105263,0.02631578947368421,0.02631578947368421,0.002455228191796649,17.0,19.10347222222222,0.885,0.002310803004043905,16.0,19.07222222222222,0.8799999999999999,,
gpt-5.2,GPT-5.2,442,0.5,20,0.0,0.0,0.0,0.0,0.99,0.3245386192754614,0.31249171880750826,0.6163157894736842,0.5794736842105263,0.005263157894736842,0.005263157894736842,0.002310803004043905,16.0,18.540277777777774,0.885,0.002166377816291161,15.0,18.518055555555552,0.8800000000000001,,
gpt-5.2,GPT-5.2,442,1.0,20,0.0,0.0,0.0,0.0,1.0,0.37917082917082917,0.37917082917082917,0.6426315789473684,0.6426315789473684,0.0,0.0,0.003610629693818602,25.0,19.528472222222224,0.885,0.003610629693818602,25.0,19.528472222222224,0.885,,
gpt-5.2,GPT-5.2,442,2.0,20,0.0,0.0,0.0,0.0,0.9799999999999999,0.42209895367790107,0.40450882450882447,0.7221052631578947,0.6694736842105263,0.0,0.0,0.00389948006932409,27.0,19.132638888888888,0.8699999999999999,0.0034662045060658577,24.0,18.745138888888892,0.8549999999999999,,
gpt-5.2,GPT-5.2,445,0.0,20,0.13539848253208958,0.1893104773446696,0.0,0.0,0.925,0.32365178680968154,0.27290516501042816,0.4947368421052631,0.56,0.14736842105263157,0.14736842105263157,0.002021952628538417,14.0,21.179999999999996,0.9599999999999997,0.001877527440785673,13.0,21.203333333333337,0.925,1.3981728140845509,
gpt-5.2,GPT-5.2,445,0.5,20,0.17408376325554373,0.19745655319628175,0.0,0.0,0.9049999999999999,0.3280894544052439,0.2772911299227088,0.5631578947368421,0.5152631578947368,0.031578947368421054,0.05263157894736842,0.002021952628538417,14.0,21.80388888888889,0.9499999999999998,0.001877527440785673,13.0,21.931111111111115,0.9049999999999999,1.134261745631201,
gpt-5.2,GPT-5.2,445,1.0,20,0.03868528072345416,0.11907078169980323,0.0,0.0,0.9099999999999999,0.22801058590532275,0.20364740522635258,0.5368421052631579,0.5689473684210528,0.010526315789473684,0.021052631578947368,0.002021952628538417,14.0,20.701666666666668,0.9199999999999999,0.001877527440785673,13.0,20.72777777777778,0.9099999999999999,3.077935056255462,
gpt-5.2,GPT-5.2,445,2.0,20,0.09671320180863541,0.17186386966750142,0.0,0.0,0.95,0.3731356362935311,0.32864670417302,0.6484210526315789,0.6857894736842106,0.0,0.0,0.002310803004043905,16.0,20.725,0.985,0.002021952628538417,14.0,20.128888888888888,0.95,1.7770466332772772,
gpt-5.2,GPT-5.2,495,0.0,20,0.19519002499605081,0.20026074018890827,0.0,0.0,0.9499999999999998,0.32637713164028953,0.304139018875861,0.7152631578947368,0.7242105263157894,0.08947368421052632,0.08947368421052632,0.0025996533795493936,18.0,23.02,1.0,0.002455228191796649,17.0,24.166666666666668,0.9499999999999998,1.0259783520851542,
gpt-5.2,GPT-5.2,495,0.5,20,0.21470902749565593,0.19925692063363654,0.0,0.0,0.93,0.38096815465236517,0.3479962143120038,0.7826315789473685,0.7352631578947367,0.015789473684210527,0.015789473684210527,0.0025996533795493936,18.0,23.226666666666667,0.985,0.002455228191796649,17.0,24.560416666666672,0.93,0.928032337334619,
gpt-5.2,GPT-5.2,495,1.0,20,0.16846713943387714,0.21818836266339958,0.0,0.0,0.9549999999999997,0.43884536516115463,0.4191142191142191,0.8200000000000001,0.7863157894736842,0.0,0.0,0.0028885037550548816,20.0,25.07,1.0,0.0025996533795493936,18.0,25.322916666666668,0.9549999999999997,1.2951390009743584,
gpt-5.2,GPT-5.2,495,2.0,20,0.17567102249644576,0.19925692063363654,0.0,0.0,0.9350000000000002,0.4382288763867711,0.40647767437241117,0.8336842105263159,0.8494736842105265,0.0,0.0,0.0033217793183131137,23.0,23.89611111111111,0.985,0.0030329289428076256,21.0,25.04708333333333,0.9350000000000002,1.134261745631201,
gpt-5.2,GPT-5.2,506,0.0,20,1.0,0.0,1.0,0.0,1.0,0.24880207511786462,0.24880207511786462,0.45526315789473687,0.45526315789473687,0.07894736842105263,0.07894736842105263,0.001877527440785673,13.0,13.853472222222223,0.86,0.001877527440785673,13.0,13.853472222222223,0.86,0.0,0.0
gpt-5.2,GPT-5.2,506,0.5,20,1.0,0.0,1.0,0.0,1.0,0.2627284995706048,0.2627284995706048,0.42,0.42,0.021052631578947368,0.021052631578947368,0.0017331022530329288,12.0,13.522222222222222,0.8250000000000002,0.0017331022530329288,12.0,13.522222222222222,0.8250000000000002,0.0,0.0
gpt-5.2,GPT-5.2,506,1.0,20,1.0,0.0,1.0,0.0,0.9949999999999999,0.2823755192176245,0.2767138125032862,0.481578947368421,0.481578947368421,0.0,0.0,0.0017331022530329288,12.0,14.159722222222223,0.8400000000000001,0.0017331022530329288,12.0,14.159722222222223,0.8400000000000001,0.0,0.0
gpt-5.2,GPT-5.2,506,2.0,20,1.0,0.0,1.0,0.0,0.9949999999999999,0.3213891371786109,0.31574758574758577,0.5763157894736842,0.5763157894736842,0.005263157894736842,0.005263157894736842,0.001877527440785673,13.0,15.345634920634922,0.8550000000000001,0.001877527440785673,13.0,15.345634920634922,0.8550000000000001,0.0,0.0
gpt-5.2,GPT-5.2,515,0.0,20,0.31460151746791043,0.024709419736931748,0.31460151746791043,0.024709419736931748,1.0,0.14928229665071766,0.14928229665071766,0.2873684210526316,0.2873684210526316,0.14736842105263157,0.14736842105263157,0.002021952628538417,14.0,46.31666666666667,0.8999999999999998,0.002021952628538417,14.0,46.31666666666667,0.8999999999999998,0.0785419597966565,0.0785419597966565
gpt-5.2,GPT-5.2,515,0.5,20,0.3306573596382729,0.03774426210764185,0.3306573596382729,0.03774426210764185,1.0,0.14832535885167458,0.14832535885167458,0.46578947368421053,0.46578947368421053,0.031578947368421054,0.031578947368421054,0.002166377816291161,15.0,46.5,0.8999999999999998,0.002166377816291161,15.0,46.5,0.8999999999999998,0.11414916682614502,0.11414916682614502
gpt-5.2,GPT-5.2,515,1.0,20,0.31649020431999414,0.03176740147182089,0.31649020431999414,0.03176740147182089,1.0,0.1454545454545454,0.1454545454545454,0.5247368421052632,0.5247368421052632,0.015789473684210527,0.015789473684210527,0.002021952628538417,14.0,46.27222222222222,0.8999999999999998,0.002021952628538417,14.0,46.27222222222222,0.8999999999999998,0.10037404329804085,0.10037404329804085
gpt-5.2,GPT-5.2,515,2.0,20,0.35261584920330974,0.04397723977589001,0.35261584920330974,0.04397723977589001,1.0,0.25085265611581403,0.25085265611581403,0.6957894736842105,0.6957894736842105,0.0,0.0,0.002310803004043905,16.0,47.11555555555556,0.9049999999999999,0.002310803004043905,16.0,47.11555555555556,0.9049999999999999,0.12471713870845835,0.12471713870845835
gpt-5.2,GPT-5.2,544,0.0,20,0.0,0.0,0.0,0.0,0.985,0.29761641866905025,0.28669435827330564,0.45052631578947366,0.4389473684210526,0.1631578947368421,0.1631578947368421,0.002166377816291161,15.0,28.624999999999993,1.0,0.002021952628538417,14.0,28.257777777777772,0.985,,
gpt-5.2,GPT-5.2,544,0.5,20,0.0,0.0,0.0,0.0,0.9949999999999999,0.27714741398951925,0.2715058625584942,0.5636842105263158,0.5510526315789473,0.042105263157894736,0.042105263157894736,0.002166377816291161,15.0,27.619999999999997,1.0,0.002021952628538417,14.0,27.47333333333333,0.9949999999999999,,
gpt-5.2,GPT-5.2,544,1.0,20,0.0,0.0,0.0,0.0,0.9649999999999999,0.366285030758715,0.3411511587827378,0.6621052631578948,0.6205263157894738,0.005263157894736842,0.005263157894736842,0.002455228191796649,17.0,30.635,1.0,0.002166377816291161,15.0,30.12486111111111,0.9649999999999999,,
gpt-5.2,GPT-5.2,544,2.0,20,0.0,0.0,0.0,0.0,0.9650000000000001,0.4239159962844173,0.4034510226615489,0.6947368421052632,0.6894736842105263,0.0,0.0,0.0028885037550548816,20.0,35.959999999999994,1.0,0.0025996533795493936,18.0,35.530277777777776,0.9650000000000001,,
gpt-5.2,GPT-5.2,636,0.0,20,0.0,0.0,0.0,0.0,0.805,0.6081653979609005,0.5750618022328549,0.7821052631578949,0.7426315789473684,0.08421052631578947,0.10526315789473684,0.0034662045060658577,24.0,39.333035714285714,0.9349999999999999,0.0027440785673021376,19.0,36.56333333333333,0.805,,
gpt-5.2,GPT-5.2,636,0.5,20,0.040876479517697226,0.1422199765531821,0.0,0.0,0.835,0.6531223596890862,0.605999556429123,0.7968421052631579,0.8015789473684211,0.005263157894736842,0.010526315789473684,0.004188330444829578,29.0,33.96880952380952,0.9499999999999998,0.0030329289428076256,21.0,33.00055555555555,0.835,3.4792618696922966,
gpt-5.2,GPT-5.2,636,1.0,20,0.03065735963827292,0.1371038803236732,0.0,0.0,0.77,0.6910167923977603,0.6555987304748915,0.8678947368421052,0.7789473684210526,0.0,0.0,0.005199306759098787,36.0,29.329722222222223,0.9549999999999998,0.004332755632582322,30.0,27.778194444444445,0.77,4.472135954999579,
gpt-5.2,GPT-5.2,636,2.0,20,0.0,0.0,0.0,0.0,0.9499999999999998,0.674749736530737,0.6571825903714449,0.8905263157894739,0.8863157894736844,0.0,0.0,0.005777007510109763,40.0,30.60055555555556,0.9800000000000001,0.005343731946851531,37.0,30.995138888888892,0.9499999999999998,,
gpt-5.2,GPT-5.2,640,0.0,20,0.0,0.0,0.0,0.0,1.0,0.21291866028708134,0.21291866028708134,0.32473684210526316,0.32473684210526316,0.09473684210526316,0.09473684210526316,0.001877527440785673,13.0,18.01222222222222,0.9499999999999998,0.001877527440785673,13.0,18.01222222222222,0.9499999999999998,,
gpt-5.2,GPT-5.2,640,0.5,20,0.0,0.0,0.0,0.0,1.0,0.22240215924426446,0.22240215924426446,0.38578947368421046,0.38578947368421046,0.06842105263157895,0.06842105263157895,0.002021952628538417,14.0,19.235,0.9649999999999999,0.002021952628538417,14.0,19.235,0.9649999999999999,,
gpt-5.2,GPT-5.2,640,1.0,20,0.0,0.0,0.0,0.0,1.0,0.26090050300576617,0.26090050300576617,0.6194736842105263,0.6194736842105263,0.0,0.0,0.002455228191796649,17.0,17.08222222222222,0.9399999999999998,0.002455228191796649,17.0,17.08222222222222,0.9399999999999998,,
gpt-5.2,GPT-5.2,640,2.0,20,0.0,0.0,0.0,0.0,1.0,0.33077624130255706,0.33077624130255706,0.6821052631578947,0.6821052631578947,0.005263157894736842,0.005263157894736842,0.002310803004043905,16.0,18.55111111111111,0.975,0.002310803004043905,16.0,18.55111111111111,0.975,,
gpt-5.2,GPT-5.2,681,0.0,20,0.0,0.0,0.0,0.0,1.0,0.23982683982683986,0.23982683982683986,0.6105263157894737,0.6105263157894737,0.06842105263157895,0.06842105263157895,0.002166377816291161,15.0,31.474999999999994,1.0,0.002166377816291161,15.0,31.474999999999994,1.0,,
gpt-5.2,GPT-5.2,681,0.5,20,0.0,0.0,0.0,0.0,1.0,0.3148816096184517,0.3148816096184517,0.6873684210526317,0.6873684210526317,0.005263157894736842,0.005263157894736842,0.0025996533795493936,18.0,31.1,1.0,0.0025996533795493936,18.0,31.1,1.0,,
gpt-5.2,GPT-5.2,681,1.0,20,0.0,0.0,0.0,0.0,0.9899999999999999,0.48452994374047,0.4771706363811627,0.7642105263157895,0.7642105263157895,0.0,0.0,0.0034662045060658577,24.0,29.395,1.0,0.0031773541305603697,22.0,29.488333333333333,0.9899999999999999,,
gpt-5.2,GPT-5.2,681,2.0,20,0.0,0.0,0.0,0.0,0.9949999999999999,0.5012739324658828,0.4979577375668706,0.8210526315789474,0.8226315789473685,0.0,0.0,0.004188330444829578,29.0,29.514999999999997,1.0,0.004043905257076834,28.0,29.66722222222222,0.9949999999999999,,
gpt-5.2,GPT-5.2,705,0.0,20,0.0,0.0,0.0,0.0,1.0,0.13397129186602866,0.13397129186602866,0.5952631578947368,0.5952631578947368,0.21052631578947367,0.21052631578947367,0.0014442518775274408,10.0,7.41875,0.8000000000000002,0.0014442518775274408,10.0,7.41875,0.8000000000000002,,
gpt-5.2,GPT-5.2,705,0.5,20,0.0,0.0,0.0,0.0,1.0,0.25965262807368067,0.25965262807368067,0.6863157894736844,0.6863157894736844,0.005263157894736842,0.005263157894736842,0.002021952628538417,14.0,7.6708333333333325,0.8150000000000001,0.002021952628538417,14.0,7.6708333333333325,0.8150000000000001,,
gpt-5.2,GPT-5.2,705,1.0,20,0.0,0.0,0.0,0.0,1.0,0.38130027866869975,0.38130027866869975,0.8205263157894739,0.8205263157894739,0.0,0.0,0.002310803004043905,16.0,8.300595238095237,0.8200000000000001,0.002310803004043905,16.0,8.300595238095237,0.8200000000000001,,
gpt-5.2,GPT-5.2,705,2.0,20,0.0,0.0,0.0,0.0,1.0,0.3884501463448832,0.3884501463448832,0.8284210526315788,0.8284210526315788,0.0,0.0,0.002166377816291161,15.0,8.480257936507936,0.8200000000000001,0.002166377816291161,15.0,8.480257936507936,0.8200000000000001,,
gpt-5.2,GPT-5.2,722,0.0,20,0.09956427926419065,0.06690434111648955,0.0,0.0,0.7649999999999999,0.18475033738191637,0.11474215842636892,0.4968421052631579,0.428421052631579,0.18947368421052632,0.2894736842105263,0.002166377816291161,15.0,64.36999999999998,1.0,0.0015886770652801848,11.0,79.36444444444444,0.7649999999999999,0.6719713295865981,
gpt-5.2,GPT-5.2,722,0.5,20,0.05684548827508677,0.07144465546748928,0.0,0.0,0.835,0.2810768179189232,0.20611376927166403,0.7121052631578948,0.6442105263157895,0.015789473684210527,0.015789473684210527,0.002310803004043905,16.0,63.76166666666664,0.9949999999999999,0.0017331022530329288,12.0,73.55777777777777,0.8299999999999998,1.2568219156066387,
gpt-5.2,GPT-5.2,722,1.0,20,0.06633550673643467,0.0754754374192618,0.0,0.0,0.8550000000000001,0.34544928755455073,0.2648991505570453,0.7205263157894737,0.5742105263157894,0.0,0.0,0.0033217793183131137,23.0,63.15999999999999,1.0,0.0025996533795493936,18.0,71.08349206349206,0.8550000000000001,1.137783385286285,
gpt-5.2,GPT-5.2,722,2.0,20,0.07344052399567327,0.08922186806512111,0.0,0.0,0.8450000000000001,0.3573864731759469,0.29506113769271664,0.7978947368421054,0.688421052631579,0.0,0.0,0.0030329289428076256,21.0,68.34,0.985,0.002455228191796649,17.0,75.43234126984127,0.8450000000000001,1.2148860494292986,
gpt-5.2,GPT-5.2,748,0.0,20,0.0,0.0,0.0,0.0,1.0,0.03444976076555023,0.03444976076555023,0.11368421052631579,0.11368421052631579,0.8105263157894737,0.8105263157894737,0.0015886770652801848,11.0,34.970000000000006,1.0,0.0015886770652801848,11.0,34.970000000000006,1.0,,
gpt-5.2,GPT-5.2,748,0.5,20,0.0,0.0,0.0,0.0,1.0,0.18291007238375656,0.18291007238375656,0.43,0.43,0.11578947368421053,0.11578947368421053,0.002021952628538417,14.0,33.22166666666667,0.985,0.002021952628538417,14.0,33.22166666666667,0.985,,
gpt-5.2,GPT-5.2,748,1.0,20,0.0,0.0,0.0,0.0,1.0,0.2859228490807439,0.2859228490807439,0.6273684210526316,0.6273684210526316,0.015789473684210527,0.015789473684210527,0.002310803004043905,16.0,32.43277777777778,0.985,0.002310803004043905,16.0,32.43277777777778,0.985,,
gpt-5.2,GPT-5.2,748,2.0,20,0.0,0.0,0.0,0.0,1.0,0.33282857493383805,0.33282857493383805,0.6989473684210525,0.6989473684210525,0.0,0.0,0.0025996533795493936,18.0,33.272222222222226,0.99,0.0025996533795493936,18.0,33.272222222222226,0.99,,
gpt-5.2,GPT-5.2,751,0.0,20,0.0,0.0,0.0,0.0,0.99,0.37446062709220607,0.36503917135496083,0.5542105263157895,0.5542105263157895,0.07368421052631578,0.07368421052631578,0.0025996533795493936,18.0,17.00333333333333,0.97,0.002455228191796649,17.0,17.044999999999995,0.9650000000000001,,
gpt-5.2,GPT-5.2,751,0.5,20,0.0,0.0,0.0,0.0,0.95,0.41434179855232484,0.3715775160512002,0.6442105263157895,0.638421052631579,0.0,0.0,0.0027440785673021376,19.0,17.65888888888889,0.9549999999999998,0.002455228191796649,17.0,17.855416666666663,0.9299999999999999,,
gpt-5.2,GPT-5.2,751,1.0,20,0.0,0.0,0.0,0.0,0.9549999999999997,0.4313966735019366,0.39431533378901806,0.7142105263157893,0.7026315789473684,0.0,0.0,0.0030329289428076256,21.0,17.336309523809526,0.915,0.0027440785673021376,19.0,17.386170634920635,0.9,,
gpt-5.2,GPT-5.2,751,2.0,20,0.0,0.0,0.0,0.0,0.915,0.5606873003157833,0.5169249463986306,0.868421052631579,0.8373684210526317,0.0,0.0,0.003610629693818602,25.0,17.53277777777778,0.925,0.0033217793183131137,23.0,17.810297619047624,0.8750000000000002,,
gpt-5.2,GPT-5.2,774,0.0,20,0.0,0.0,0.0,0.0,0.8999999999999998,0.22353085510980247,0.24444976076555028,0.2857894736842106,0.2857894736842106,0.11052631578947368,0.11052631578947368,0.002021952628538417,14.0,67.12222222222222,0.8999999999999998,0.002021952628538417,14.0,67.12222222222222,0.8999999999999998,,
gpt-5.2,GPT-5.2,774,0.5,20,0.0,0.0,0.0,0.0,0.8999999999999998,0.2690677743309322,0.2933024869866976,0.44684210526315793,0.44684210526315793,0.05789473684210526,0.05789473684210526,0.002166377816291161,15.0,65.20555555555555,0.8999999999999998,0.002166377816291161,15.0,65.20555555555555,0.8999999999999998,,
gpt-5.2,GPT-5.2,774,1.0,20,0.0,0.0,0.0,0.0,0.9199999999999999,0.42835760730497563,0.434998334998335,0.5889473684210527,0.6094736842105264,0.015789473684210527,0.015789473684210527,0.002455228191796649,17.0,58.71944444444445,0.9199999999999999,0.002455228191796649,17.0,58.71944444444445,0.9199999999999999,,
gpt-5.2,GPT-5.2,774,2.0,20,0.0,0.0,0.0,0.0,0.9099999999999999,0.4829997659719022,0.48610106353914406,0.7178947368421055,0.6952631578947369,0.005263157894736842,0.005263157894736842,0.0028885037550548816,20.0,50.388888888888886,0.9149999999999998,0.0027440785673021376,19.0,50.89444444444444,0.9049999999999999,,
gpt-5.2,GPT-5.2,776,0.0,20,0.015773243839286438,0.07054009090064847,0.016666666666666666,0.07453559924999299,0.9099999999999998,0.3145313922403705,0.3242022670312144,0.648421052631579,0.6331578947368421,0.12105263157894737,0.12105263157894737,0.0027440785673021376,19.0,76.19499999999998,1.0,0.0025996533795493936,18.0,40.847222222222236,0.9099999999999998,4.472135954999579,4.47213595499958
gpt-5.2,GPT-5.2,776,0.5,20,0.014453241315894394,0.06463686015509675,0.01505149978319906,0.06731235335711287,0.9199999999999999,0.2760520181572813,0.2687582592845751,0.6405263157894736,0.5663157894736842,0.14736842105263157,0.14736842105263157,0.0025996533795493936,18.0,70.41000000000001,1.0,0.002455228191796649,17.0,38.81333333333333,0.9199999999999999,4.472135954999579,4.472135954999578
gpt-5.2,GPT-5.2,776,1.0,20,0.014453241315894394,0.06463686015509675,0.01505149978319906,0.06731235335711287,0.9049999999999999,0.33694901589638426,0.3568464868464869,0.6873684210526317,0.6821052631578949,0.03684210526315789,0.03684210526315789,0.0025996533795493936,18.0,77.88999999999999,1.0,0.002455228191796649,17.0,40.52277777777779,0.9049999999999999,4.472135954999579,4.472135954999578
gpt-5.2,GPT-5.2,776,2.0,20,0.01781035935540111,0.07965034844475244,0.01934264036172708,0.08650291742630577,0.9099999999999998,0.45205251404941804,0.46121838687628164,0.7694736842105264,0.7557894736842107,0.010526315789473684,0.010526315789473684,0.0033217793183131137,23.0,73.10499999999999,1.0,0.0030329289428076256,21.0,39.21722222222222,0.9099999999999998,4.47213595499958,4.4721359549995805
gpt-5.2,GPT-5.2,820,0.0,20,1.0,0.0,1.0,0.0,0.9949999999999999,0.226647037173353,0.22080603606919402,0.5547368421052632,0.5526315789473685,0.24736842105263157,0.24736842105263157,0.002310803004043905,16.0,47.30277777777776,0.9949999999999999,0.002310803004043905,16.0,47.30277777777776,0.9949999999999999,0.0,0.0
gpt-5.2,GPT-5.2,820,0.5,20,1.0,0.0,1.0,0.0,1.0,0.30574162679425837,0.30574162679425837,0.656842105263158,0.656842105263158,0.042105263157894736,0.042105263157894736,0.002310803004043905,16.0,46.394999999999996,1.0,0.002310803004043905,16.0,46.394999999999996,1.0,0.0,0.0
gpt-5.2,GPT-5.2,820,1.0,20,1.0,0.0,1.0,0.0,0.99,0.3131605236868395,0.30204286941129044,0.725263157894737,0.7205263157894739,0.02631578947368421,0.02631578947368421,0.002455228191796649,17.0,45.67055555555555,0.99,0.002455228191796649,17.0,45.67055555555555,0.99,0.0,0.0
gpt-5.2,GPT-5.2,820,2.0,20,1.0,0.0,1.0,0.0,0.99,0.35644530907688804,0.3460748900222584,0.7994736842105264,0.7994736842105264,0.005263157894736842,0.005263157894736842,0.0025996533795493936,18.0,42.61944444444444,0.9949999999999999,0.002455228191796649,17.0,42.53833333333333,0.99,0.0,0.0
gpt-5.2,GPT-5.2,829,0.0,20,0.0,0.0,0.0,0.0,0.9299999999999999,0.35069316648264015,0.3423742923742924,0.6936842105263159,0.5921052631578947,0.11578947368421053,0.11578947368421053,0.002166377816291161,15.0,30.838750000000005,0.9049999999999999,0.002021952628538417,14.0,27.61722222222222,0.835,,
gpt-5.2,GPT-5.2,829,0.5,20,0.1,0.30779350562554625,0.0,0.0,0.9199999999999999,0.40782988940883685,0.3954049459312618,0.7136842105263156,0.6821052631578947,0.031578947368421054,0.031578947368421054,0.002455228191796649,17.0,33.12722222222222,0.9249999999999998,0.002166377816291161,15.0,29.37791666666667,0.8450000000000001,3.077935056255462,
gpt-5.2,GPT-5.2,829,1.0,20,0.2,0.41039134083406165,0.0,0.0,0.9199999999999999,0.43403843318704,0.4006898145713936,0.7821052631578947,0.7394736842105263,0.005263157894736842,0.005263157894736842,0.0028885037550548816,20.0,32.11527777777778,0.9099999999999998,0.0025996533795493936,18.0,28.075555555555553,0.8350000000000002,2.051956704170308,
gpt-5.2,GPT-5.2,829,2.0,20,0.05,0.22360679774997894,0.0,0.0,0.9299999999999999,0.44167674430832327,0.43071165676428835,0.7521052631578947,0.6710526315789475,0.0,0.0,0.0025996533795493936,18.0,30.017638888888882,0.8999999999999998,0.002310803004043905,16.0,26.700277777777774,0.8300000000000001,4.472135954999579,
gpt-5.2,GPT-5.2,837,0.0,20,0.0,0.0,0.0,0.0,1.0,0.16460556986872774,0.16460556986872774,0.2631578947368421,0.2631578947368421,0.5578947368421052,0.5578947368421052,0.002021952628538417,14.0,18.130000000000006,1.0,0.002021952628538417,14.0,18.130000000000006,1.0,,
gpt-5.2,GPT-5.2,837,0.5,20,0.0,0.0,0.0,0.0,1.0,0.19064444327602223,0.19064444327602223,0.26842105263157895,0.26842105263157895,0.4105263157894737,0.4105263157894737,0.002310803004043905,16.0,18.07,1.0,0.002310803004043905,16.0,18.07,1.0,,
gpt-5.2,GPT-5.2,837,1.0,20,0.0,0.0,0.0,0.0,1.0,0.3406050090260616,0.3406050090260616,0.4405263157894737,0.4405263157894737,0.09473684210526316,0.09473684210526316,0.0030329289428076256,21.0,18.66,1.0,0.0030329289428076256,21.0,18.66,1.0,,
gpt-5.2,GPT-5.2,837,2.0,20,0.0,0.0,0.0,0.0,1.0,0.41306062358693946,0.41306062358693946,0.5694736842105262,0.5694736842105262,0.005263157894736842,0.005263157894736842,0.0031773541305603697,22.0,18.639999999999997,1.0,0.0031773541305603697,22.0,18.639999999999997,1.0,,
gpt-5.2,GPT-5.2,920,0.0,20,0.0,0.0,0.0,0.0,0.9499999999999998,0.1765427554901239,0.12759170653907492,0.491578947368421,0.6157894736842106,0.09473684210526316,0.09473684210526316,0.002021952628538417,14.0,70.94124999999998,0.99,0.001877527440785673,13.0,68.19013888888888,0.9499999999999998,,
gpt-5.2,GPT-5.2,920,0.5,20,0.0,0.0,0.0,0.0,0.9649999999999999,0.19162066004171266,0.15722181327444484,0.4773684210526316,0.6047368421052632,0.042105263157894736,0.042105263157894736,0.002166377816291161,15.0,68.345,1.0,0.002021952628538417,14.0,65.93222222222222,0.9649999999999999,,
gpt-5.2,GPT-5.2,920,1.0,20,0.0,0.0,0.0,0.0,0.985,0.2766040976567293,0.25832658569500677,0.6389473684210526,0.6799999999999999,0.010526315789473684,0.010526315789473684,0.0025996533795493936,18.0,66.74833333333332,0.99,0.002455228191796649,17.0,65.71666666666667,0.975,,
gpt-5.2,GPT-5.2,920,2.0,20,0.0,0.0,0.0,0.0,0.985,0.2918169549748497,0.2715102441418231,0.6426315789473686,0.6789473684210527,0.0,0.0,0.0034662045060658577,24.0,64.99166666666666,0.99,0.0031773541305603697,22.0,64.91277777777779,0.9799999999999999,,
gpt-5.2,GPT-5.2,957,0.0,20,0.0,0.0,0.0,0.0,1.0,0.15602642971064018,0.15602642971064018,0.47157894736842104,0.47157894736842104,0.2578947368421053,0.2578947368421053,0.002021952628538417,14.0,28.155,1.0,0.002021952628538417,14.0,28.155,1.0,,
gpt-5.2,GPT-5.2,957,0.5,20,0.0,0.0,0.0,0.0,1.0,0.12987012987012983,0.12987012987012983,0.4521052631578948,0.4521052631578948,0.24210526315789474,0.24210526315789474,0.002021952628538417,14.0,28.720000000000006,1.0,0.002021952628538417,14.0,28.720000000000006,1.0,,
gpt-5.2,GPT-5.2,957,1.0,20,0.0,0.0,0.0,0.0,1.0,0.11656413761676919,0.11656413761676919,0.6005263157894737,0.6005263157894737,0.07894736842105263,0.07894736842105263,0.002166377816291161,15.0,29.46,1.0,0.002166377816291161,15.0,29.46,1.0,,
gpt-5.2,GPT-5.2,957,2.0,20,0.0,0.0,0.0,0.0,1.0,0.20969206232364124,0.20969206232364124,0.6542105263157896,0.6542105263157896,0.02631578947368421,0.02631578947368421,0.002021952628538417,14.0,27.68,1.0,0.002021952628538417,14.0,27.68,1.0,,
infobip-gpt-4-1,GPT-4.1,83,0.0,20,0.5,0.0,0.5,0.0,1.0,0.0,0.0,0.0,0.0,1.0,1.0,0.0012998266897746968,9.0,34.88888888888889,0.8999999999999998,0.0012998266897746968,9.0,34.88888888888889,0.8999999999999998,0.0,0.0
infobip-gpt-4-1,GPT-4.1,83,0.5,20,0.6180676558073392,0.22720406457681633,0.6180676558073392,0.22720406457681633,1.0,0.07846889952153108,0.07846889952153108,0.5684210526315789,0.5684210526315789,0.005263157894736842,0.005263157894736842,0.0017331022530329288,12.0,35.65166666666667,0.925,0.0017331022530329288,12.0,35.65166666666667,0.925,0.36760387385105164,0.36760387385105164
infobip-gpt-4-1,GPT-4.1,83,1.0,20,0.5853365236392482,0.22574052588024227,0.5853365236392482,0.22574052588024227,1.0,0.13173843700159488,0.13173843700159488,0.708421052631579,0.708421052631579,0.0,0.0,0.002166377816291161,15.0,34.65,0.9399999999999998,0.002166377816291161,15.0,34.65,0.9399999999999998,0.3856593886824831,0.3856593886824831
infobip-gpt-4-1,GPT-4.1,83,2.0,20,0.6216883275266414,0.24442800811557797,0.6216883275266414,0.24442800811557797,0.97,0.46305327799135854,0.43542767174346125,0.8773684210526318,0.8757894736842107,0.0,0.0,0.004043905257076834,28.0,34.23686507936508,0.9299999999999999,0.004043905257076834,28.0,34.23686507936508,0.9299999999999999,0.39316808325487407,0.39316808325487407
infobip-gpt-4-1,GPT-4.1,86,0.0,20,0.2960819109658653,5.695323946259567e-17,0.2960819109658653,5.695323946259567e-17,1.0,0.1435406698564593,0.1435406698564593,0.3678947368421052,0.3678947368421052,0.16842105263157894,0.16842105263157894,0.001877527440785673,13.0,49.47,1.0,0.001877527440785673,13.0,49.47,1.0,1.9235636272680537e-16,1.9235636272680537e-16
infobip-gpt-4-1,GPT-4.1,86,0.5,20,0.2960819109658653,5.695323946259567e-17,0.2960819109658653,5.695323946259567e-17,1.0,0.30521233152812105,0.30521233152812105,0.4721052631578947,0.4721052631578947,0.005263157894736842,0.005263157894736842,0.0025996533795493936,18.0,45.214999999999996,1.0,0.0025996533795493936,18.0,45.214999999999996,1.0,1.9235636272680537e-16,1.9235636272680537e-16
infobip-gpt-4-1,GPT-4.1,86,1.0,20,0.2960819109658653,5.695323946259567e-17,0.2960819109658653,5.695323946259567e-17,0.985,0.47422139264244517,0.4638022503811977,0.6089473684210526,0.6005263157894737,0.0,0.0,0.004043905257076834,28.0,46.44555555555556,0.9800000000000001,0.003755054881571346,26.0,46.61277777777778,0.97,1.9235636272680537e-16,1.9235636272680537e-16
infobip-gpt-4-1,GPT-4.1,86,2.0,20,0.21228850959089735,0.1557081152628924,0.2153606369886217,0.15677478653119398,0.8550000000000001,0.7369259247487617,0.6993606904791115,0.8631578947368421,0.815263157894737,0.0,0.0,0.006065857885615251,42.0,40.259345238095236,0.845,0.005488157134604275,38.0,41.09621031746032,0.8150000000000001,0.7334740611395246,0.7279639804347205
infobip-gpt-4-1,GPT-4.1,92,0.0,20,0.0,0.0,0.0,0.0,1.0,0.18437001594896332,0.18437001594896332,0.5873684210526317,0.5873684210526317,0.02631578947368421,0.02631578947368421,0.001877527440785673,13.0,31.275,1.0,0.001877527440785673,13.0,31.275,1.0,,
infobip-gpt-4-1,GPT-4.1,92,0.5,20,0.0,0.0,0.0,0.0,1.0,0.22982456140350876,0.22982456140350876,0.7563157894736842,0.7563157894736842,0.005263157894736842,0.005263157894736842,0.002166377816291161,15.0,32.739999999999995,1.0,0.002166377816291161,15.0,32.739999999999995,1.0,,
infobip-gpt-4-1,GPT-4.1,92,1.0,20,0.0,0.0,0.0,0.0,1.0,0.30591864276074804,0.30591864276074804,0.7936842105263159,0.7936842105263159,0.0,0.0,0.0027440785673021376,19.0,32.355000000000004,1.0,0.0027440785673021376,19.0,32.355000000000004,1.0,,
infobip-gpt-4-1,GPT-4.1,92,2.0,20,0.0,0.0,0.0,0.0,0.8700000000000001,0.5969615450768702,0.5749002021370443,0.8642105263157894,0.8426315789473685,0.0,0.0,0.00389948006932409,27.0,27.85073412698413,0.8700000000000001,0.00389948006932409,27.0,27.85073412698413,0.8700000000000001,,
infobip-gpt-4-1,GPT-4.1,126,0.0,20,0.0,0.0,0.0,0.0,1.0,0.35457174404542824,0.35457174404542824,0.6468421052631579,0.6468421052631579,0.05263157894736842,0.05263157894736842,0.0027440785673021376,19.0,36.13888888888888,0.8999999999999998,0.0027440785673021376,19.0,36.13888888888888,0.8999999999999998,,
infobip-gpt-4-1,GPT-4.1,126,0.5,20,0.0,0.0,0.0,0.0,0.985,0.38786476681213533,0.37352156615314513,0.7599999999999999,0.7584210526315791,0.0,0.0,0.0031773541305603697,22.0,35.43194444444444,0.8949999999999999,0.0030329289428076256,21.0,35.59166666666666,0.885,,
infobip-gpt-4-1,GPT-4.1,126,1.0,20,0.0,0.0,0.0,0.0,0.99,0.4480501954186164,0.43972606341027387,0.8615789473684213,0.8636842105263159,0.0,0.0,0.00389948006932409,27.0,35.58541666666666,0.8899999999999999,0.00389948006932409,27.0,35.58541666666666,0.8899999999999999,,
infobip-gpt-4-1,GPT-4.1,126,2.0,20,0.0,0.0,0.0,0.0,0.8150000000000001,0.5554535978297588,0.48191482494114074,0.8821052631578948,0.8194736842105266,0.0,0.0,0.004188330444829578,29.0,36.86077380952381,0.73,0.00389948006932409,27.0,36.90410714285714,0.7200000000000001,,
infobip-gpt-4-1,GPT-4.1,181,0.0,20,0.0,0.0,0.0,0.0,0.9799999999999999,0.18437352121562645,0.16377561035455773,0.2768421052631579,0.28789473684210526,0.12631578947368421,0.12631578947368421,0.001877527440785673,13.0,40.81166666666667,0.975,0.001877527440785673,13.0,40.81166666666667,0.975,,
infobip-gpt-4-1,GPT-4.1,181,0.5,20,0.0,0.0,0.0,0.0,0.975,0.17527910685805423,0.14698564593301433,0.5068421052631578,0.4973684210526315,0.021052631578947368,0.021052631578947368,0.002021952628538417,14.0,40.669444444444444,0.975,0.002021952628538417,14.0,40.669444444444444,0.975,,
infobip-gpt-4-1,GPT-4.1,181,1.0,20,0.0,0.0,0.0,0.0,1.0,0.3935923725397409,0.3935923725397409,0.7563157894736842,0.7563157894736842,0.0,0.0,0.0030329289428076256,21.0,38.53777777777778,0.99,0.0030329289428076256,21.0,38.53777777777778,0.99,,
infobip-gpt-4-1,GPT-4.1,181,2.0,20,0.0,0.0,0.0,0.0,0.875,0.6802777021739871,0.6537769643497198,0.9031578947368423,0.876842105263158,0.0,0.0,0.005632582322357019,39.0,38.1294246031746,0.8599999999999998,0.005632582322357019,39.0,38.1294246031746,0.8599999999999998,,
infobip-gpt-4-1,GPT-4.1,197,0.0,20,0.0,0.0,0.0,0.0,1.0,0.24030180345969818,0.24030180345969818,0.4057894736842105,0.4057894736842105,0.10526315789473684,0.10526315789473684,0.002021952628538417,14.0,37.809999999999995,1.0,0.002021952628538417,14.0,37.809999999999995,1.0,,
infobip-gpt-4-1,GPT-4.1,197,0.5,20,0.0,0.0,0.0,0.0,1.0,0.3399898347266768,0.3399898347266768,0.7210526315789475,0.7210526315789475,0.015789473684210527,0.015789473684210527,0.0031773541305603697,22.0,40.83888888888889,0.9949999999999999,0.0031773541305603697,22.0,40.83888888888889,0.9949999999999999,,
infobip-gpt-4-1,GPT-4.1,197,1.0,20,0.0,0.0,0.0,0.0,1.0,0.4797338626285994,0.4797338626285994,0.826842105263158,0.826842105263158,0.0,0.0,0.0034662045060658577,24.0,38.585,0.985,0.0034662045060658577,24.0,38.585,0.985,,
infobip-gpt-4-1,GPT-4.1,197,2.0,20,0.0,0.0,0.0,0.0,0.945,0.6976755843327459,0.6938986741084672,0.9115789473684212,0.9047368421052633,0.0,0.0,0.005632582322357019,39.0,37.354166666666664,0.915,0.005632582322357019,39.0,37.354166666666664,0.915,,
infobip-gpt-4-1,GPT-4.1,367,0.0,20,0.0,0.0,0.0,0.0,1.0,0.09473684210526312,0.09473684210526312,0.41473684210526324,0.41473684210526324,0.2736842105263158,0.2736842105263158,0.0010109763142692085,7.0,1.5,0.5999999999999999,0.0010109763142692085,7.0,1.5,0.5999999999999999,,
infobip-gpt-4-1,GPT-4.1,367,0.5,20,0.0,0.0,0.0,0.0,1.0,0.13978652926021343,0.13978652926021343,0.5305263157894736,0.5305263157894736,0.005263157894736842,0.005263157894736842,0.0011554015020219526,8.0,1.4978571428571428,0.6049999999999999,0.0011554015020219526,8.0,1.4978571428571428,0.6049999999999999,,
infobip-gpt-4-1,GPT-4.1,367,1.0,20,0.0,0.0,0.0,0.0,1.0,0.22171687961161646,0.22171687961161646,0.6542105263157895,0.6542105263157895,0.005263157894736842,0.005263157894736842,0.0017331022530329288,12.0,1.5826190476190476,0.6049999999999999,0.0017331022530329288,12.0,1.5826190476190476,0.6049999999999999,,
infobip-gpt-4-1,GPT-4.1,367,2.0,20,0.009228784838978408,0.04127238049935034,0.009228784838978408,0.04127238049935034,0.9199999999999999,0.4588453943717102,0.42653516074568704,0.798421052631579,0.7847368421052633,0.0,0.0,0.0031773541305603697,22.0,1.7855357142857144,0.585,0.0028885037550548816,20.0,1.7292857142857145,0.575,4.47213595499958,4.47213595499958
infobip-gpt-4-1,GPT-4.1,400,0.0,20,0.0,0.0,0.0,0.0,0.99,0.06586921850079744,0.05253588516746411,0.11789473684210527,0.06789473684210527,0.7210526315789474,0.7210526315789474,0.0015886770652801848,11.0,22.270000000000003,0.99,0.0015886770652801848,11.0,22.270000000000003,0.99,,
infobip-gpt-4-1,GPT-4.1,400,0.5,20,0.0,0.0,0.0,0.0,0.95,0.2727307779939359,0.22514456303929986,0.6931578947368422,0.5657894736842105,0.0,0.0,0.001877527440785673,13.0,22.04486111111111,0.915,0.001877527440785673,13.0,22.04486111111111,0.915,,
infobip-gpt-4-1,GPT-4.1,400,1.0,20,0.03526877659646148,0.08765962265776148,0.03526877659646148,0.08765962265776148,0.9400000000000001,0.354577001945423,0.31069404279930596,0.7768421052631577,0.6826315789473684,0.0,0.0,0.002166377816291161,15.0,22.056309523809524,0.875,0.002166377816291161,15.0,22.056309523809524,0.875,2.485473870011028,2.485473870011028
infobip-gpt-4-1,GPT-4.1,400,2.0,20,0.04882584623726774,0.08705692971322707,0.05189948237863928,0.09272130393906376,0.7700000000000001,0.6986323768251013,0.668822773373857,0.8794736842105264,0.8178947368421051,0.0,0.005263157894736842,0.0034662045060658577,24.0,22.685714285714283,0.6900000000000002,0.0030329289428076256,21.0,22.50079365079365,0.675,1.783009131888396,1.7865554662492331
infobip-gpt-4-1,GPT-4.1,421,0.0,20,0.008861964339202387,0.039631909353271086,0.008861964339202387,0.039631909353271086,1.0,0.18678689731321305,0.18678689731321305,0.37894736842105264,0.37894736842105264,0.13157894736842105,0.13157894736842105,0.002021952628538417,14.0,25.134999999999998,1.0,0.002021952628538417,14.0,25.134999999999998,1.0,4.47213595499958,4.47213595499958
infobip-gpt-4-1,GPT-4.1,421,0.5,20,0.027395248859268317,0.06697655126767654,0.027395248859268317,0.06697655126767654,1.0,0.24504968715495032,0.24504968715495032,0.6073684210526316,0.6073684210526316,0.0,0.0,0.002455228191796649,17.0,23.890000000000004,1.0,0.002455228191796649,17.0,23.890000000000004,1.0,2.444823611997127,2.444823611997127
infobip-gpt-4-1,GPT-4.1,421,1.0,20,0.05353860653499034,0.08392018888459078,0.05353860653499034,0.08392018888459078,1.0,0.45448016895385324,0.45448016895385324,0.7889473684210525,0.7889473684210525,0.0,0.0,0.0034662045060658577,24.0,20.505,1.0,0.0034662045060658577,24.0,20.505,1.0,1.5674705472534938,1.5674705472534938
infobip-gpt-4-1,GPT-4.1,421,2.0,20,0.030393170158530734,0.07490885601965926,0.030393170158530734,0.07490885601965926,0.76,0.8160053085798564,0.7944895468308779,0.8673684210526319,0.8063157894736844,0.0,0.0,0.006787983824378971,47.0,20.3369246031746,0.775,0.006354708261120739,44.0,19.989702380952384,0.76,2.4646608310003453,2.4646608310003453
infobip-gpt-4-1,GPT-4.1,427,0.0,20,0.0,0.0,0.0,0.0,1.0,0.03444976076555023,0.03444976076555023,0.6057894736842105,0.6057894736842105,0.08421052631578947,0.08421052631578947,0.0014442518775274408,10.0,27.03333333333334,0.8999999999999998,0.0014442518775274408,10.0,27.03333333333334,0.8999999999999998,,
infobip-gpt-4-1,GPT-4.1,427,0.5,20,0.0,0.0,0.0,0.0,1.0,0.12663476874003188,0.12663476874003188,0.6957894736842105,0.6957894736842105,0.0,0.0,0.0017331022530329288,12.0,27.422222222222224,0.8999999999999998,0.0017331022530329288,12.0,27.422222222222224,0.8999999999999998,,
infobip-gpt-4-1,GPT-4.1,427,1.0,20,0.0,0.0,0.0,0.0,1.0,0.27722102458944564,0.27722102458944564,0.8184210526315789,0.8184210526315789,0.0,0.0,0.0025996533795493936,18.0,25.327777777777776,0.8999999999999998,0.0025996533795493936,18.0,25.327777777777776,0.8999999999999998,,
infobip-gpt-4-1,GPT-4.1,427,2.0,20,0.0,0.0,0.0,0.0,0.8799999999999999,0.6005510313559849,0.5667852177062703,0.8600000000000002,0.8321052631578949,0.0,0.0,0.004766031195840554,33.0,19.77986111111111,0.8100000000000002,0.004188330444829578,29.0,20.073214285714286,0.7850000000000001,,
infobip-gpt-4-1,GPT-4.1,442,0.0,20,0.0,0.0,0.0,0.0,1.0,0.26325253693674744,0.26325253693674744,0.5810526315789474,0.5810526315789474,0.06315789473684211,0.06315789473684211,0.002021952628538417,14.0,15.688888888888888,0.8999999999999998,0.002021952628538417,14.0,15.688888888888888,0.8999999999999998,,
infobip-gpt-4-1,GPT-4.1,442,0.5,20,0.0,0.0,0.0,0.0,1.0,0.362155388471178,0.362155388471178,0.7689473684210526,0.7689473684210526,0.0,0.0,0.0025996533795493936,18.0,15.466666666666669,0.8999999999999998,0.0025996533795493936,18.0,15.466666666666669,0.8999999999999998,,
infobip-gpt-4-1,GPT-4.1,442,1.0,20,0.0,0.0,0.0,0.0,0.9949999999999999,0.46845785793154215,0.4640973938342359,0.8342105263157895,0.8326315789473684,0.0,0.0,0.0033217793183131137,23.0,18.033333333333335,0.8999999999999998,0.0031773541305603697,22.0,18.011805555555558,0.8949999999999999,,
infobip-gpt-4-1,GPT-4.1,442,2.0,20,0.0,0.0,0.0,0.0,0.82,0.7869475313128566,0.7679272116772118,0.9389473684210529,0.9100000000000001,0.0,0.0,0.006210283073367995,43.0,22.10458333333333,0.735,0.006065857885615251,42.0,22.212916666666665,0.7300000000000001,,
infobip-gpt-4-1,GPT-4.1,445,0.0,20,0.3094822457876333,0.1587610422664043,0.0,0.0,0.9199999999999999,0.13706293706293704,0.11749601275917064,0.4252631578947369,0.4410526315789474,0.11052631578947368,0.11052631578947368,0.001877527440785673,13.0,20.789999999999996,1.0,0.0017331022530329288,12.0,20.866666666666667,0.9199999999999999,0.512989176042577,
infobip-gpt-4-1,GPT-4.1,445,0.5,20,0.3288248861493604,0.1417225775732991,0.0,0.0,0.915,0.19699423383633907,0.18984848484848488,0.5673684210526315,0.5673684210526316,0.010526315789473684,0.010526315789473684,0.002166377816291161,15.0,20.304999999999996,1.0,0.002021952628538417,14.0,20.337222222222223,0.915,0.43099711592061557,
infobip-gpt-4-1,GPT-4.1,445,1.0,20,0.2901396054259062,0.17186386966750142,0.0,0.0,0.9049999999999999,0.27850044692149956,0.2398675009201325,0.6484210526315789,0.6057894736842105,0.0,0.0,0.002166377816291161,15.0,20.41944444444444,0.985,0.001877527440785673,13.0,20.18402777777778,0.9049999999999999,0.5923488777590924,
infobip-gpt-4-1,GPT-4.1,445,2.0,20,0.17737056144690833,0.23176930515447414,0.0,0.0,0.685,0.6904317792630486,0.633446568051831,0.8226315789473685,0.6963157894736842,0.0,0.005263157894736842,0.0031773541305603697,22.0,19.71738095238095,0.74,0.0025996533795493936,18.0,19.740654761904764,0.685,1.3066954474508374,
infobip-gpt-4-1,GPT-4.1,495,0.0,20,0.39038004999210163,5.695323946259567e-17,0.0,0.0,0.8999999999999998,0.14496380812170281,0.15861244019138754,0.4189473684210527,0.4189473684210527,0.14736842105263157,0.14736842105263157,0.002021952628538417,14.0,23.16,1.0,0.001877527440785673,13.0,25.622222222222224,0.8999999999999998,1.4589177767600568e-16,
infobip-gpt-4-1,GPT-4.1,495,0.5,20,0.35134204499289146,0.12015644411334496,0.0,0.0,0.8799999999999999,0.3419799498746868,0.3289676843624213,0.6936842105263159,0.6784210526315789,0.010526315789473684,0.010526315789473684,0.0025996533795493936,18.0,24.116666666666667,0.9800000000000001,0.002310803004043905,16.0,26.582678571428573,0.8799999999999999,0.34199278402838473,
infobip-gpt-4-1,GPT-4.1,495,1.0,20,0.29278503749407625,0.17343088838426984,0.0,0.0,0.9,0.5447029492695127,0.5416585826454248,0.8447368421052633,0.8442105263157896,0.0,0.0,0.003610629693818602,25.0,26.830000000000002,0.9799999999999999,0.0033217793183131137,23.0,29.116170634920632,0.9,0.5923488777590924,
infobip-gpt-4-1,GPT-4.1,495,2.0,20,0.30510015693111275,0.18879041298260302,0.0,0.0,0.6500000000000001,0.8162443358878914,0.8043760041128462,0.9084210526315792,0.7626315789473683,0.0,0.0,0.008376660889659156,58.0,27.85297619047619,0.825,0.005777007510109763,40.0,33.38769841269841,0.6500000000000001,0.6187817629514665,
infobip-gpt-4-1,GPT-4.1,506,0.0,20,1.0,0.0,1.0,0.0,1.0,0.3078745815587921,0.3078745815587921,0.5036842105263157,0.5036842105263157,0.042105263157894736,0.042105263157894736,0.001877527440785673,13.0,9.028571428571428,0.7950000000000002,0.001877527440785673,13.0,9.028571428571428,0.7950000000000002,0.0,0.0
infobip-gpt-4-1,GPT-4.1,506,0.5,20,1.0,0.0,1.0,0.0,1.0,0.35882187987451153,0.35882187987451153,0.6426315789473683,0.6426315789473683,0.0,0.0,0.002021952628538417,14.0,9.648214285714285,0.7850000000000001,0.002021952628538417,14.0,9.648214285714285,0.7850000000000001,0.0,0.0
infobip-gpt-4-1,GPT-4.1,506,1.0,20,1.0,0.0,1.0,0.0,0.9949999999999999,0.447625619994041,0.4428489054804844,0.7526315789473684,0.7547368421052632,0.0,0.0,0.0030329289428076256,21.0,8.620932539682538,0.7700000000000002,0.0028885037550548816,20.0,8.653075396825395,0.7650000000000001,0.0,0.0
infobip-gpt-4-1,GPT-4.1,506,2.0,20,1.0,0.0,1.0,0.0,0.825,0.651190249379104,0.5926085700505205,0.8000000000000002,0.7536842105263158,0.0,0.0,0.003610629693818602,25.0,10.613293650793652,0.665,0.0034662045060658577,24.0,10.746210317460317,0.655,0.0,0.0
infobip-gpt-4-1,GPT-4.1,515,0.0,20,0.25724053751548215,0.06250044248948408,0.25724053751548215,0.06250044248948408,1.0,0.32789666473877005,0.32789666473877005,0.5605263157894737,0.5605263157894737,0.04736842105263158,0.04736842105263158,0.002021952628538417,14.0,43.95833333333333,0.9599999999999997,0.002021952628538417,14.0,43.95833333333333,0.9599999999999997,0.24296498169819936,0.24296498169819936
infobip-gpt-4-1,GPT-4.1,515,0.5,20,0.23822201115136518,0.08540886611133576,0.23822201115136518,0.08540886611133576,0.9949999999999999,0.3585589848747744,0.3544924373871743,0.6168421052631579,0.6152631578947368,0.0,0.0,0.002166377816291161,15.0,44.19555555555555,0.9499999999999998,0.002021952628538417,14.0,43.81847222222222,0.945,0.3585263414515771,0.3585263414515771
infobip-gpt-4-1,GPT-4.1,515,1.0,20,0.23233393989181303,0.1040261394963088,0.23233393989181303,0.1040261394963088,0.9949999999999999,0.3915014809751652,0.3879252326620748,0.651578947368421,0.6605263157894736,0.0,0.0,0.0027440785673021376,19.0,43.88722222222222,0.9299999999999999,0.0025996533795493936,18.0,43.404583333333335,0.925,0.44774405127700617,0.44774405127700617
infobip-gpt-4-1,GPT-4.1,515,2.0,20,0.1323451487777088,0.15828872797561291,0.13368866926787354,0.15933610410935903,0.845,0.6259713059558262,0.6075718652692337,0.8236842105263161,0.8089473684210527,0.0,0.005263157894736842,0.0031773541305603697,22.0,39.377698412698415,0.795,0.0030329289428076256,21.0,38.3929761904762,0.785,1.1960296953648053,1.1918444919972644
infobip-gpt-4-1,GPT-4.1,544,0.0,20,0.0,0.0,0.0,0.0,1.0,0.28125383388541286,0.28125383388541286,0.38578947368421057,0.38578947368421057,0.04736842105263158,0.04736842105263158,0.002021952628538417,14.0,34.419999999999995,1.0,0.002021952628538417,14.0,34.419999999999995,1.0,,
infobip-gpt-4-1,GPT-4.1,544,0.5,20,0.0,0.0,0.0,0.0,1.0,0.33978127136021874,0.33978127136021874,0.5736842105263158,0.5736842105263158,0.0,0.0,0.002455228191796649,17.0,29.704999999999995,1.0,0.002455228191796649,17.0,29.704999999999995,1.0,,
infobip-gpt-4-1,GPT-4.1,544,1.0,20,0.0,0.0,0.0,0.0,1.0,0.4780355609302977,0.4780355609302977,0.7305263157894737,0.7305263157894737,0.0,0.0,0.0034662045060658577,24.0,30.722777777777775,0.9949999999999999,0.0034662045060658577,24.0,30.722777777777775,0.9949999999999999,,
infobip-gpt-4-1,GPT-4.1,544,2.0,20,0.0,0.0,0.0,0.0,0.835,0.6871916568123999,0.6601765511750032,0.8463157894736845,0.8152631578947369,0.0,0.0,0.004766031195840554,33.0,22.759523809523806,0.8400000000000001,0.004043905257076834,28.0,23.173412698412697,0.8150000000000001,,
infobip-gpt-4-1,GPT-4.1,636,0.0,20,0.5824898331271855,0.1371038803236732,0.0,0.0,0.775,0.4385111534492339,0.45952348820769867,0.5542105263157895,0.4689473684210526,0.06842105263157895,0.06842105263157895,0.0028885037550548816,20.0,28.52888888888889,0.9949999999999999,0.002455228191796649,17.0,29.801984126984127,0.775,0.2353755765789252,
infobip-gpt-4-1,GPT-4.1,636,0.5,20,0.5518324734889125,0.188722723925743,0.0,0.0,0.805,0.5377592737499859,0.5427287040444936,0.6405263157894737,0.5278947368421053,0.0,0.0,0.003610629693818602,25.0,27.744444444444447,0.9899999999999999,0.0030329289428076256,21.0,29.05634920634921,0.805,0.34199278402838473,
infobip-gpt-4-1,GPT-4.1,636,1.0,20,0.5824898331271855,0.1371038803236732,0.0,0.0,0.655,0.6220395961108035,0.6228176209755156,0.7121052631578948,0.531578947368421,0.0,0.031578947368421054,0.00462160600808781,32.0,24.231944444444444,0.9499999999999998,0.003610629693818602,25.0,26.274404761904766,0.655,0.2353755765789252,
infobip-gpt-4-1,GPT-4.1,636,2.0,20,0.5211751138506396,0.22462497095922412,0.0,0.0,0.47000000000000003,0.758787115447332,0.6925282320019163,0.8273684210526316,0.47421052631578947,0.0,0.0,0.005632582322357019,39.0,20.434781746031746,0.7450000000000001,0.003610629693818602,25.0,15.826250000000002,0.4600000000000001,0.4309971159206155,
infobip-gpt-4-1,GPT-4.1,640,0.0,20,0.0,0.0,0.0,0.0,0.975,0.28789850500376823,0.2649231470284102,0.5857894736842104,0.6036842105263157,0.05263157894736842,0.05263157894736842,0.002455228191796649,17.0,28.209444444444443,0.9800000000000001,0.002310803004043905,16.0,28.30833333333333,0.975,,
infobip-gpt-4-1,GPT-4.1,640,0.5,20,0.0,0.0,0.0,0.0,0.9799999999999999,0.34919685577580317,0.3324271342692395,0.7736842105263158,0.7689473684210526,0.0,0.0,0.002455228191796649,17.0,25.97222222222222,0.9799999999999999,0.002455228191796649,17.0,25.97222222222222,0.9799999999999999,,
infobip-gpt-4-1,GPT-4.1,640,1.0,20,0.0,0.0,0.0,0.0,0.9799999999999999,0.4884398367370503,0.47654604167762066,0.8426315789473685,0.8547368421052634,0.0,0.0,0.0033217793183131137,23.0,25.119999999999997,0.9799999999999999,0.0033217793183131137,23.0,25.119999999999997,0.9799999999999999,,
infobip-gpt-4-1,GPT-4.1,640,2.0,20,0.0,0.0,0.0,0.0,0.775,0.6947142567614705,0.6693453330295436,0.8778947368421053,0.8231578947368421,0.0,0.0,0.004043905257076834,28.0,23.72496031746032,0.7750000000000001,0.00389948006932409,27.0,23.91513888888889,0.77,,
infobip-gpt-4-1,GPT-4.1,681,0.0,20,0.0,0.0,0.0,0.0,1.0,0.2317997791682003,0.2317997791682003,0.44684210526315793,0.44684210526315793,0.08421052631578947,0.08421052631578947,0.002166377816291161,15.0,28.855000000000008,1.0,0.002166377816291161,15.0,28.855000000000008,1.0,,
infobip-gpt-4-1,GPT-4.1,681,0.5,20,0.0,0.0,0.0,0.0,1.0,0.3764691448901976,0.3764691448901976,0.7068421052631578,0.7068421052631578,0.0,0.0,0.0028885037550548816,20.0,29.475,1.0,0.0028885037550548816,20.0,29.475,1.0,,
infobip-gpt-4-1,GPT-4.1,681,1.0,20,0.0,0.0,0.0,0.0,0.99,0.5280224161803109,0.5215458225984543,0.7536842105263157,0.7536842105263157,0.0,0.0,0.004043905257076834,28.0,26.119999999999997,1.0,0.003755054881571346,26.0,26.25444444444444,0.99,,
infobip-gpt-4-1,GPT-4.1,681,2.0,20,0.0,0.0,0.0,0.0,0.805,0.7412192838121631,0.6922413516995561,0.906842105263158,0.8089473684210527,0.0,0.0,0.005632582322357019,39.0,27.378055555555555,0.8300000000000001,0.004766031195840554,33.0,27.534424603174603,0.8,,
infobip-gpt-4-1,GPT-4.1,705,0.0,20,0.0,0.0,0.0,0.0,1.0,0.2966629861366704,0.2966629861366704,0.4673684210526315,0.4673684210526315,0.05789473684210526,0.05789473684210526,0.002021952628538417,14.0,10.099305555555556,0.865,0.002021952628538417,14.0,10.099305555555556,0.865,,
infobip-gpt-4-1,GPT-4.1,705,0.5,20,0.0,0.0,0.0,0.0,1.0,0.38181292391818716,0.38181292391818716,0.7394736842105263,0.7394736842105263,0.0,0.0,0.0025996533795493936,18.0,11.790218253968254,0.8550000000000001,0.0025996533795493936,18.0,11.790218253968254,0.8550000000000001,,
infobip-gpt-4-1,GPT-4.1,705,1.0,20,0.0,0.0,0.0,0.0,0.985,0.5499006411545111,0.5418267478135899,0.8010526315789473,0.7968421052631579,0.0,0.0,0.0034662045060658577,24.0,11.284126984126985,0.8250000000000002,0.0033217793183131137,23.0,10.849801587301588,0.8099999999999999,,
infobip-gpt-4-1,GPT-4.1,705,2.0,20,0.0,0.0,0.0,0.0,0.7099999999999999,0.7471454203691047,0.6936884898727005,0.8378947368421055,0.7573684210526318,0.0,0.0,0.004043905257076834,28.0,11.53936507936508,0.5850000000000001,0.00389948006932409,27.0,11.253551587301589,0.575,,
infobip-gpt-4-1,GPT-4.1,722,0.0,20,0.0,0.0,0.0,0.0,1.0,0.08229665071770333,0.08229665071770333,0.4963157894736841,0.4963157894736841,0.08421052631578947,0.08421052631578947,0.0017331022530329288,12.0,75.05499999999998,1.0,0.0017331022530329288,12.0,75.05499999999998,1.0,,
infobip-gpt-4-1,GPT-4.1,722,0.5,20,0.0,0.0,0.0,0.0,0.9949999999999999,0.19218500797448163,0.18523125996810205,0.7136842105263159,0.7136842105263159,0.0,0.0,0.001877527440785673,13.0,76.92499999999998,1.0,0.0017331022530329288,12.0,77.17722222222221,0.9949999999999999,,
infobip-gpt-4-1,GPT-4.1,722,1.0,20,0.0,0.0,0.0,0.0,0.99,0.2809155756524178,0.2715070017701597,0.7799999999999999,0.771578947368421,0.0,0.0,0.002455228191796649,17.0,78.625,1.0,0.002310803004043905,16.0,79.11444444444444,0.99,,
infobip-gpt-4-1,GPT-4.1,722,2.0,20,0.006782598671622389,0.030332703387694875,0.0,0.0,0.795,0.6390003615235813,0.6043875276770013,0.8610526315789475,0.8200000000000002,0.0,0.005263157894736842,0.003610629693818602,25.0,88.19910714285713,0.8099999999999999,0.0031773541305603697,22.0,88.74813492063493,0.79,4.4721359549995805,
infobip-gpt-4-1,GPT-4.1,748,0.0,20,0.18206148551056348,0.15257423900293557,0.18206148551056348,0.15257423900293557,1.0,0.10430622009569375,0.10430622009569375,0.26842105263157895,0.26842105263157895,0.18421052631578946,0.18421052631578946,0.0017331022530329288,12.0,32.81111111111112,0.8999999999999998,0.0017331022530329288,12.0,32.81111111111112,0.8999999999999998,0.838036878448314,0.838036878448314
infobip-gpt-4-1,GPT-4.1,748,0.5,20,0.09306455958760762,0.14622550565925432,0.09306455958760762,0.14622550565925432,1.0,0.27728236675605095,0.27728236675605095,0.6657894736842105,0.6657894736842105,0.0,0.0,0.002166377816291161,15.0,33.347500000000004,0.9049999999999999,0.002166377816291161,15.0,33.347500000000004,0.9049999999999999,1.571226536795706,1.571226536795706
infobip-gpt-4-1,GPT-4.1,748,1.0,20,0.030824743622485495,0.0949054516727742,0.030824743622485495,0.0949054516727742,1.0,0.41983630404683037,0.41983630404683037,0.8173684210526316,0.8173684210526316,0.0,0.0,0.0028885037550548816,20.0,35.84444444444445,0.9399999999999998,0.0028885037550548816,20.0,35.84444444444445,0.9399999999999998,3.0788723771750766,3.0788723771750766
infobip-gpt-4-1,GPT-4.1,748,2.0,20,0.0,0.0,0.0,0.0,0.8000000000000002,0.7674842353435314,0.7272654834845237,0.9110526315789474,0.8331578947368422,0.0,0.0,0.004766031195840554,33.0,36.55287698412698,0.7750000000000001,0.00462160600808781,32.0,36.93730158730159,0.76,,
infobip-gpt-4-1,GPT-4.1,751,0.0,20,0.0,0.0,0.0,0.0,0.96,0.22305413884361253,0.18469840101419047,0.6357894736842105,0.6047368421052632,0.03684210526315789,0.03684210526315789,0.0017331022530329288,12.0,16.04309523809524,0.865,0.0017331022530329288,12.0,16.04309523809524,0.865,,
infobip-gpt-4-1,GPT-4.1,751,0.5,20,0.0,0.0,0.0,0.0,0.985,0.35563383984436614,0.3416112834533888,0.711578947368421,0.6921052631578948,0.0,0.0,0.002455228191796649,17.0,16.838670634920636,0.8949999999999999,0.002455228191796649,17.0,16.838670634920636,0.8949999999999999,,
infobip-gpt-4-1,GPT-4.1,751,1.0,20,0.0,0.0,0.0,0.0,0.945,0.5081760344918239,0.472534716745243,0.8184210526315789,0.7842105263157896,0.0,0.0,0.0031773541305603697,22.0,16.496626984126983,0.8949999999999998,0.0028885037550548816,20.0,16.566626984126984,0.885,,
infobip-gpt-4-1,GPT-4.1,751,2.0,20,0.0,0.0,0.0,0.0,0.7300000000000001,0.7736253667213421,0.7386323617902566,0.9042105263157896,0.7942105263157895,0.0,0.005263157894736842,0.005199306759098787,36.0,15.64488536155203,0.6900000000000002,0.004910456383593298,34.0,15.17696208112875,0.68,,
infobip-gpt-4-1,GPT-4.1,774,0.0,20,0.0,0.0,0.0,0.0,1.0,0.018181818181818174,0.018181818181818174,0.010000000000000002,0.010000000000000002,0.9,0.9,0.0014442518775274408,10.0,64.77777777777776,0.8999999999999998,0.0014442518775274408,10.0,64.77777777777776,0.8999999999999998,,
infobip-gpt-4-1,GPT-4.1,774,0.5,20,0.0,0.0,0.0,0.0,0.9949999999999999,0.27487775382512225,0.2703726098462941,0.5021052631578947,0.5021052631578947,0.04736842105263158,0.04736842105263158,0.0025996533795493936,18.0,62.53444444444443,0.9099999999999999,0.002455228191796649,17.0,62.752222222222215,0.9049999999999999,,
infobip-gpt-4-1,GPT-4.1,774,1.0,20,0.0,0.0,0.0,0.0,0.985,0.41162696952170635,0.3965764060500903,0.7278947368421054,0.7257894736842104,0.0,0.0,0.0033217793183131137,23.0,51.63555555555555,0.9299999999999999,0.0030329289428076256,21.0,52.19875,0.915,,
infobip-gpt-4-1,GPT-4.1,774,2.0,20,0.0,0.0,0.0,0.0,0.8550000000000001,0.7075309118669066,0.6811698780235932,0.8563157894736845,0.8078947368421052,0.0,0.0,0.004332755632582322,30.0,55.018472222222215,0.875,0.003610629693818602,25.0,56.47454365079365,0.8150000000000001,,
infobip-gpt-4-1,GPT-4.1,776,0.0,20,0.0,0.0,0.0,0.0,0.6999999999999998,0.13987240829346087,0.19152046783625734,0.21736842105263157,0.21736842105263157,0.2,0.2,0.001877527440785673,13.0,91.73,1.0,0.0014442518775274408,10.0,52.471428571428575,0.6999999999999998,,
infobip-gpt-4-1,GPT-4.1,776,0.5,20,0.0,0.0,0.0,0.0,0.6999999999999998,0.24183009972483657,0.31939659755449235,0.498421052631579,0.498421052631579,0.015789473684210527,0.015789473684210527,0.002021952628538417,14.0,89.83999999999999,1.0,0.0015886770652801848,11.0,49.77142857142857,0.6999999999999998,,
infobip-gpt-4-1,GPT-4.1,776,1.0,20,0.0,0.0,0.0,0.0,0.6999999999999998,0.3385320819531345,0.4437790864106654,0.5642105263157896,0.5642105263157896,0.0,0.0,0.0028885037550548816,20.0,91.58500000000001,1.0,0.002455228191796649,17.0,52.26428571428571,0.6999999999999998,,
infobip-gpt-4-1,GPT-4.1,776,2.0,20,0.02153382790366965,0.09630220601677428,0.05,0.22360679774997894,0.59,0.5901885541359225,0.7500948904896273,0.6626315789473686,0.6310526315789474,0.0,0.0,0.004043905257076834,28.0,105.6520238095238,0.8800000000000001,0.003610629693818602,25.0,54.83959899749374,0.59,4.47213595499958,4.472135954999579
infobip-gpt-4-1,GPT-4.1,820,0.0,20,0.4021911200281396,0.02144561196193399,0.4021911200281396,0.02144561196193399,1.0,0.16953748006379588,0.16953748006379588,0.3547368421052632,0.3547368421052632,0.21052631578947367,0.21052631578947367,0.0017331022530329288,12.0,40.72999999999999,1.0,0.0017331022530329288,12.0,40.72999999999999,1.0,0.05332194296192699,0.05332194296192699
infobip-gpt-4-1,GPT-4.1,820,0.5,20,0.44222331310770374,0.14927794700064337,0.44222331310770374,0.14927794700064337,1.0,0.30522985786143686,0.30522985786143686,0.684736842105263,0.684736842105263,0.0,0.0,0.002455228191796649,17.0,42.3,1.0,0.002455228191796649,17.0,42.3,1.0,0.3375623640273498,0.3375623640273498
infobip-gpt-4-1,GPT-4.1,820,1.0,20,0.4688020234563841,0.20312673216944438,0.4688020234563841,0.20312673216944438,1.0,0.3750512645249487,0.3750512645249487,0.7426315789473685,0.7426315789473685,0.0,0.0,0.0030329289428076256,21.0,42.53,1.0,0.0030329289428076256,21.0,42.53,1.0,0.4332889407597505,0.4332889407597505
infobip-gpt-4-1,GPT-4.1,820,2.0,20,0.42128882277788443,0.2687562355975371,0.429872425972572,0.2716117184708386,0.9049999999999999,0.5971182158914357,0.561454189085768,0.9026315789473686,0.8794736842105266,0.0,0.0,0.00462160600808781,32.0,49.720059523809525,0.9049999999999999,0.004477180820335066,31.0,49.6878373015873,0.9,0.6379382054938426,0.6318426166933739
infobip-gpt-4-1,GPT-4.1,829,0.0,20,0.0,0.0,0.0,0.0,1.0,0.22143499775078723,0.22143499775078723,0.20842105263157895,0.20842105263157895,0.7157894736842105,0.7157894736842105,0.0025996533795493936,18.0,10.223055555555558,0.9800000000000001,0.0025996533795493936,18.0,10.223055555555558,0.9800000000000001,,
infobip-gpt-4-1,GPT-4.1,829,0.5,20,0.0,0.0,0.0,0.0,1.0,0.4513937043348808,0.4513937043348808,0.421578947368421,0.421578947368421,0.23684210526315788,0.23684210526315788,0.0028885037550548816,20.0,12.792777777777781,0.96,0.0028885037550548816,20.0,12.792777777777781,0.96,,
infobip-gpt-4-1,GPT-4.1,829,1.0,20,0.0,0.0,0.0,0.0,1.0,0.5809846156595382,0.5809846156595382,0.6789473684210526,0.6789473684210526,0.005263157894736842,0.005263157894736842,0.003755054881571346,26.0,15.00388888888889,0.9549999999999998,0.003755054881571346,26.0,15.00388888888889,0.9549999999999998,,
infobip-gpt-4-1,GPT-4.1,829,2.0,20,0.0,0.0,0.0,0.0,0.845,0.7387570994536939,0.7073435250679833,0.8642105263157898,0.8231578947368423,0.0,0.0,0.004766031195840554,33.0,15.689424603174604,0.765,0.004477180820335066,31.0,15.443888888888889,0.7550000000000001,,
infobip-gpt-4-1,GPT-4.1,837,0.0,20,0.0,0.0,0.0,0.0,1.0,0.09122807017543857,0.09122807017543857,0.2968421052631579,0.2968421052631579,0.5578947368421052,0.5578947368421052,0.001877527440785673,13.0,22.01,1.0,0.001877527440785673,13.0,22.01,1.0,,
infobip-gpt-4-1,GPT-4.1,837,0.5,20,0.0,0.0,0.0,0.0,1.0,0.3596508754403492,0.3596508754403492,0.7773684210526315,0.7773684210526315,0.0,0.0,0.0027440785673021376,19.0,18.009999999999998,1.0,0.0027440785673021376,19.0,18.009999999999998,1.0,,
infobip-gpt-4-1,GPT-4.1,837,1.0,20,0.0,0.0,0.0,0.0,1.0,0.5354452564978881,0.5354452564978881,0.808421052631579,0.808421052631579,0.0,0.0,0.003755054881571346,26.0,20.740000000000002,1.0,0.003755054881571346,26.0,20.740000000000002,1.0,,
infobip-gpt-4-1,GPT-4.1,837,2.0,20,0.0,0.0,0.0,0.0,0.705,0.7673404313264994,0.7285091087103471,0.8094736842105263,0.7321052631578947,0.0,0.0,0.005488157134604275,38.0,19.661924603174604,0.6950000000000001,0.005054881571346043,35.0,19.71986111111111,0.68,,
infobip-gpt-4-1,GPT-4.1,920,0.0,20,0.0,0.0,0.0,0.0,0.97,0.29261440314071896,0.2742264752791069,0.5457894736842105,0.5263157894736842,0.21052631578947367,0.21052631578947367,0.002021952628538417,14.0,52.438750000000006,0.97,0.002021952628538417,14.0,52.438750000000006,0.97,,
infobip-gpt-4-1,GPT-4.1,920,0.5,20,0.0,0.0,0.0,0.0,0.9400000000000001,0.4122438964544228,0.38380520064730594,0.6889473684210526,0.6889473684210526,0.0,0.0,0.0031773541305603697,22.0,52.32125,0.9400000000000001,0.0031773541305603697,22.0,52.32125,0.9400000000000001,,
infobip-gpt-4-1,GPT-4.1,920,1.0,20,0.0,0.0,0.0,0.0,0.97,0.5653101284680232,0.5484536224009908,0.8557894736842107,0.8542105263157895,0.0,0.0,0.004188330444829578,29.0,46.72625,0.97,0.004188330444829578,29.0,46.72625,0.97,,
infobip-gpt-4-1,GPT-4.1,920,2.0,20,0.0,0.0,0.0,0.0,0.72,0.7608501560359145,0.7313066684777211,0.893157894736842,0.8131578947368421,0.0,0.0,0.005343731946851531,37.0,47.54992063492064,0.7350000000000001,0.004766031195840554,33.0,47.046031746031744,0.7150000000000001,,
infobip-gpt-4-1,GPT-4.1,957,0.0,20,0.0,0.0,0.0,0.0,1.0,0.16909581646423746,0.16909581646423746,0.4810526315789474,0.4810526315789474,0.06842105263157895,0.06842105263157895,0.002021952628538417,14.0,21.76,1.0,0.002021952628538417,14.0,21.76,1.0,,
infobip-gpt-4-1,GPT-4.1,957,0.5,20,0.0,0.0,0.0,0.0,1.0,0.21977671451355657,0.21977671451355657,0.5926315789473684,0.5926315789473684,0.0,0.0,0.002310803004043905,16.0,21.945,1.0,0.002310803004043905,16.0,21.945,1.0,,
infobip-gpt-4-1,GPT-4.1,957,1.0,20,0.0,0.0,0.0,0.0,0.9949999999999999,0.2613912403386088,0.25463194700036806,0.723157894736842,0.7147368421052632,0.0,0.0,0.0028885037550548816,20.0,20.87,1.0,0.0027440785673021376,19.0,20.321666666666665,0.9949999999999999,,
infobip-gpt-4-1,GPT-4.1,957,2.0,20,0.0,0.0,0.0,0.0,0.85,0.6589287698885221,0.630110576557945,0.8747368421052633,0.8315789473684211,0.0,0.0,0.004332755632582322,30.0,24.21890873015873,0.8800000000000001,0.004043905257076834,28.0,21.349444444444444,0.85,,
infobip-gpt-4-1-mini,GPT-4.1-mini,83,0.0,20,0.0,0.0,0.0,0.0,0.985,0.41347354056332386,0.4103940216130619,0.5642105263157894,0.4910526315789473,0.26842105263157895,0.26842105263157895,0.0025996533795493936,18.0,22.16388888888889,0.8300000000000001,0.0025996533795493936,18.0,22.16388888888889,0.8300000000000001,,
infobip-gpt-4-1-mini,GPT-4.1-mini,83,0.5,20,0.0,0.0,0.0,0.0,0.9649999999999999,0.5235085434001842,0.5084965189609152,0.8021052631578949,0.7836842105263156,0.0,0.0,0.003610629693818602,25.0,27.153869047619054,0.8999999999999998,0.0031773541305603697,22.0,24.967757936507937,0.885,,
infobip-gpt-4-1-mini,GPT-4.1-mini,83,1.0,20,0.014453241315894394,0.06463686015509675,0.01505149978319906,0.06731235335711287,0.9800000000000001,0.5850179730829885,0.5774482006641449,0.9010526315789474,0.9005263157894738,0.0,0.0,0.004188330444829578,29.0,28.27125,0.9049999999999997,0.004043905257076834,28.0,27.25805555555555,0.8999999999999998,4.472135954999579,4.472135954999578
infobip-gpt-4-1-mini,GPT-4.1-mini,83,2.0,20,0.0,0.0,0.0,0.0,0.18000000000000002,0.9834398496240602,0.7424671527303106,0.5321052631578947,0.3173684210526316,0.0,0.24210526315789474,0.002455228191796649,17.0,29.45416666666667,0.17,0.002166377816291161,15.0,31.046296296296298,0.15,,
infobip-gpt-4-1-mini,GPT-4.1-mini,86,0.0,20,0.0,0.0,0.0,0.0,0.99,0.44049897470950106,0.44049897470950106,0.5184210526315789,0.5184210526315789,0.05789473684210526,0.05789473684210526,0.002455228191796649,17.0,10.19375,0.76,0.002455228191796649,17.0,10.19375,0.76,,
infobip-gpt-4-1-mini,GPT-4.1-mini,86,0.5,20,0.0,0.0,0.0,0.0,0.9949999999999999,0.46506309479993685,0.46506309479993685,0.6689473684210526,0.6689473684210526,0.010526315789473684,0.010526315789473684,0.0031773541305603697,22.0,30.11892857142857,0.8250000000000002,0.0031773541305603697,22.0,30.11892857142857,0.8250000000000002,,
infobip-gpt-4-1-mini,GPT-4.1-mini,86,1.0,20,0.008358022748310113,0.037378214045422055,0.0,0.0,0.9649999999999999,0.5764752726633531,0.5537130056905598,0.7342105263157894,0.7273684210526316,0.0,0.0,0.004332755632582322,30.0,37.60150793650793,0.865,0.00389948006932409,27.0,37.206666666666656,0.85,4.472135954999579,
infobip-gpt-4-1-mini,GPT-4.1-mini,86,2.0,20,0.02653606369886217,0.08228220858503163,0.02653606369886217,0.08228220858503163,0.28500000000000003,0.8704366423909767,0.7189254751096857,0.5231578947368422,0.3663157894736842,0.005263157894736842,0.12631578947368421,0.0030329289428076256,21.0,11.105882352941178,0.24500000000000002,0.0030329289428076256,21.0,11.105882352941178,0.24500000000000002,3.1007691841107454,3.1007691841107454
infobip-gpt-4-1-mini,GPT-4.1-mini,92,0.0,20,0.0,0.0,0.0,0.0,1.0,0.2511716353821617,0.2511716353821617,0.5726315789473684,0.5726315789473684,0.08421052631578947,0.08421052631578947,0.002166377816291161,15.0,42.045,1.0,0.002166377816291161,15.0,42.045,1.0,,
infobip-gpt-4-1-mini,GPT-4.1-mini,92,0.5,20,0.0,0.0,0.0,0.0,1.0,0.2932015353067985,0.2932015353067985,0.541578947368421,0.541578947368421,0.02631578947368421,0.02631578947368421,0.002310803004043905,16.0,40.12888888888889,0.9949999999999999,0.002310803004043905,16.0,40.12888888888889,0.9949999999999999,,
infobip-gpt-4-1-mini,GPT-4.1-mini,92,1.0,20,0.0,0.0,0.0,0.0,1.0,0.35681336207652,0.35681336207652,0.7652631578947369,0.7652631578947369,0.0,0.0,0.0031773541305603697,22.0,37.33555555555556,0.9949999999999999,0.0031773541305603697,22.0,37.33555555555556,0.9949999999999999,,
infobip-gpt-4-1-mini,GPT-4.1-mini,92,2.0,20,0.0,0.0,0.0,0.0,0.49499999999999994,0.8463885710093141,0.7724486624486626,0.795263157894737,0.6363157894736843,0.005263157894736842,0.031578947368421054,0.004043905257076834,28.0,24.780183531746033,0.48999999999999994,0.00389948006932409,27.0,24.926016865079365,0.485,,
infobip-gpt-4-1-mini,GPT-4.1-mini,126,0.0,20,0.0,0.0,0.0,0.0,0.8949999999999999,0.13524720893141942,0.14105263157894735,0.22789473684210526,0.23736842105263156,0.2736842105263158,0.2736842105263158,0.001877527440785673,13.0,27.565000000000005,1.0,0.0015886770652801848,11.0,26.635416666666668,0.8949999999999999,,
infobip-gpt-4-1-mini,GPT-4.1-mini,126,0.5,20,0.0,0.0,0.0,0.0,0.9199999999999999,0.41642436510857567,0.3587996798523115,0.755263157894737,0.683157894736842,0.0,0.005263157894736842,0.0030329289428076256,21.0,35.46944444444445,0.9800000000000001,0.0025996533795493936,18.0,34.224444444444444,0.9199999999999999,,
infobip-gpt-4-1-mini,GPT-4.1-mini,126,1.0,20,0.0,0.0,0.0,0.0,0.8350000000000002,0.5756125453493874,0.49534256678993516,0.8678947368421055,0.7778947368421053,0.0,0.0,0.004332755632582322,30.0,35.13791666666667,0.945,0.0033217793183131137,23.0,32.60910714285714,0.8350000000000002,,
infobip-gpt-4-1-mini,GPT-4.1-mini,126,2.0,20,0.0,0.0,0.0,0.0,0.20500000000000002,0.929130869990003,0.8239035087719297,0.5347368421052632,0.32210526315789473,0.031578947368421054,0.11052631578947368,0.00389948006932409,27.0,31.21330891330891,0.25999999999999995,0.002455228191796649,17.0,30.946886446886445,0.20500000000000002,,
infobip-gpt-4-1-mini,GPT-4.1-mini,181,0.0,20,0.0,0.0,0.0,0.0,0.8999999999999998,0.0,0.0,0.0,0.0,1.0,1.0,0.0012998266897746968,9.0,45.66666666666666,0.8999999999999998,0.0011554015020219526,8.0,44.875,0.8000000000000002,,
infobip-gpt-4-1-mini,GPT-4.1-mini,181,0.5,20,0.0,0.0,0.0,0.0,0.875,0.6116614311945906,0.6005654360259624,0.788421052631579,0.7478947368421054,0.031578947368421054,0.031578947368421054,0.005199306759098787,36.0,39.029999999999994,0.9049999999999999,0.004477180820335066,31.0,36.71388888888889,0.7850000000000001,,
infobip-gpt-4-1-mini,GPT-4.1-mini,181,1.0,20,0.0,0.0,0.0,0.0,0.7999999999999999,0.7539919402922499,0.7671423094675498,0.9173684210526316,0.8410526315789474,0.0,0.0,0.005632582322357019,39.0,35.99527777777778,0.9199999999999999,0.004766031195840554,33.0,31.943035714285706,0.73,,
infobip-gpt-4-1-mini,GPT-4.1-mini,181,2.0,20,0.0,0.0,0.0,0.0,0.34500000000000003,0.9797407388205008,0.9480615540290463,0.7200000000000001,0.5299999999999999,0.005263157894736842,0.031578947368421054,0.006499133448873483,45.0,26.134449404761902,0.33999999999999997,0.005632582322357019,39.0,26.203125,0.305,,
infobip-gpt-4-1-mini,GPT-4.1-mini,197,0.0,20,0.0,0.0,0.0,0.0,1.0,0.1711323763955343,0.1711323763955343,0.40736842105263144,0.40736842105263144,0.32105263157894737,0.32105263157894737,0.0017331022530329288,12.0,46.53,1.0,0.0017331022530329288,12.0,46.53,1.0,,
infobip-gpt-4-1-mini,GPT-4.1-mini,197,0.5,20,0.0,0.0,0.0,0.0,0.9949999999999999,0.33779203252887463,0.3343892949156107,0.7405263157894738,0.7547368421052634,0.0,0.0,0.0025996533795493936,18.0,58.61,0.9949999999999999,0.0025996533795493936,18.0,58.61,0.9949999999999999,,
infobip-gpt-4-1-mini,GPT-4.1-mini,197,1.0,20,0.0,0.0,0.0,0.0,0.99,0.4993677375256322,0.49185454895981207,0.895263157894737,0.8878947368421052,0.0,0.0,0.0034662045060658577,24.0,54.251666666666665,0.9849999999999998,0.0031773541305603697,22.0,53.77166666666667,0.9749999999999999,,
infobip-gpt-4-1-mini,GPT-4.1-mini,197,2.0,20,0.0,0.0,0.0,0.0,0.45,0.9360211305722141,0.8961048974245569,0.7573684210526316,0.6573684210526317,0.0,0.031578947368421054,0.004477180820335066,31.0,35.68583829365079,0.45,0.004477180820335066,31.0,35.68583829365079,0.45,,
infobip-gpt-4-1-mini,GPT-4.1-mini,367,0.0,20,0.0,0.0,0.0,0.0,0.8550000000000001,0.11531100478468898,0.10082934609250398,0.24631578947368424,0.24631578947368424,0.14736842105263157,0.14736842105263157,0.0015886770652801848,11.0,3.024404761904762,0.7550000000000001,0.0015886770652801848,11.0,3.024404761904762,0.7550000000000001,,
infobip-gpt-4-1-mini,GPT-4.1-mini,367,0.5,20,0.0,0.0,0.0,0.0,0.9349999999999998,0.22784688995215308,0.19586921850079742,0.56,0.5305263157894737,0.005263157894736842,0.005263157894736842,0.002166377816291161,15.0,3.763095238095238,0.825,0.002166377816291161,15.0,3.763095238095238,0.825,,
infobip-gpt-4-1-mini,GPT-4.1-mini,367,1.0,20,0.009228784838978408,0.04127238049935034,0.009228784838978408,0.04127238049935034,0.97,0.3338836601994497,0.304433987065566,0.704736842105263,0.7,0.0,0.0,0.0027440785673021376,19.0,3.4668650793650793,0.8450000000000001,0.0025996533795493936,18.0,3.492559523809524,0.8350000000000002,4.47213595499958,4.47213595499958
infobip-gpt-4-1-mini,GPT-4.1-mini,367,2.0,20,0.0,0.0,0.0,0.0,0.25999999999999995,0.8658434255802678,0.7427565124933546,0.5,0.4068421052631579,0.05263157894736842,0.15263157894736842,0.001877527440785673,13.0,2.713636363636364,0.2,0.0017331022530329288,12.0,2.8850000000000002,0.195,,
infobip-gpt-4-1-mini,GPT-4.1-mini,400,0.0,20,0.0,0.0,0.0,0.0,0.775,0.20906812485759854,0.19258659469185788,0.23263157894736844,0.23999999999999996,0.23684210526315788,0.23684210526315788,0.002455228191796649,17.0,26.929999999999996,1.0,0.002021952628538417,14.0,21.598750000000003,0.775,,
infobip-gpt-4-1-mini,GPT-4.1-mini,400,0.5,20,0.0,0.0,0.0,0.0,0.825,0.4249465446833867,0.40465648386701014,0.5842105263157895,0.49736842105263157,0.005263157894736842,0.005263157894736842,0.0025996533795493936,18.0,29.65,1.0,0.002166377816291161,15.0,26.364761904761906,0.825,,
infobip-gpt-4-1-mini,GPT-4.1-mini,400,1.0,20,0.0,0.0,0.0,0.0,0.8549999999999999,0.5164747533168585,0.48273935129198287,0.7021052631578948,0.601578947368421,0.0,0.0,0.0031773541305603697,22.0,29.81388888888889,0.9949999999999999,0.0027440785673021376,19.0,27.221527777777776,0.8549999999999999,,
infobip-gpt-4-1-mini,GPT-4.1-mini,400,2.0,20,0.0,0.0,0.0,0.0,0.41500000000000004,0.785621264700212,0.6857383113962062,0.6115789473684211,0.47157894736842104,0.0,0.015789473684210527,0.0033217793183131137,23.0,37.460401002506266,0.43,0.0030329289428076256,21.0,37.013032581453636,0.41500000000000004,,
infobip-gpt-4-1-mini,GPT-4.1-mini,421,0.0,20,0.0,0.0,0.0,0.0,0.9949999999999999,0.3281564926301768,0.3247301820986031,0.3284210526315789,0.3284210526315789,0.22631578947368422,0.22631578947368422,0.002455228191796649,17.0,19.755000000000003,0.9949999999999999,0.002455228191796649,17.0,19.755000000000003,0.9949999999999999,,
infobip-gpt-4-1-mini,GPT-4.1-mini,421,0.5,20,0.0,0.0,0.0,0.0,1.0,0.4665537420955378,0.4665537420955378,0.6968421052631578,0.6968421052631578,0.015789473684210527,0.015789473684210527,0.0030329289428076256,21.0,16.470000000000002,1.0,0.0030329289428076256,21.0,16.470000000000002,1.0,,
infobip-gpt-4-1-mini,GPT-4.1-mini,421,1.0,20,0.0,0.0,0.0,0.0,0.945,0.4650673887515992,0.4439120236488658,0.803157894736842,0.7910526315789471,0.005263157894736842,0.005263157894736842,0.0030329289428076256,21.0,18.567222222222217,0.9650000000000001,0.0028885037550548816,20.0,18.888333333333332,0.945,,
infobip-gpt-4-1-mini,GPT-4.1-mini,421,2.0,20,0.0,0.0,0.0,0.0,0.30499999999999994,0.8050516442621706,0.7494459633933318,0.4368421052631578,0.3910526315789474,0.005263157894736842,0.03684210526315789,0.002166377816291161,15.0,25.124999999999996,0.29999999999999993,0.002166377816291161,15.0,25.124999999999996,0.29999999999999993,,
infobip-gpt-4-1-mini,GPT-4.1-mini,427,0.0,20,0.0,0.0,0.0,0.0,0.8649999999999999,0.28394412604938923,0.20188933873144402,0.461578947368421,0.4473684210526316,0.21578947368421053,0.21578947368421053,0.002166377816291161,15.0,26.955555555555556,0.8999999999999998,0.0017331022530329288,12.0,25.080555555555552,0.765,,
infobip-gpt-4-1-mini,GPT-4.1-mini,427,0.5,20,0.0,0.0,0.0,0.0,0.885,0.42687496713812495,0.37436773752563224,0.6694736842105263,0.6231578947368421,0.0,0.005263157894736842,0.0028885037550548816,20.0,26.670833333333338,0.8899999999999999,0.002455228191796649,17.0,25.42944444444445,0.7849999999999999,,
infobip-gpt-4-1-mini,GPT-4.1-mini,427,1.0,20,0.0,0.0,0.0,0.0,0.825,0.5292741249978091,0.4764452944716102,0.7826315789473683,0.6926315789473683,0.0,0.0,0.00389948006932409,27.0,29.35,0.8699999999999999,0.0031773541305603697,22.0,27.999900793650795,0.725,,
infobip-gpt-4-1-mini,GPT-4.1-mini,427,2.0,20,0.0,0.0,0.0,0.0,0.29500000000000004,0.8629262756507339,0.7638511780617043,0.5810526315789474,0.3963157894736842,0.005263157894736842,0.05263157894736842,0.0034662045060658577,24.0,37.16855742296918,0.29,0.002455228191796649,17.0,42.15166666666667,0.24000000000000005,,
infobip-gpt-4-1-mini,GPT-4.1-mini,442,0.0,20,0.0,0.0,0.0,0.0,0.985,0.24526175578807155,0.22911938938254725,0.5168421052631579,0.5563157894736842,0.1631578947368421,0.1631578947368421,0.002166377816291161,15.0,41.81888888888889,0.9800000000000001,0.002166377816291161,15.0,41.81888888888889,0.9800000000000001,,
infobip-gpt-4-1-mini,GPT-4.1-mini,442,0.5,20,0.0,0.0,0.0,0.0,0.9549999999999998,0.3848379690484954,0.34254819741661846,0.8257894736842107,0.8210526315789474,0.005263157894736842,0.005263157894736842,0.0028885037550548816,20.0,40.51541666666667,0.96,0.002455228191796649,17.0,41.07529761904762,0.9349999999999999,,
infobip-gpt-4-1-mini,GPT-4.1-mini,442,1.0,20,0.0,0.0,0.0,0.0,0.905,0.5543336201393884,0.5124604489078174,0.881578947368421,0.8678947368421055,0.0,0.0,0.004910456383593298,34.0,38.72861111111111,0.9649999999999999,0.0034662045060658577,24.0,40.34472222222222,0.8850000000000001,,
infobip-gpt-4-1-mini,GPT-4.1-mini,442,2.0,20,0.0,0.0,0.0,0.0,0.395,0.8667659713867144,0.800202516781464,0.7063157894736841,0.5105263157894737,0.0,0.0,0.004332755632582322,30.0,48.22207602339182,0.41500000000000004,0.0033217793183131137,23.0,48.637614870509616,0.38,,
infobip-gpt-4-1-mini,GPT-4.1-mini,445,0.0,20,0.0,0.0,0.0,0.0,0.8999999999999998,0.08708133971291863,0.09578947368421051,0.29526315789473684,0.19210526315789472,0.41578947368421054,0.42105263157894735,0.0014442518775274408,10.0,27.125,0.9349999999999998,0.0012998266897746968,9.0,21.140972222222224,0.8350000000000002,,
infobip-gpt-4-1-mini,GPT-4.1-mini,445,0.5,20,0.07737056144690832,0.1587610422664043,0.0,0.0,0.8949999999999999,0.23191019506808974,0.14502658160552895,0.6473684210526316,0.5142105263157895,0.0,0.010526315789473684,0.002455228191796649,17.0,23.94777777777778,0.9799999999999999,0.002021952628538417,14.0,20.07541666666667,0.89,2.051956704170308,
infobip-gpt-4-1-mini,GPT-4.1-mini,445,1.0,20,0.05802792108518125,0.1417225775732991,0.0,0.0,0.905,0.3372119108961214,0.24768208399787348,0.6994736842105264,0.6415789473684211,0.0,0.0,0.0033217793183131137,23.0,22.406527777777775,0.97,0.0027440785673021376,19.0,19.64343253968254,0.8949999999999999,2.4423169902168214,
infobip-gpt-4-1-mini,GPT-4.1-mini,445,2.0,20,0.01934264036172708,0.08650291742630577,0.0,0.0,0.39999999999999997,0.8829883536655985,0.8043715275952117,0.7115789473684211,0.5347368421052633,0.005263157894736842,0.04736842105263158,0.00389948006932409,27.0,22.118720821661995,0.40499999999999997,0.0031773541305603697,22.0,21.08814484126984,0.375,4.4721359549995805,
infobip-gpt-4-1-mini,GPT-4.1-mini,495,0.0,20,0.39038004999210163,5.695323946259567e-17,0.0,0.0,0.8999999999999998,0.0803827751196172,0.0884210526315789,0.16947368421052633,0.16947368421052633,0.24736842105263157,0.24736842105263157,0.0015886770652801848,11.0,24.240000000000002,1.0,0.0014442518775274408,10.0,26.82222222222223,0.8999999999999998,1.4589177767600568e-16,
infobip-gpt-4-1-mini,GPT-4.1-mini,495,0.5,20,0.39038004999210163,5.695323946259567e-17,0.0,0.0,0.78,0.4619257935047409,0.4498740148740148,0.7073684210526316,0.7126315789473686,0.0,0.0,0.003755054881571346,26.0,27.337222222222227,0.9949999999999999,0.0030329289428076256,21.0,29.184662698412694,0.78,1.4589177767600568e-16,
infobip-gpt-4-1-mini,GPT-4.1-mini,495,1.0,20,0.3123040399936813,0.16020859215112662,0.0,0.0,0.8049999999999999,0.5680119673927723,0.5211987865935235,0.7736842105263158,0.7000000000000002,0.0,0.0,0.004188330444829578,29.0,25.15902777777778,0.9399999999999998,0.0031773541305603697,22.0,27.74771825396826,0.8049999999999999,0.5129891760425771,
infobip-gpt-4-1-mini,GPT-4.1-mini,495,2.0,20,0.29278503749407625,0.17343088838426984,0.0,0.0,0.13000000000000003,0.9138669809722443,0.7493481810587074,0.49421052631578943,0.22368421052631582,0.0,0.23684210526315788,0.003610629693818602,25.0,10.876234567901234,0.23500000000000001,0.002455228191796649,17.0,21.628571428571426,0.12500000000000003,0.5923488777590924,
infobip-gpt-4-1-mini,GPT-4.1-mini,506,0.0,20,1.0,0.0,1.0,0.0,1.0,0.18305729358360934,0.18305729358360934,0.3110526315789473,0.3110526315789473,0.13157894736842105,0.13157894736842105,0.0017331022530329288,12.0,16.178571428571427,0.7600000000000001,0.0017331022530329288,12.0,16.178571428571427,0.7600000000000001,0.0,0.0
infobip-gpt-4-1-mini,GPT-4.1-mini,506,0.5,20,1.0,0.0,1.0,0.0,0.9949999999999999,0.374523721892143,0.3705881837460785,0.5736842105263158,0.5736842105263158,0.010526315789473684,0.010526315789473684,0.0028885037550548816,20.0,13.705357142857142,0.755,0.0027440785673021376,19.0,13.733928571428573,0.75,0.0,0.0
infobip-gpt-4-1-mini,GPT-4.1-mini,506,1.0,20,0.9815464876785729,0.08252661594868199,1.0,0.0,0.97,0.44452915505547086,0.4184014815593763,0.7,0.6784210526315788,0.0,0.0,0.003755054881571346,26.0,11.506547619047618,0.72,0.0033217793183131137,23.0,11.626190476190477,0.705,0.08407815318443378,0.0
infobip-gpt-4-1-mini,GPT-4.1-mini,506,2.0,20,0.9077324383928644,0.1639637597146641,1.0,0.0,0.5800000000000001,0.667792062598564,0.5540583685320528,0.7363157894736844,0.5310526315789474,0.0,0.005263157894736842,0.003610629693818602,25.0,13.918452380952383,0.4699999999999999,0.0033217793183131137,23.0,14.0575,0.45999999999999996,0.18063005438580676,0.0
infobip-gpt-4-1-mini,GPT-4.1-mini,515,0.0,20,0.0,0.0,0.0,0.0,0.8100000000000002,0.046153846153846156,0.03636363636363636,0.23052631578947366,0.11052631578947368,0.2789473684210526,0.5631578947368421,0.0017331022530329288,12.0,59.97222222222223,0.8999999999999998,0.0014442518775274408,10.0,51.06031746031747,0.7099999999999999,,
infobip-gpt-4-1-mini,GPT-4.1-mini,515,0.5,20,0.0,0.0,0.0,0.0,0.875,0.22669435827330567,0.16974481658692184,0.6300000000000001,0.5505263157894738,0.005263157894736842,0.015789473684210527,0.002166377816291161,15.0,52.2,0.8999999999999998,0.001877527440785673,13.0,46.121428571428574,0.775,,
infobip-gpt-4-1-mini,GPT-4.1-mini,515,1.0,20,0.0,0.0,0.0,0.0,0.89,0.352261773314405,0.2971323705534232,0.7494736842105262,0.6878947368421052,0.0,0.0,0.002455228191796649,17.0,48.011805555555554,0.8949999999999999,0.002021952628538417,14.0,42.78621031746032,0.7899999999999998,,
infobip-gpt-4-1-mini,GPT-4.1-mini,515,2.0,20,0.00967132018086354,0.043251458713152884,0.00967132018086354,0.043251458713152884,0.5799999999999998,0.7328576055007943,0.664661990056727,0.7684210526315789,0.6326315789473685,0.0,0.0,0.004332755632582322,30.0,37.73694444444444,0.555,0.0033217793183131137,23.0,35.59628968253968,0.5,4.4721359549995805,4.4721359549995805
infobip-gpt-4-1-mini,GPT-4.1-mini,544,0.0,20,0.0,0.0,0.0,0.0,1.0,0.27123052386210283,0.27123052386210283,0.3673684210526316,0.3673684210526316,0.17894736842105263,0.17894736842105263,0.002310803004043905,16.0,29.447916666666668,0.8100000000000002,0.002310803004043905,16.0,29.447916666666668,0.8100000000000002,,
infobip-gpt-4-1-mini,GPT-4.1-mini,544,0.5,20,0.0,0.0,0.0,0.0,0.9949999999999999,0.4198884448884448,0.41654748760011917,0.7052631578947368,0.7052631578947368,0.005263157894736842,0.005263157894736842,0.0031773541305603697,22.0,26.51361111111111,0.8550000000000001,0.0030329289428076256,21.0,26.530833333333334,0.8500000000000002,,
infobip-gpt-4-1-mini,GPT-4.1-mini,544,1.0,20,0.0,0.0,0.0,0.0,0.9400000000000001,0.5689595234486875,0.5361866294180535,0.8389473684210527,0.8294736842105265,0.0,0.0,0.004910456383593298,34.0,30.06708333333334,0.9099999999999999,0.004043905257076834,28.0,27.338749999999997,0.85,,
infobip-gpt-4-1-mini,GPT-4.1-mini,544,2.0,20,0.0,0.0,0.0,0.0,0.38,0.8688923735363364,0.8130117835380992,0.6942105263157895,0.5147368421052632,0.005263157894736842,0.015789473684210527,0.00462160600808781,32.0,18.035527544351073,0.42000000000000004,0.0033217793183131137,23.0,18.181022408963585,0.375,,
infobip-gpt-4-1-mini,GPT-4.1-mini,636,0.0,20,0.0,0.0,0.0,0.0,0.7649999999999999,0.3544215725794674,0.2549359996728418,0.5126315789473684,0.4036842105263158,0.09473684210526316,0.29473684210526313,0.002166377816291161,15.0,30.757142857142856,0.7150000000000001,0.001877527440785673,13.0,29.12271825396825,0.6649999999999998,,
infobip-gpt-4-1-mini,GPT-4.1-mini,636,0.5,20,0.0,0.0,0.0,0.0,0.86,0.5432230514583456,0.48228501031132615,0.8347368421052633,0.7478947368421054,0.0,0.0,0.0034662045060658577,24.0,24.54660714285714,0.8300000000000001,0.0028885037550548816,20.0,22.70686507936508,0.7550000000000001,,
infobip-gpt-4-1-mini,GPT-4.1-mini,636,1.0,20,0.0,0.0,0.0,0.0,0.845,0.6446258935423022,0.5778090111642743,0.8963157894736843,0.8057894736842106,0.0,0.0,0.005488157134604275,38.0,23.24579365079365,0.8700000000000001,0.004188330444829578,29.0,21.471666666666668,0.765,,
infobip-gpt-4-1-mini,GPT-4.1-mini,636,2.0,20,0.0,0.0,0.0,0.0,0.145,0.9794553618895724,0.8615142021720968,0.4789473684210526,0.22947368421052636,0.005263157894736842,0.11578947368421053,0.0025996533795493936,18.0,12.757575757575756,0.13,0.002310803004043905,16.0,13.053030303030301,0.12,,
infobip-gpt-4-1-mini,GPT-4.1-mini,640,0.0,20,0.0,0.0,0.0,0.0,0.8000000000000002,0.23671942092994727,0.284869750132908,0.48736842105263156,0.4484210526315789,0.05789473684210526,0.05789473684210526,0.001877527440785673,13.0,38.88333333333333,0.8999999999999998,0.0017331022530329288,12.0,27.36875,0.8000000000000002,,
infobip-gpt-4-1-mini,GPT-4.1-mini,640,0.5,20,0.0,0.0,0.0,0.0,0.8,0.36963562753036444,0.4148744238217921,0.6957894736842106,0.6210526315789474,0.0,0.0,0.0030329289428076256,21.0,37.97777777777779,0.8999999999999998,0.0025996533795493936,18.0,27.874305555555555,0.8,,
infobip-gpt-4-1-mini,GPT-4.1-mini,640,1.0,20,0.0,0.0,0.0,0.0,0.8200000000000001,0.5824040686921572,0.6053620940463046,0.815263157894737,0.7484210526315789,0.0,0.0,0.004043905257076834,28.0,37.16708333333334,0.9049999999999999,0.003610629693818602,25.0,28.016269841269843,0.8150000000000001,,
infobip-gpt-4-1-mini,GPT-4.1-mini,640,2.0,20,0.0,0.0,0.0,0.0,0.265,0.9460945079172635,0.8968136249715198,0.6600000000000001,0.37368421052631584,0.0,0.031578947368421054,0.004477180820335066,31.0,36.46510416666667,0.305,0.0031773541305603697,22.0,36.81964285714286,0.255,,
infobip-gpt-4-1-mini,GPT-4.1-mini,681,0.0,20,0.0,0.0,0.0,0.0,1.0,0.3495592127171073,0.3495592127171073,0.5215789473684211,0.5215789473684211,0.30526315789473685,0.30526315789473685,0.002455228191796649,17.0,26.255000000000003,1.0,0.002455228191796649,17.0,26.255000000000003,1.0,,
infobip-gpt-4-1-mini,GPT-4.1-mini,681,0.5,20,0.0,0.0,0.0,0.0,0.93,0.6073653814365889,0.5761412194616529,0.8431578947368422,0.8310526315789476,0.0,0.0,0.004188330444829578,29.0,25.25111111111111,0.985,0.003610629693818602,25.0,24.0225,0.93,,
infobip-gpt-4-1-mini,GPT-4.1-mini,681,1.0,20,0.0,0.0,0.0,0.0,0.925,0.637582266374836,0.6063888845932189,0.8400000000000001,0.7931578947368424,0.0,0.0,0.005199306759098787,36.0,25.92763888888889,0.975,0.004332755632582322,30.0,25.4739880952381,0.9149999999999998,,
infobip-gpt-4-1-mini,GPT-4.1-mini,681,2.0,20,0.0,0.0,0.0,0.0,0.24,0.9661105158443026,0.9050541125541126,0.6621052631578948,0.3442105263157894,0.0,0.03684210526315789,0.005488157134604275,38.0,22.740079365079364,0.315,0.0033217793183131137,23.0,24.11875,0.23500000000000001,,
infobip-gpt-4-1-mini,GPT-4.1-mini,705,0.0,20,0.0,0.0,0.0,0.0,1.0,0.17990430622009568,0.17990430622009568,0.3631578947368421,0.3631578947368421,0.11052631578947368,0.11052631578947368,0.0012998266897746968,9.0,4.825,0.7299999999999999,0.0012998266897746968,9.0,4.825,0.7299999999999999,,
infobip-gpt-4-1-mini,GPT-4.1-mini,705,0.5,20,0.0,0.0,0.0,0.0,1.0,0.349059712217607,0.349059712217607,0.6126315789473684,0.6126315789473684,0.0,0.0,0.002455228191796649,17.0,5.643452380952381,0.7049999999999998,0.002455228191796649,17.0,5.643452380952381,0.7049999999999998,,
infobip-gpt-4-1-mini,GPT-4.1-mini,705,1.0,20,0.0,0.0,0.0,0.0,0.9949999999999999,0.5576279156000518,0.5545076148481721,0.8163157894736843,0.8157894736842107,0.0,0.0,0.00389948006932409,27.0,7.469047619047619,0.765,0.00389948006932409,27.0,7.469047619047619,0.765,,
infobip-gpt-4-1-mini,GPT-4.1-mini,705,2.0,20,0.0,0.0,0.0,0.0,0.25,0.915049942747311,0.8260881370091897,0.5521052631578948,0.3284210526315789,0.005263157894736842,0.03684210526315789,0.001877527440785673,13.0,9.5,0.205,0.0014442518775274408,10.0,8.59375,0.19,,
infobip-gpt-4-1-mini,GPT-4.1-mini,722,0.0,20,0.0,0.0,0.0,0.0,0.985,0.21682002208318,0.20275610354557727,0.30157894736842106,0.28578947368421054,0.4105263157894737,0.4105263157894737,0.002021952628538417,14.0,77.9838888888889,0.9249999999999998,0.001877527440785673,13.0,78.73333333333335,0.9099999999999999,,
infobip-gpt-4-1-mini,GPT-4.1-mini,722,0.5,20,0.0,0.0,0.0,0.0,0.9800000000000001,0.37563199957936805,0.363101284680232,0.5705263157894737,0.5642105263157894,0.0,0.0,0.002455228191796649,17.0,76.80930555555557,0.9299999999999999,0.002310803004043905,16.0,77.5176388888889,0.9149999999999998,,
infobip-gpt-4-1-mini,GPT-4.1-mini,722,1.0,20,0.006782598671622389,0.030332703387694875,0.0,0.0,0.975,0.4464693201535307,0.42569360464097306,0.6984210526315789,0.6963157894736841,0.0,0.0,0.003755054881571346,26.0,75.96944444444443,0.9499999999999998,0.0031773541305603697,22.0,76.68849206349206,0.9299999999999999,4.4721359549995805,
infobip-gpt-4-1-mini,GPT-4.1-mini,722,2.0,20,0.0,0.0,0.0,0.0,0.445,0.824102266412638,0.7558295067505595,0.6805263157894734,0.5673684210526316,0.0,0.015789473684210527,0.003610629693818602,25.0,93.12432306255835,0.44000000000000006,0.0034662045060658577,24.0,93.42693744164332,0.43499999999999994,,
infobip-gpt-4-1-mini,GPT-4.1-mini,748,0.0,20,0.0,0.0,0.0,0.0,1.0,0.05326953748006378,0.05326953748006378,0.4610526315789473,0.4610526315789473,0.22631578947368422,0.22631578947368422,0.0017331022530329288,12.0,32.49833333333333,0.9949999999999999,0.0017331022530329288,12.0,32.49833333333333,0.9949999999999999,,
infobip-gpt-4-1-mini,GPT-4.1-mini,748,0.5,20,0.01505149978319906,0.06731235335711287,0.01505149978319906,0.06731235335711287,0.9800000000000001,0.34987819198345516,0.3283255925361188,0.6989473684210527,0.6989473684210527,0.031578947368421054,0.031578947368421054,0.0028885037550548816,20.0,37.525416666666665,0.95,0.0025996533795493936,18.0,34.345416666666665,0.93,4.472135954999578,4.472135954999578
infobip-gpt-4-1-mini,GPT-4.1-mini,748,1.0,20,0.0,0.0,0.0,0.0,0.985,0.5020220749322916,0.4880352138401674,0.8489473684210527,0.8484210526315791,0.0,0.0,0.00389948006932409,27.0,44.45109126984128,0.905,0.0034662045060658577,24.0,42.928670634920636,0.89,,
infobip-gpt-4-1-mini,GPT-4.1-mini,748,2.0,20,0.0,0.0,0.0,0.0,0.44000000000000006,0.8835635296935607,0.8304485718959405,0.7763157894736842,0.6094736842105263,0.0,0.015789473684210527,0.003610629693818602,25.0,41.56281512605042,0.45,0.0031773541305603697,22.0,42.489215686274505,0.43499999999999994,,
infobip-gpt-4-1-mini,GPT-4.1-mini,751,0.0,20,0.0,0.0,0.0,0.0,0.8000000000000002,0.0,0.0,0.04,0.04,0.9,0.9,0.0011554015020219526,8.0,17.5,0.8000000000000002,0.0011554015020219526,8.0,17.5,0.8000000000000002,,
infobip-gpt-4-1-mini,GPT-4.1-mini,751,0.5,20,0.0,0.0,0.0,0.0,0.8350000000000002,0.25535220713239287,0.2359034240613188,0.6031578947368422,0.5715789473684212,0.03684210526315789,0.03684210526315789,0.002021952628538417,14.0,17.110277777777778,0.8200000000000001,0.002021952628538417,14.0,17.110277777777778,0.8200000000000001,,
infobip-gpt-4-1-mini,GPT-4.1-mini,751,1.0,20,0.0,0.0,0.0,0.0,0.8400000000000001,0.49045338046886033,0.4469027463764306,0.7921052631578948,0.7347368421052632,0.0,0.0,0.0034662045060658577,24.0,19.11517857142857,0.8200000000000001,0.0030329289428076256,21.0,18.389543650793648,0.805,,
infobip-gpt-4-1-mini,GPT-4.1-mini,751,2.0,20,0.0,0.0,0.0,0.0,0.205,0.9174997132753366,0.7348355737829422,0.5684210526315789,0.31789473684210523,0.015789473684210527,0.15263157894736842,0.002166377816291161,15.0,13.838955026455027,0.2,0.001877527440785673,13.0,13.354166666666666,0.19,,
infobip-gpt-4-1-mini,GPT-4.1-mini,774,0.0,20,0.0,0.0,0.0,0.0,0.7150000000000001,0.48011204481792724,0.45340668103826004,0.6647368421052634,0.5921052631578947,0.21578947368421053,0.21578947368421053,0.002166377816291161,15.0,61.33111111111111,0.6450000000000001,0.002166377816291161,15.0,61.33111111111111,0.6450000000000001,,
infobip-gpt-4-1-mini,GPT-4.1-mini,774,0.5,20,0.0,0.0,0.0,0.0,0.75,0.5488184330289593,0.5364937401779508,0.7815789473684212,0.7168421052631582,0.010526315789473684,0.010526315789473684,0.0027440785673021376,19.0,64.16791666666667,0.6700000000000002,0.0025996533795493936,18.0,64.37291666666667,0.6650000000000001,,
infobip-gpt-4-1-mini,GPT-4.1-mini,774,1.0,20,0.0,0.0,0.0,0.0,0.7849999999999999,0.6761888063053128,0.6814100785695213,0.8552631578947372,0.8405263157894739,0.0,0.0,0.003755054881571346,26.0,60.29472222222222,0.7000000000000001,0.003755054881571346,26.0,60.29472222222222,0.7000000000000001,,
infobip-gpt-4-1-mini,GPT-4.1-mini,774,2.0,20,0.0,0.0,0.0,0.0,0.39499999999999996,0.92242352418823,0.8423649596018017,0.7047368421052633,0.5815789473684211,0.005263157894736842,0.07894736842105263,0.004043905257076834,28.0,52.69642857142857,0.38,0.003755054881571346,26.0,53.125,0.37,,
infobip-gpt-4-1-mini,GPT-4.1-mini,776,0.0,20,0.0,0.0,0.0,0.0,0.6999999999999998,0.18218623481781376,0.23684210526315788,0.24315789473684213,0.24315789473684213,0.5842105263157895,0.5842105263157895,0.001877527440785673,13.0,67.775,1.0,0.0014442518775274408,10.0,18.250000000000004,0.6999999999999998,,
infobip-gpt-4-1-mini,GPT-4.1-mini,776,0.5,20,0.0,0.0,0.0,0.0,0.7199999999999999,0.24534412955465587,0.2508935216829954,0.4847368421052632,0.5263157894736843,0.15263157894736842,0.15263157894736842,0.002021952628538417,14.0,68.07777777777777,0.99,0.0015886770652801848,11.0,19.15714285714286,0.7199999999999999,,
infobip-gpt-4-1-mini,GPT-4.1-mini,776,1.0,20,0.0,0.0,0.0,0.0,0.7499999999999999,0.3540547172126119,0.38071218255428774,0.6194736842105263,0.6178947368421053,0.021052631578947368,0.021052631578947368,0.002310803004043905,16.0,67.115,1.0,0.001877527440785673,13.0,20.38194444444445,0.7499999999999999,,
infobip-gpt-4-1-mini,GPT-4.1-mini,776,2.0,20,0.0,0.0,0.0,0.0,0.12500000000000003,0.8354177912730545,0.7269062808536492,0.46210526315789474,0.21263157894736845,0.005263157894736842,0.25263157894736843,0.002166377816291161,15.0,248.89666666666668,0.275,0.0017331022530329288,12.0,49.52916666666667,0.12500000000000003,,
infobip-gpt-4-1-mini,GPT-4.1-mini,820,0.0,20,0.06534236935619435,0.13511344952116888,0.06534236935619435,0.13511344952116888,1.0,0.5113038243598778,0.5113038243598778,0.5663157894736842,0.5663157894736842,0.05789473684210526,0.05789473684210526,0.0034662045060658577,24.0,32.075,1.0,0.0034662045060658577,24.0,32.075,1.0,2.067777015930328,2.067777015930328
infobip-gpt-4-1-mini,GPT-4.1-mini,820,0.5,20,0.04395798241498785,0.10738271975996842,0.04395798241498785,0.10738271975996842,1.0,0.5283461170661756,0.5283461170661756,0.6826315789473684,0.6826315789473684,0.0,0.0,0.003610629693818602,25.0,30.669999999999998,1.0,0.003610629693818602,25.0,30.669999999999998,1.0,2.442849145036178,2.442849145036178
infobip-gpt-4-1-mini,GPT-4.1-mini,820,1.0,20,0.06895798241498785,0.1473684853732522,0.06967972647107523,0.14859513176344907,0.9699999999999998,0.6218635875919565,0.6079508468827354,0.8594736842105264,0.8521052631578949,0.0,0.0,0.004332755632582322,30.0,33.95777777777777,0.9799999999999999,0.004188330444829578,29.0,33.76944444444444,0.9699999999999998,2.1370765241707828,2.1325447054550715
infobip-gpt-4-1-mini,GPT-4.1-mini,820,2.0,20,0.05450474109909346,0.1385568847760566,0.05450474109909346,0.1385568847760566,0.425,0.925700819648188,0.880251313014471,0.7057894736842106,0.5936842105263158,0.0,0.021052631578947368,0.00462160600808781,32.0,27.238095238095237,0.425,0.004477180820335066,31.0,27.496265172735757,0.42000000000000004,2.5421070164180843,2.5421070164180843
infobip-gpt-4-1-mini,GPT-4.1-mini,829,0.0,20,0.0,0.0,0.0,0.0,0.9799999999999999,0.3971817656028182,0.3807161259792839,0.5463157894736843,0.5652631578947369,0.07368421052631578,0.07368421052631578,0.002455228191796649,17.0,20.381666666666664,0.975,0.002310803004043905,16.0,20.619444444444447,0.9549999999999998,,
infobip-gpt-4-1-mini,GPT-4.1-mini,829,0.5,20,0.0,0.0,0.0,0.0,0.945,0.4801361950742755,0.4548649376938851,0.803157894736842,0.8115789473684212,0.0,0.0,0.0028885037550548816,20.0,22.04325396825397,0.9549999999999998,0.0027440785673021376,19.0,22.913809523809523,0.9149999999999998,,
infobip-gpt-4-1-mini,GPT-4.1-mini,829,1.0,20,0.0,0.0,0.0,0.0,0.96,0.6081584846453675,0.5903699555518441,0.8784210526315791,0.8726315789473686,0.0,0.0,0.003610629693818602,25.0,23.698194444444443,0.915,0.0033217793183131137,23.0,23.79890873015873,0.89,,
infobip-gpt-4-1-mini,GPT-4.1-mini,829,2.0,20,0.0,0.0,0.0,0.0,0.24,0.949617575407049,0.8446920331130857,0.5289473684210526,0.3668421052631579,0.0,0.08421052631578947,0.002455228191796649,17.0,19.778231292517006,0.22499999999999995,0.002455228191796649,17.0,19.778231292517006,0.22499999999999995,,
infobip-gpt-4-1-mini,GPT-4.1-mini,837,0.0,20,0.0,0.0,0.0,0.0,1.0,0.018181818181818177,0.018181818181818177,0.01,0.01,0.9,0.9,0.0015886770652801848,11.0,21.695000000000004,1.0,0.0015886770652801848,11.0,21.695000000000004,1.0,,
infobip-gpt-4-1-mini,GPT-4.1-mini,837,0.5,20,0.0,0.0,0.0,0.0,1.0,0.3214404017035596,0.3214404017035596,0.5378947368421053,0.5378947368421053,0.042105263157894736,0.042105263157894736,0.0030329289428076256,21.0,20.235000000000003,1.0,0.0030329289428076256,21.0,20.235000000000003,1.0,,
infobip-gpt-4-1-mini,GPT-4.1-mini,837,1.0,20,0.0,0.0,0.0,0.0,1.0,0.5426020230199796,0.5426020230199796,0.8052631578947371,0.8052631578947371,0.0,0.0,0.003755054881571346,26.0,19.919999999999998,1.0,0.003755054881571346,26.0,19.919999999999998,1.0,,
infobip-gpt-4-1-mini,GPT-4.1-mini,837,2.0,20,0.0,0.0,0.0,0.0,0.525,0.8195563093868455,0.769394460888269,0.6978947368421053,0.5957894736842105,0.005263157894736842,0.021052631578947368,0.005921432697862507,41.0,22.470138888888886,0.5599999999999999,0.004910456383593298,34.0,23.446210317460316,0.525,,
infobip-gpt-4-1-mini,GPT-4.1-mini,920,0.0,20,0.0,0.0,0.0,0.0,1.0,0.2820653031179347,0.2820653031179347,0.5184210526315789,0.5184210526315789,0.16842105263157894,0.16842105263157894,0.002310803004043905,16.0,53.05499999999999,0.96,0.002310803004043905,16.0,53.05499999999999,0.96,,
infobip-gpt-4-1-mini,GPT-4.1-mini,920,0.5,20,0.0,0.0,0.0,0.0,0.985,0.4238165343428501,0.4127602222339064,0.7515789473684211,0.7542105263157893,0.0,0.0,0.0028885037550548816,20.0,48.27180555555556,0.9649999999999999,0.0027440785673021376,19.0,47.734305555555565,0.96,,
infobip-gpt-4-1-mini,GPT-4.1-mini,920,1.0,20,0.0,0.0,0.0,0.0,0.9799999999999999,0.4905402646888714,0.4802224748935276,0.85,0.8415789473684212,0.0,0.0,0.0034662045060658577,24.0,49.88388888888889,0.9799999999999999,0.0033217793183131137,23.0,48.08986111111111,0.9599999999999997,,
infobip-gpt-4-1-mini,GPT-4.1-mini,920,2.0,20,0.0,0.0,0.0,0.0,0.4,0.9271698485552975,0.8480972901367636,0.7505263157894738,0.5721052631578948,0.005263157894736842,0.05263157894736842,0.00462160600808781,32.0,34.78650793650794,0.40499999999999997,0.004188330444829578,29.0,33.7973544973545,0.39,,
infobip-gpt-4-1-mini,GPT-4.1-mini,957,0.0,20,0.0,0.0,0.0,0.0,0.9799999999999999,0.27698073855968586,0.27046678467731095,0.4236842105263158,0.4226315789473684,0.42105263157894735,0.42105263157894735,0.002166377816291161,15.0,13.670972222222222,0.9799999999999999,0.002166377816291161,15.0,13.670972222222222,0.9799999999999999,,
infobip-gpt-4-1-mini,GPT-4.1-mini,957,0.5,20,0.0,0.0,0.0,0.0,0.9899999999999999,0.5044316824386483,0.5011653405074457,0.7426315789473685,0.7421052631578947,0.0,0.0,0.0031773541305603697,22.0,17.05611111111111,0.9949999999999999,0.0030329289428076256,21.0,17.09722222222222,0.9899999999999999,,
infobip-gpt-4-1-mini,GPT-4.1-mini,957,1.0,20,0.05,0.1582144737642392,0.05,0.1582144737642392,0.9649999999999999,0.6334918593799154,0.6145286724482587,0.8310526315789476,0.8242105263157896,0.0,0.0,0.004766031195840554,33.0,18.604444444444447,0.985,0.004332755632582322,30.0,16.903333333333336,0.9649999999999999,3.1642894752847837,3.1642894752847837
infobip-gpt-4-1-mini,GPT-4.1-mini,957,2.0,20,0.0766433990956823,0.19579824706120383,0.08065735963827292,0.20149988392072088,0.30999999999999994,0.9098888985111896,0.8554831571936835,0.5678947368421053,0.3989473684210527,0.0,0.015789473684210527,0.003755054881571346,26.0,23.276944444444446,0.32499999999999996,0.003610629693818602,25.0,18.913055555555555,0.30999999999999994,2.5546654946340204,2.4982206809694114
